curve_label,lmfdb_label,source,conductor,has_isogeny_3,has_isogeny_5,has_isogeny_7,isogeny_set_357,isogeny_degrees,a3,abs_a3_eq_3,failure_class,good_reduction_at_3,projective_point_count_at_3,nonsingular_projective_point_count_at_3,ecdata_aplist_a3_token
14a1,14.a6,CLZ20,14,True,False,False,3,1;2;3;6,-2,False,ISOGENY_ONLY,True,6,6,-2
26a1,26.a2,Zha16_no_2_tors,26,True,False,False,3,1;3,1,False,ISOGENY_ONLY,True,3,3,1
26b1,26.b2,Zha16_no_2_tors,26,False,False,True,7,1;7,-3,True,BOTH,True,7,7,-3
34a1,34.a4,CLZ20,34,True,False,False,3,1;2;3;6,-2,False,ISOGENY_ONLY,True,6,6,-2
35a1,35.a3,Zha16_no_2_tors,35,True,False,False,3,1;3,1,False,ISOGENY_ONLY,True,3,3,1
38a1,38.a3,Zha16_no_2_tors,38,True,False,False,3,1;3,1,False,ISOGENY_ONLY,True,3,3,1
38b1,38.b2,Zha16_no_2_tors,38,False,True,False,5,1;5,-1,False,ISOGENY_ONLY,True,5,5,-1
66c1,66.c3,CLZ20,66,False,True,False,5,1;2;5;10,1,False,ISOGENY_ONLY,False,3,2,-
106a1,106.c2,Zha16_no_2_tors,106,True,False,False,3,1;3,-2,False,ISOGENY_ONLY,True,6,6,-2
110b1,110.c1,Zha16_no_2_tors,110,True,False,False,3,1;3,1,False,ISOGENY_ONLY,True,3,3,1
110c1,110.a1,Zha16_no_2_tors,110,True,False,False,3,1;3,1,False,ISOGENY_ONLY,True,3,3,1
142d1,142.e2,Zha16_no_2_tors,142,True,False,False,3,1;3,1,False,ISOGENY_ONLY,True,3,3,1
142e1,142.c1,Zha16_no_2_tors,142,False,False,False,,1,3,True,A3_ONLY,True,1,1,3
170c1,170.e2,Zha16_no_2_tors,170,True,False,False,3,1;3,1,False,ISOGENY_ONLY,True,3,3,1
170d1,170.c1,Zha16_no_2_tors,170,True,False,False,3,1;3,1,False,ISOGENY_ONLY,True,3,3,1
170e1,170.d1,Zha16_no_2_tors,170,False,False,False,,1,3,True,A3_ONLY,True,1,1,3
174b1,174.e2,Zha16_no_2_tors,174,False,False,True,7,1;7,1,False,ISOGENY_ONLY,False,3,2,-
182b1,182.d3,Zha16_no_2_tors,182,True,False,False,3,1;3;9,1,False,ISOGENY_ONLY,True,3,3,1
182d1,182.e1,Zha16_no_2_tors,182,False,False,False,,1,3,True,A3_ONLY,True,1,1,3
182e1,182.b1,Zha16_no_2_tors,182,False,False,False,,1,3,True,A3_ONLY,True,1,1,3
186b1,186.c2,Zha16_no_2_tors,186,False,True,False,5,1;5,1,False,ISOGENY_ONLY,False,3,2,-
203a1,203.a2,Zha16_no_2_tors,203,False,True,False,5,1;5,-1,False,ISOGENY_ONLY,True,5,5,-1
246b1,246.g2,Zha16_no_2_tors,246,False,True,False,5,1;5,1,False,ISOGENY_ONLY,False,3,2,-
286a1,286.a1,Zha16_no_2_tors,286,True,False,False,3,1;3,-2,False,ISOGENY_ONLY,True,6,6,-2
323a1,323.a1,Zha16_no_2_tors,323,False,False,False,,1,3,True,A3_ONLY,True,1,1,3
326c1,326.a2,Zha16_no_2_tors,326,True,False,False,3,1;3,-2,False,ISOGENY_ONLY,True,6,6,-2
355a1,355.a2,Zha16_no_2_tors,355,True,False,False,3,1;3,-2,False,ISOGENY_ONLY,True,6,6,-2
358b1,358.b1,Zha16_no_2_tors,358,True,False,False,3,1;3,-2,False,ISOGENY_ONLY,True,6,6,-2
366b1,366.f2,Zha16_no_2_tors,366,False,True,False,5,1;5,1,False,ISOGENY_ONLY,False,3,2,-
370c1,370.a2,Zha16_no_2_tors,370,True,False,False,3,1;3,-2,False,ISOGENY_ONLY,True,6,6,-2
426a1,426.c2,Zha16_no_2_tors,426,False,True,False,5,1;5,1,False,ISOGENY_ONLY,False,3,2,-
434b1,434.d2,Zha16_no_2_tors,434,True,False,False,3,1;3;9,1,False,ISOGENY_ONLY,True,3,3,1
434e1,434.b1,Zha16_no_2_tors,434,False,False,False,,1,-3,True,A3_ONLY,True,7,7,-3
485a1,485.a2,Zha16_no_2_tors,485,True,False,False,3,1;3,-2,False,ISOGENY_ONLY,True,6,6,-2
506c1,506.b2,Zha16_no_2_tors,506,True,False,False,3,1;3,-2,False,ISOGENY_ONLY,True,6,6,-2
574e1,574.f1,Zha16_no_2_tors,574,False,False,False,,1,3,True,A3_ONLY,True,1,1,3
574j1,574.i2,Zha16_no_2_tors,574,False,True,False,5,1;5,-1,False,ISOGENY_ONLY,True,5,5,-1
602c1,602.c1,Zha16_no_2_tors,602,False,False,False,,1,3,True,A3_ONLY,True,1,1,3
606f1,606.f1,Zha16_no_2_tors,606,False,True,False,5,1;5,1,False,ISOGENY_ONLY,False,3,2,-
611a1,611.a1,Zha16_no_2_tors,611,False,False,False,,1,3,True,A3_ONLY,True,1,1,3
730b1,730.b2,Zha16_no_2_tors,730,True,False,False,3,1;3,-2,False,ISOGENY_ONLY,True,6,6,-2
730c1,730.g1,Zha16_no_2_tors,730,False,False,False,,1,3,True,A3_ONLY,True,1,1,3
730k1,730.k2,Zha16_no_2_tors,730,True,False,False,3,1;3,1,False,ISOGENY_ONLY,True,3,3,1
755e1,755.f1,Zha16_no_2_tors,755,False,False,False,,1,3,True,A3_ONLY,True,1,1,3
755f1,755.d1,Zha16_no_2_tors,755,False,False,False,,1,-3,True,A3_ONLY,True,7,7,-3
782d1,782.e1,Zha16_no_2_tors,782,False,False,False,,1,3,True,A3_ONLY,True,1,1,3
786m1,786.m2,Zha16_no_2_tors,786,False,True,False,5,1;5,1,False,ISOGENY_ONLY,False,3,2,-
874a1,874.c1,Zha16_no_2_tors,874,False,False,False,,1,3,True,A3_ONLY,True,1,1,3
874b1,874.a1,Zha16_no_2_tors,874,False,False,False,,1,-3,True,A3_ONLY,True,7,7,-3
874f1,874.f2,Zha16_no_2_tors,874,True,False,False,3,1;3,1,False,ISOGENY_ONLY,True,3,3,1
895b1,895.b1,Zha16_no_2_tors,895,False,False,False,,1,3,True,A3_ONLY,True,1,1,3
901c1,901.e2,Zha16_no_2_tors,901,True,False,False,3,1;3,1,False,ISOGENY_ONLY,True,3,3,1
923a1,923.a1,Zha16_no_2_tors,923,False,False,False,,1,3,True,A3_ONLY,True,1,1,3
934b1,934.b2,Zha16_no_2_tors,934,True,False,False,3,1;3,1,False,ISOGENY_ONLY,True,3,3,1
934c1,934.c1,Zha16_no_2_tors,934,False,False,False,,1,3,True,A3_ONLY,True,1,1,3
974d1,974.d1,Zha16_no_2_tors,974,False,False,False,,1,3,True,A3_ONLY,True,1,1,3
989a1,989.a1,Zha16_no_2_tors,989,False,False,False,,1,3,True,A3_ONLY,True,1,1,3
1042c1,1042.b2,Zha16_no_2_tors,1042,True,False,False,3,1;3,-2,False,ISOGENY_ONLY,True,6,6,-2
1070b1,1070.b1,Zha16_no_2_tors,1070,False,False,False,,1,3,True,A3_ONLY,True,1,1,3
1073b1,1073.b1,Zha16_no_2_tors,1073,False,False,False,,1,3,True,A3_ONLY,True,1,1,3
1090e1,1090.i1,Zha16_no_2_tors,1090,False,False,False,,1,3,True,A3_ONLY,True,1,1,3
1090h1,1090.f2,Zha16_no_2_tors,1090,True,False,False,3,1;3,1,False,ISOGENY_ONLY,True,3,3,1
1106c1,1106.d1,Zha16_no_2_tors,1106,False,False,False,,1,3,True,A3_ONLY,True,1,1,3
1118a1,1118.a2,Zha16_no_2_tors,1118,True,False,False,3,1;3;9,1,False,ISOGENY_ONLY,True,3,3,1
1169a1,1169.a1,Zha16_no_2_tors,1169,False,False,False,,1,3,True,A3_ONLY,True,1,1,3
1230k1,1230.k2,Zha16_no_2_tors,1230,False,False,True,7,1;7,1,False,ISOGENY_ONLY,False,3,2,-
1254k1,1254.j2,Zha16_no_2_tors,1254,False,True,False,5,1;5,1,False,ISOGENY_ONLY,False,3,2,-
1342c1,1342.b3,Zha16_no_2_tors,1342,False,True,False,5,1;5;25,-1,False,ISOGENY_ONLY,True,5,5,-1
1342d1,1342.d1,Zha16_no_2_tors,1342,False,False,False,,1,3,True,A3_ONLY,True,1,1,3
1379a1,1379.a1,Zha16_no_2_tors,1379,True,False,False,3,1;3,1,False,ISOGENY_ONLY,True,3,3,1
1426b1,1426.b4,CLZ20,1426,True,False,False,3,1;2;3;6,-2,False,ISOGENY_ONLY,True,6,6,-2
1442c1,1442.d1,Zha16_no_2_tors,1442,False,False,False,,1,3,True,A3_ONLY,True,1,1,3
1490b1,1490.c1,Zha16_no_2_tors,1490,False,False,False,,1,3,True,A3_ONLY,True,1,1,3
1495b1,1495.b1,Zha16_no_2_tors,1495,False,False,False,,1,3,True,A3_ONLY,True,1,1,3
1546a1,1546.a1,Zha16_no_2_tors,1546,False,False,False,,1,3,True,A3_ONLY,True,1,1,3
1595b1,1595.c1,Zha16_no_2_tors,1595,False,False,False,,1,-3,True,A3_ONLY,True,7,7,-3
1726b1,1726.b2,Zha16_no_2_tors,1726,True,False,False,3,1;3,-2,False,ISOGENY_ONLY,True,6,6,-2
1727a1,1727.b1,Zha16_no_2_tors,1727,False,False,False,,1,3,True,A3_ONLY,True,1,1,3
1730a1,1730.a1,Zha16_no_2_tors,1730,True,False,False,3,1;3,1,False,ISOGENY_ONLY,True,3,3,1
1771a1,1771.d1,Zha16_no_2_tors,1771,False,False,False,,1,-3,True,A3_ONLY,True,7,7,-3
1771c1,1771.c1,Zha16_no_2_tors,1771,True,False,False,3,1;3,-2,False,ISOGENY_ONLY,True,6,6,-2
1835a1,1835.a1,Zha16_no_2_tors,1835,False,False,False,,1,3,True,A3_ONLY,True,1,1,3
1866i1,1866.i2,Zha16_no_2_tors,1866,False,True,False,5,1;5,1,False,ISOGENY_ONLY,False,3,2,-
1914o1,1914.o1,Zha16_no_2_tors,1914,False,True,False,5,1;5,1,False,ISOGENY_ONLY,False,3,2,-
1955b1,1955.b1,Zha16_no_2_tors,1955,False,False,False,,1,3,True,A3_ONLY,True,1,1,3
1990d1,1990.c2,Zha16_no_2_tors,1990,True,False,False,3,1;3,-2,False,ISOGENY_ONLY,True,6,6,-2
2006f1,2006.f1,Zha16_no_2_tors,2006,False,False,False,,1,3,True,A3_ONLY,True,1,1,3
2090m1,2090.o2,Zha16_no_2_tors,2090,True,False,False,3,1;3,1,False,ISOGENY_ONLY,True,3,3,1
2105a1,2105.a1,Zha16_no_2_tors,2105,False,False,False,,1,3,True,A3_ONLY,True,1,1,3
2170d1,2170.h1,Zha16_no_2_tors,2170,False,False,False,,1,3,True,A3_ONLY,True,1,1,3
2170f1,2170.e2,Zha16_no_2_tors,2170,True,False,False,3,1;3,1,False,ISOGENY_ONLY,True,3,3,1
2173b1,2173.c1,Zha16_no_2_tors,2173,False,False,False,,1,3,True,A3_ONLY,True,1,1,3
2318e1,2318.d2,Zha16_no_2_tors,2318,False,True,False,5,1;5,-1,False,ISOGENY_ONLY,True,5,5,-1
2342b1,2342.c1,Zha16_no_2_tors,2342,False,False,False,,1,3,True,A3_ONLY,True,1,1,3
2365c1,2365.b1,Zha16_no_2_tors,2365,False,False,False,,1,3,True,A3_ONLY,True,1,1,3
2378b1,2378.c1,Zha16_no_2_tors,2378,False,False,False,,1,3,True,A3_ONLY,True,1,1,3
2390a1,2390.a1,Zha16_no_2_tors,2390,True,False,False,3,1;3,1,False,ISOGENY_ONLY,True,3,3,1
2390b1,2390.c1,Zha16_no_2_tors,2390,False,False,False,,1,3,True,A3_ONLY,True,1,1,3
2414c1,2414.e1,Zha16_no_2_tors,2414,True,False,False,3,1;3,1,False,ISOGENY_ONLY,True,3,3,1
2414g1,2414.g1,Zha16_no_2_tors,2414,False,False,False,,1,3,True,A3_ONLY,True,1,1,3
2435a1,2435.a1,Zha16_no_2_tors,2435,False,False,False,,1,3,True,A3_ONLY,True,1,1,3
2518c1,2518.c2,Zha16_no_2_tors,2518,True,False,False,3,1;3,-2,False,ISOGENY_ONLY,True,6,6,-2
2534f1,2534.i1,Zha16_no_2_tors,2534,False,False,False,,1,3,True,A3_ONLY,True,1,1,3
2534i1,2534.g2,Zha16_no_2_tors,2534,True,False,False,3,1;3,1,False,ISOGENY_ONLY,True,3,3,1
2563b1,2563.c2,Zha16_no_2_tors,2563,True,False,False,3,1;3,-2,False,ISOGENY_ONLY,True,6,6,-2
2590c1,2590.a2,Zha16_no_2_tors,2590,True,False,False,3,1;3;9,-2,False,ISOGENY_ONLY,True,6,6,-2
2627b1,2627.b1,Zha16_no_2_tors,2627,False,False,False,,1,3,True,A3_ONLY,True,1,1,3
2638c1,2638.a1,Zha16_no_2_tors,2638,False,False,False,,1,-3,True,A3_ONLY,True,7,7,-3
2681a1,2681.a1,Zha16_no_2_tors,2681,False,False,False,,1,3,True,A3_ONLY,True,1,1,3
2710f1,2710.e1,Zha16_no_2_tors,2710,True,False,False,3,1;3,-2,False,ISOGENY_ONLY,True,6,6,-2
2726c1,2726.a2,Zha16_no_2_tors,2726,True,False,False,3,1;3,-2,False,ISOGENY_ONLY,True,6,6,-2
2771a1,2771.a2,Zha16_no_2_tors,2771,True,False,False,3,1;3,1,False,ISOGENY_ONLY,True,3,3,1
2773a1,2773.a1,Zha16_no_2_tors,2773,False,False,False,,1,3,True,A3_ONLY,True,1,1,3
2822a1,2822.b1,Zha16_no_2_tors,2822,True,False,False,3,1;3,1,False,ISOGENY_ONLY,True,3,3,1
2834b1,2834.b1,Zha16_no_2_tors,2834,False,False,False,,1,3,True,A3_ONLY,True,1,1,3
2834d1,2834.e1,Zha16_no_2_tors,2834,False,False,False,,1,3,True,A3_ONLY,True,1,1,3
2846c1,2846.c1,Zha16_no_2_tors,2846,False,False,False,,1,3,True,A3_ONLY,True,1,1,3
2914e1,2914.h1,Zha16_no_2_tors,2914,False,False,False,,1,3,True,A3_ONLY,True,1,1,3
2915b1,2915.d1,Zha16_no_2_tors,2915,False,False,False,,1,3,True,A3_ONLY,True,1,1,3
2938c1,2938.a2,Zha16_no_2_tors,2938,True,False,False,3,1;3,-2,False,ISOGENY_ONLY,True,6,6,-2
2978a1,2978.a1,Zha16_no_2_tors,2978,False,False,False,,1,3,True,A3_ONLY,True,1,1,3
3014a1,3014.c1,Zha16_no_2_tors,3014,False,False,False,,1,3,True,A3_ONLY,True,1,1,3
3094h1,3094.e2,Zha16_no_2_tors,3094,True,False,False,3,1;3;9,-2,False,ISOGENY_ONLY,True,6,6,-2
3166b1,3166.c1,Zha16_no_2_tors,3166,False,False,False,,1,3,True,A3_ONLY,True,1,1,3
3190a1,3190.a2,Zha16_no_2_tors,3190,True,False,False,3,1;3,-2,False,ISOGENY_ONLY,True,6,6,-2
3230b1,3230.b2,Zha16_no_2_tors,3230,True,False,False,3,1;3,1,False,ISOGENY_ONLY,True,3,3,1
3230c1,3230.g1,Zha16_no_2_tors,3230,False,False,False,,1,3,True,A3_ONLY,True,1,1,3
3235b1,3235.b1,Zha16_no_2_tors,3235,True,False,False,3,1;3,-2,False,ISOGENY_ONLY,True,6,6,-2
3254b1,3254.b1,Zha16_no_2_tors,3254,False,False,False,,1,3,True,A3_ONLY,True,1,1,3
3266a1,3266.a1,Zha16_no_2_tors,3266,False,False,False,,1,-3,True,A3_ONLY,True,7,7,-3
3266d1,3266.b1,Zha16_no_2_tors,3266,False,False,False,,1,-3,True,A3_ONLY,True,7,7,-3
3278a1,3278.c1,Zha16_no_2_tors,3278,True,False,False,3,1;3,1,False,ISOGENY_ONLY,True,3,3,1
3278d1,3278.e1,Zha16_no_2_tors,3278,False,False,False,,1,3,True,A3_ONLY,True,1,1,3
3386a1,3386.a1,Zha16_no_2_tors,3386,False,False,False,,1,3,True,A3_ONLY,True,1,1,3
3421b1,3421.b1,Zha16_no_2_tors,3421,False,False,False,,1,3,True,A3_ONLY,True,1,1,3
3493b1,3493.a1,Zha16_no_2_tors,3493,False,False,False,,1,3,True,A3_ONLY,True,1,1,3
3514c1,3514.b2,Zha16_no_2_tors,3514,True,False,False,3,1;3,1,False,ISOGENY_ONLY,True,3,3,1
3590b1,3590.a2,Zha16_no_2_tors,3590,True,False,False,3,1;3,-2,False,ISOGENY_ONLY,True,6,6,-2
3605c1,3605.c3,Zha16_no_2_tors,3605,True,False,False,3,1;3;9,-2,False,ISOGENY_ONLY,True,6,6,-2
3670b1,3670.a1,Zha16_no_2_tors,3670,False,False,False,,1,-3,True,A3_ONLY,True,7,7,-3
3707a1,3707.a1,Zha16_no_2_tors,3707,False,False,False,,1,3,True,A3_ONLY,True,1,1,3
3770f1,3770.d1,Zha16_no_2_tors,3770,False,False,False,,1,-3,True,A3_ONLY,True,7,7,-3
3781a1,3781.a1,Zha16_no_2_tors,3781,False,False,False,,1,3,True,A3_ONLY,True,1,1,3
3962c1,3962.c3,Zha16_no_2_tors,3962,True,False,False,3,1;3;9,-2,False,ISOGENY_ONLY,True,6,6,-2
3995e1,3995.b1,Zha16_no_2_tors,3995,False,False,False,,1,3,True,A3_ONLY,True,1,1,3
4010b1,4010.d1,Zha16_no_2_tors,4010,False,False,False,,1,3,True,A3_ONLY,True,1,1,3
4011d1,4011.a2,Zha16_no_2_tors,4011,False,True,False,5,1;5,1,False,ISOGENY_ONLY,False,3,2,-
4042a1,4042.a1,Zha16_no_2_tors,4042,True,False,False,3,1;3,-2,False,ISOGENY_ONLY,True,6,6,-2
4045a1,4045.a2,Zha16_no_2_tors,4045,True,False,False,3,1;3,1,False,ISOGENY_ONLY,True,3,3,1
4066a1,4066.a1,Zha16_no_2_tors,4066,True,False,False,3,1;3,-2,False,ISOGENY_ONLY,True,6,6,-2
4070c1,4070.c1,Zha16_no_2_tors,4070,False,False,False,,1,3,True,A3_ONLY,True,1,1,3
4094d1,4094.d1,Zha16_no_2_tors,4094,False,False,False,,1,3,True,A3_ONLY,True,1,1,3
4154a1,4154.a1,Zha16_no_2_tors,4154,False,False,False,,1,3,True,A3_ONLY,True,1,1,3
4294c1,4294.e1,Zha16_no_2_tors,4294,False,False,False,,1,3,True,A3_ONLY,True,1,1,3
4294d1,4294.a1,Zha16_no_2_tors,4294,False,False,False,,1,-3,True,A3_ONLY,True,7,7,-3
4294h1,4294.f2,Zha16_no_2_tors,4294,True,False,False,3,1;3,-2,False,ISOGENY_ONLY,True,6,6,-2
4307b1,4307.a1,Zha16_no_2_tors,4307,False,False,False,,1,3,True,A3_ONLY,True,1,1,3
4387a1,4387.a2,Zha16_no_2_tors,4387,True,False,False,3,1;3,-2,False,ISOGENY_ONLY,True,6,6,-2
4389k1,4389.b2,Zha16_no_2_tors,4389,False,True,False,5,1;5,1,False,ISOGENY_ONLY,False,3,2,-
4403b1,4403.a1,Zha16_no_2_tors,4403,False,False,False,,1,-3,True,A3_ONLY,True,7,7,-3
4415a1,4415.b1,Zha16_no_2_tors,4415,False,False,False,,1,3,True,A3_ONLY,True,1,1,3
4499a1,4499.a1,Zha16_no_2_tors,4499,False,False,False,,1,-3,True,A3_ONLY,True,7,7,-3
4667a1,4667.a1,Zha16_no_2_tors,4667,True,False,False,3,1;3,1,False,ISOGENY_ONLY,True,3,3,1
4814d1,4814.d1,Zha16_no_2_tors,4814,False,False,False,,1,3,True,A3_ONLY,True,1,1,3
4822a1,4822.a1,Zha16_no_2_tors,4822,False,False,False,,1,3,True,A3_ONLY,True,1,1,3
4826c1,4826.b1,Zha16_no_2_tors,4826,True,False,False,3,1;3;9,1,False,ISOGENY_ONLY,True,3,3,1
4898b1,4898.b1,Zha16_no_2_tors,4898,False,False,False,,1,-3,True,A3_ONLY,True,7,7,-3
4898d1,4898.d1,Zha16_no_2_tors,4898,False,False,False,,1,3,True,A3_ONLY,True,1,1,3
4907a1,4907.c1,Zha16_no_2_tors,4907,True,False,False,3,1;3,1,False,ISOGENY_ONLY,True,3,3,1
4966a1,4966.a1,Zha16_no_2_tors,4966,False,False,False,,1,3,True,A3_ONLY,True,1,1,3
5010h1,5010.h2,Zha16_no_2_tors,5010,False,False,True,7,1;7,1,False,ISOGENY_ONLY,False,3,2,-
5014a1,5014.a1,Zha16_no_2_tors,5014,True,False,False,3,1;3,-2,False,ISOGENY_ONLY,True,6,6,-2
5030i1,5030.i1,Zha16_no_2_tors,5030,False,False,False,,1,3,True,A3_ONLY,True,1,1,3
5278c1,5278.a3,Zha16_no_2_tors,5278,True,False,False,3,1;3;9,-2,False,ISOGENY_ONLY,True,6,6,-2
5278g1,5278.d2,Zha16_no_2_tors,5278,True,False,False,3,1;3,-2,False,ISOGENY_ONLY,True,6,6,-2
5306d1,5306.d1,Zha16_no_2_tors,5306,True,False,False,3,1;3,1,False,ISOGENY_ONLY,True,3,3,1
5395b1,5395.b1,Zha16_no_2_tors,5395,True,False,False,3,1;3,-2,False,ISOGENY_ONLY,True,6,6,-2
5510f1,5510.b1,Zha16_no_2_tors,5510,False,False,False,,1,-3,True,A3_ONLY,True,7,7,-3
5510i1,5510.l1,Zha16_no_2_tors,5510,False,False,False,,1,3,True,A3_ONLY,True,1,1,3
5518a1,5518.a2,Zha16_no_2_tors,5518,True,False,False,3,1;3,-2,False,ISOGENY_ONLY,True,6,6,-2
5691g1,5691.a2,Zha16_no_2_tors,5691,False,True,False,5,1;5,1,False,ISOGENY_ONLY,False,3,2,-
5722b1,5722.c1,Zha16_no_2_tors,5722,False,False,False,,1,3,True,A3_ONLY,True,1,1,3
5845e1,5845.e1,Zha16_no_2_tors,5845,False,False,False,,1,3,True,A3_ONLY,True,1,1,3
5890d1,5890.a3,Zha16_no_2_tors,5890,True,False,False,3,1;3;9,-2,False,ISOGENY_ONLY,True,6,6,-2
5954d1,5954.f1,Zha16_no_2_tors,5954,False,False,False,,1,3,True,A3_ONLY,True,1,1,3
6130c1,6130.c1,Zha16_no_2_tors,6130,True,False,False,3,1;3,-2,False,ISOGENY_ONLY,True,6,6,-2
6179a1,6179.a1,Zha16_no_2_tors,6179,False,False,False,,1,3,True,A3_ONLY,True,1,1,3
6205b1,6205.b2,Zha16_no_2_tors,6205,True,False,False,3,1;3,1,False,ISOGENY_ONLY,True,3,3,1
6227c1,6227.a1,Zha16_no_2_tors,6227,False,False,False,,1,-3,True,A3_ONLY,True,7,7,-3
6290g1,6290.i1,Zha16_no_2_tors,6290,False,False,False,,1,3,True,A3_ONLY,True,1,1,3
6603b1,6603.a2,Zha16_no_2_tors,6603,False,True,False,5,1;5,1,False,ISOGENY_ONLY,False,3,2,-
6635a1,6635.a1,Zha16_no_2_tors,6635,False,False,False,,1,3,True,A3_ONLY,True,1,1,3
6670b1,6670.d1,Zha16_no_2_tors,6670,False,False,False,,1,3,True,A3_ONLY,True,1,1,3
6690j1,6690.j2,Zha16_no_2_tors,6690,False,False,True,7,1;7,1,False,ISOGENY_ONLY,False,3,2,-
6715b1,6715.c2,Zha16_no_2_tors,6715,True,False,False,3,1;3,-2,False,ISOGENY_ONLY,True,6,6,-2
6806e1,6806.f2,Zha16_no_2_tors,6806,True,False,False,3,1;3,-2,False,ISOGENY_ONLY,True,6,6,-2
6886a1,6886.a2,Zha16_no_2_tors,6886,True,False,False,3,1;3,-2,False,ISOGENY_ONLY,True,6,6,-2
6965c1,6965.a1,Zha16_no_2_tors,6965,False,False,False,,1,-3,True,A3_ONLY,True,7,7,-3
6974a1,6974.b1,Zha16_no_2_tors,6974,False,False,False,,1,3,True,A3_ONLY,True,1,1,3
7070i1,7070.j1,Zha16_no_2_tors,7070,False,False,False,,1,3,True,A3_ONLY,True,1,1,3
7130a1,7130.e1,Zha16_no_2_tors,7130,True,False,False,3,1;3,1,False,ISOGENY_ONLY,True,3,3,1
7130g1,7130.g1,Zha16_no_2_tors,7130,False,False,False,,1,-3,True,A3_ONLY,True,7,7,-3
7162b1,7162.b1,Zha16_no_2_tors,7162,True,False,False,3,1;3,-2,False,ISOGENY_ONLY,True,6,6,-2
7310c1,7310.a2,Zha16_no_2_tors,7310,True,False,False,3,1;3,-2,False,ISOGENY_ONLY,True,6,6,-2
7315b1,7315.b1,Zha16_no_2_tors,7315,True,False,False,3,1;3;9,-2,False,ISOGENY_ONLY,True,6,6,-2
7370j1,7370.g2,Zha16_no_2_tors,7370,True,False,False,3,1;3,1,False,ISOGENY_ONLY,True,3,3,1
7397a1,7397.a1,Zha16_no_2_tors,7397,False,False,False,,1,-3,True,A3_ONLY,True,7,7,-3
7471b1,7471.b1,Zha16_no_2_tors,7471,False,False,False,,1,3,True,A3_ONLY,True,1,1,3
7538b1,7538.b1,Zha16_no_2_tors,7538,False,False,False,,1,3,True,A3_ONLY,True,1,1,3
7598h1,7598.k1,Zha16_no_2_tors,7598,True,False,False,3,1;3,1,False,ISOGENY_ONLY,True,3,3,1
7610b1,7610.e1,Zha16_no_2_tors,7610,False,False,False,,1,3,True,A3_ONLY,True,1,1,3
7667a1,7667.a2,Zha16_no_2_tors,7667,True,False,False,3,1;3,1,False,ISOGENY_ONLY,True,3,3,1
7739a1,7739.a1,Zha16_no_2_tors,7739,False,False,False,,1,3,True,A3_ONLY,True,1,1,3
7802c1,7802.b1,Zha16_no_2_tors,7802,False,False,False,,1,-3,True,A3_ONLY,True,7,7,-3
7805c1,7805.c1,Zha16_no_2_tors,7805,False,False,False,,1,3,True,A3_ONLY,True,1,1,3
7811b1,7811.c1,Zha16_no_2_tors,7811,False,False,False,,1,3,True,A3_ONLY,True,1,1,3
7939a1,7939.a1,Zha16_no_2_tors,7939,True,False,False,3,1;3,-2,False,ISOGENY_ONLY,True,6,6,-2
8098a1,8098.a1,Zha16_no_2_tors,8098,False,False,False,,1,3,True,A3_ONLY,True,1,1,3
8098b1,8098.d2,Zha16_no_2_tors,8098,True,False,False,3,1;3,1,False,ISOGENY_ONLY,True,3,3,1
8099a1,8099.a1,Zha16_no_2_tors,8099,False,False,False,,1,3,True,A3_ONLY,True,1,1,3
8153a1,8153.a1,Zha16_no_2_tors,8153,False,False,False,,1,3,True,A3_ONLY,True,1,1,3
8194a1,8194.a1,Zha16_no_2_tors,8194,True,False,False,3,1;3,-2,False,ISOGENY_ONLY,True,6,6,-2
8270a1,8270.a1,Zha16_no_2_tors,8270,False,False,False,,1,3,True,A3_ONLY,True,1,1,3
8283j1,8283.a2,Zha16_no_2_tors,8283,False,True,False,5,1;5,1,False,ISOGENY_ONLY,False,3,2,-
8315a1,8315.a1,Zha16_no_2_tors,8315,False,False,False,,1,3,True,A3_ONLY,True,1,1,3
8323c1,8323.a1,Zha16_no_2_tors,8323,True,False,False,3,1;3,-2,False,ISOGENY_ONLY,True,6,6,-2
8342d1,8342.d1,Zha16_no_2_tors,8342,False,False,False,,1,3,True,A3_ONLY,True,1,1,3
8374f1,8374.f1,Zha16_no_2_tors,8374,False,False,False,,1,3,True,A3_ONLY,True,1,1,3
8414h1,8414.e2,Zha16_no_2_tors,8414,False,True,False,5,1;5,-1,False,ISOGENY_ONLY,True,5,5,-1
8437b1,8437.b2,Zha16_no_2_tors,8437,True,False,False,3,1;3,1,False,ISOGENY_ONLY,True,3,3,1
8510c1,8510.c1,Zha16_no_2_tors,8510,False,False,False,,1,3,True,A3_ONLY,True,1,1,3
8510f1,8510.g2,Zha16_no_2_tors,8510,True,False,False,3,1;3,1,False,ISOGENY_ONLY,True,3,3,1
8531a1,8531.a2,Zha16_no_2_tors,8531,True,False,False,3,1;3,1,False,ISOGENY_ONLY,True,3,3,1
8630a1,8630.a1,Zha16_no_2_tors,8630,False,False,False,,1,3,True,A3_ONLY,True,1,1,3
8806a1,8806.d1,Zha16_no_2_tors,8806,False,False,False,,1,3,True,A3_ONLY,True,1,1,3
8827c1,8827.c3,Zha16_no_2_tors,8827,True,False,False,3,1;3;9,-2,False,ISOGENY_ONLY,True,6,6,-2
8834d1,8834.f1,Zha16_no_2_tors,8834,False,False,False,,1,3,True,A3_ONLY,True,1,1,3
8834e1,8834.d2,Zha16_no_2_tors,8834,False,True,False,5,1;5,-1,False,ISOGENY_ONLY,True,5,5,-1
8890j1,8890.p1,Zha16_no_2_tors,8890,False,False,False,,1,3,True,A3_ONLY,True,1,1,3
8899a1,8899.a1,Zha16_no_2_tors,8899,True,False,False,3,1;3,-2,False,ISOGENY_ONLY,True,6,6,-2
8930l1,8930.i2,Zha16_no_2_tors,8930,True,False,False,3,1;3,-2,False,ISOGENY_ONLY,True,6,6,-2
9022a1,9022.a1,Zha16_no_2_tors,9022,True,False,False,3,1;3,-2,False,ISOGENY_ONLY,True,6,6,-2
9062a1,9062.a2,Zha16_no_2_tors,9062,True,False,False,3,1;3,-2,False,ISOGENY_ONLY,True,6,6,-2
9094a1,9094.a1,Zha16_no_2_tors,9094,False,False,False,,1,3,True,A3_ONLY,True,1,1,3
9253b1,9253.a1,Zha16_no_2_tors,9253,False,False,False,,1,-3,True,A3_ONLY,True,7,7,-3
9266c1,9266.e1,Zha16_no_2_tors,9266,True,False,False,3,1;3,1,False,ISOGENY_ONLY,True,3,3,1
9266f1,9266.f1,Zha16_no_2_tors,9266,False,False,False,,1,3,True,A3_ONLY,True,1,1,3
9286b1,9286.b2,Zha16_no_2_tors,9286,True,False,False,3,1;3,-2,False,ISOGENY_ONLY,True,6,6,-2
9394d1,9394.c2,Zha16_no_2_tors,9394,True,False,False,3,1;3,1,False,ISOGENY_ONLY,True,3,3,1
9394l1,9394.l3,Zha16_no_2_tors,9394,True,False,False,3,1;3;9,1,False,ISOGENY_ONLY,True,3,3,1
9566a1,9566.a1,Zha16_no_2_tors,9566,False,False,False,,1,-3,True,A3_ONLY,True,7,7,-3
9574e1,9574.e1,Zha16_no_2_tors,9574,True,False,False,3,1;3,-2,False,ISOGENY_ONLY,True,6,6,-2
9595a1,9595.a2,Zha16_no_2_tors,9595,True,False,False,3,1;3,-2,False,ISOGENY_ONLY,True,6,6,-2
9686d1,9686.d1,Zha16_no_2_tors,9686,False,False,False,,1,3,True,A3_ONLY,True,1,1,3
9718b1,9718.b2,Zha16_no_2_tors,9718,True,False,False,3,1;3,1,False,ISOGENY_ONLY,True,3,3,1
9766c1,9766.a1,Zha16_no_2_tors,9766,True,False,False,3,1;3,-2,False,ISOGENY_ONLY,True,6,6,-2
9805b1,9805.a1,Zha16_no_2_tors,9805,False,False,False,,1,3,True,A3_ONLY,True,1,1,3
9934g1,9934.e1,Zha16_no_2_tors,9934,True,False,False,3,1;3,-2,False,ISOGENY_ONLY,True,6,6,-2
9938a1,9938.a1,Zha16_no_2_tors,9938,False,False,False,,1,3,True,A3_ONLY,True,1,1,3
10010e1,10010.g1,Zha16_no_2_tors,10010,True,False,False,3,1;3,1,False,ISOGENY_ONLY,True,3,3,1
10010l1,10010.h1,Zha16_no_2_tors,10010,True,False,False,3,1;3;9,1,False,ISOGENY_ONLY,True,3,3,1
10010r1,10010.z1,Zha16_no_2_tors,10010,False,False,False,,1,3,True,A3_ONLY,True,1,1,3
10087b1,10087.b1,Zha16_no_2_tors,10087,False,False,False,,1,3,True,A3_ONLY,True,1,1,3
10087c1,10087.a1,Zha16_no_2_tors,10087,False,False,False,,1,3,True,A3_ONLY,True,1,1,3
10106a1,10106.a2,Zha16_no_2_tors,10106,True,False,False,3,1;3,-2,False,ISOGENY_ONLY,True,6,6,-2
10142a1,10142.a1,Zha16_no_2_tors,10142,False,False,False,,1,3,True,A3_ONLY,True,1,1,3
10306b1,10306.a1,Zha16_no_2_tors,10306,False,False,False,,1,-3,True,A3_ONLY,True,7,7,-3
10310b1,10310.b2,Zha16_no_2_tors,10310,True,False,False,3,1;3,-2,False,ISOGENY_ONLY,True,6,6,-2
10349b1,10349.a1,Zha16_no_2_tors,10349,False,False,False,,1,-3,True,A3_ONLY,True,7,7,-3
10370b1,10370.c2,Zha16_no_2_tors,10370,True,False,False,3,1;3,1,False,ISOGENY_ONLY,True,3,3,1
10370d1,10370.d1,Zha16_no_2_tors,10370,False,False,False,,1,3,True,A3_ONLY,True,1,1,3
10402f1,10402.f1,Zha16_no_2_tors,10402,False,False,False,,1,3,True,A3_ONLY,True,1,1,3
10470d1,10470.d1,Zha16_no_2_tors,10470,False,False,True,7,1;7,1,False,ISOGENY_ONLY,False,3,2,-
10538b1,10538.a2,Zha16_no_2_tors,10538,True,False,False,3,1;3,-2,False,ISOGENY_ONLY,True,6,6,-2
10598b1,10598.b1,Zha16_no_2_tors,10598,False,False,False,,1,3,True,A3_ONLY,True,1,1,3
10619a1,10619.a1,Zha16_no_2_tors,10619,False,False,False,,1,3,True,A3_ONLY,True,1,1,3
10621c1,10621.c3,Zha16_no_2_tors,10621,True,False,False,3,1;3;9,1,False,ISOGENY_ONLY,True,3,3,1
10762c1,10762.c1,Zha16_no_2_tors,10762,False,False,False,,1,3,True,A3_ONLY,True,1,1,3
10790j1,10790.i2,Zha16_no_2_tors,10790,True,False,False,3,1;3,1,False,ISOGENY_ONLY,True,3,3,1
10790k1,10790.k1,Zha16_no_2_tors,10790,False,False,False,,1,3,True,A3_ONLY,True,1,1,3
10802a1,10802.a1,Zha16_no_2_tors,10802,False,False,False,,1,3,True,A3_ONLY,True,1,1,3
10846a1,10846.a1,Zha16_no_2_tors,10846,False,False,False,,1,3,True,A3_ONLY,True,1,1,3
10846f1,10846.e2,Zha16_no_2_tors,10846,True,False,False,3,1;3,1,False,ISOGENY_ONLY,True,3,3,1
10990g1,10990.g3,Zha16_no_2_tors,10990,True,False,False,3,1;3;9,1,False,ISOGENY_ONLY,True,3,3,1
10990i1,10990.b2,Zha16_no_2_tors,10990,True,False,False,3,1;3,-2,False,ISOGENY_ONLY,True,6,6,-2
10994k1,10994.p1,Zha16_no_2_tors,10994,False,False,False,,1,3,True,A3_ONLY,True,1,1,3
11015a1,11015.a1,Zha16_no_2_tors,11015,False,False,False,,1,-3,True,A3_ONLY,True,7,7,-3
11170d1,11170.e2,Zha16_no_2_tors,11170,True,False,False,3,1;3,1,False,ISOGENY_ONLY,True,3,3,1
11219a1,11219.b1,Zha16_no_2_tors,11219,True,False,False,3,1;3,1,False,ISOGENY_ONLY,True,3,3,1
11267e1,11267.e1,Zha16_no_2_tors,11267,False,False,False,,1,-3,True,A3_ONLY,True,7,7,-3
11390c1,11390.a1,Zha16_no_2_tors,11390,False,False,False,,1,-3,True,A3_ONLY,True,7,7,-3
11390g1,11390.g1,Zha16_no_2_tors,11390,False,False,False,,1,3,True,A3_ONLY,True,1,1,3
11438a1,11438.a1,Zha16_no_2_tors,11438,False,False,False,,1,3,True,A3_ONLY,True,1,1,3
11590b1,11590.a1,Zha16_no_2_tors,11590,False,False,False,,1,-3,True,A3_ONLY,True,7,7,-3
11590o1,11590.m2,Zha16_no_2_tors,11590,True,False,False,3,1;3,1,False,ISOGENY_ONLY,True,3,3,1
11590r1,11590.r1,Zha16_no_2_tors,11590,False,False,False,,1,3,True,A3_ONLY,True,1,1,3
11609c1,11609.c1,Zha16_no_2_tors,11609,False,False,False,,1,3,True,A3_ONLY,True,1,1,3
11702a1,11702.a1,Zha16_no_2_tors,11702,False,False,False,,1,-3,True,A3_ONLY,True,7,7,-3
11795a1,11795.a1,Zha16_no_2_tors,11795,False,False,False,,1,3,True,A3_ONLY,True,1,1,3
11843a1,11843.b1,Zha16_no_2_tors,11843,False,False,False,,1,3,True,A3_ONLY,True,1,1,3
11914e1,11914.b3,Zha16_no_2_tors,11914,True,False,False,3,1;3;9,-2,False,ISOGENY_ONLY,True,6,6,-2
11965b1,11965.b1,Zha16_no_2_tors,11965,False,False,False,,1,3,True,A3_ONLY,True,1,1,3
12122b1,12122.b1,Zha16_no_2_tors,12122,True,False,False,3,1;3,1,False,ISOGENY_ONLY,True,3,3,1
12122c1,12122.c1,Zha16_no_2_tors,12122,False,False,False,,1,3,True,A3_ONLY,True,1,1,3
12122d1,12122.e2,Zha16_no_2_tors,12122,False,True,False,5,1;5,-1,False,ISOGENY_ONLY,True,5,5,-1
12155c1,12155.f1,Zha16_no_2_tors,12155,False,False,False,,1,3,True,A3_ONLY,True,1,1,3
12155f1,12155.g1,Zha16_no_2_tors,12155,False,False,False,,1,3,True,A3_ONLY,True,1,1,3
12194b1,12194.a1,Zha16_no_2_tors,12194,False,False,False,,1,-3,True,A3_ONLY,True,7,7,-3
12194d1,12194.b1,Zha16_no_2_tors,12194,True,False,False,3,1;3;9,1,False,ISOGENY_ONLY,True,3,3,1
12206a1,12206.a1,Zha16_no_2_tors,12206,False,False,False,,1,3,True,A3_ONLY,True,1,1,3
12310a1,12310.b1,Zha16_no_2_tors,12310,False,False,False,,1,3,True,A3_ONLY,True,1,1,3
12334b1,12334.a1,Zha16_no_2_tors,12334,True,False,False,3,1;3,-2,False,ISOGENY_ONLY,True,6,6,-2
12445b1,12445.e1,Zha16_no_2_tors,12445,False,False,False,,1,-3,True,A3_ONLY,True,7,7,-3
12458b1,12458.b1,Zha16_no_2_tors,12458,False,False,False,,1,3,True,A3_ONLY,True,1,1,3
12470b1,12470.f2,Zha16_no_2_tors,12470,True,False,False,3,1;3,1,False,ISOGENY_ONLY,True,3,3,1
12470f1,12470.a1,Zha16_no_2_tors,12470,False,False,False,,1,-3,True,A3_ONLY,True,7,7,-3
12530h1,12530.a2,Zha16_no_2_tors,12530,True,False,False,3,1;3,-2,False,ISOGENY_ONLY,True,6,6,-2
12643a1,12643.a2,Zha16_no_2_tors,12643,True,False,False,3,1;3,-2,False,ISOGENY_ONLY,True,6,6,-2
12683a1,12683.a1,Zha16_no_2_tors,12683,False,False,False,,1,3,True,A3_ONLY,True,1,1,3
12694b1,12694.b1,Zha16_no_2_tors,12694,False,False,False,,1,-3,True,A3_ONLY,True,7,7,-3
12731a1,12731.a1,Zha16_no_2_tors,12731,False,False,False,,1,3,True,A3_ONLY,True,1,1,3
12770b1,12770.b1,Zha16_no_2_tors,12770,False,False,False,,1,3,True,A3_ONLY,True,1,1,3
13045c1,13045.b2,Zha16_no_2_tors,13045,True,False,False,3,1;3,1,False,ISOGENY_ONLY,True,3,3,1
13090l1,13090.j2,Zha16_no_2_tors,13090,True,False,False,3,1;3,-2,False,ISOGENY_ONLY,True,6,6,-2
13090m1,13090.k1,Zha16_no_2_tors,13090,True,False,False,3,1;3,-2,False,ISOGENY_ONLY,True,6,6,-2
13283b1,13283.c1,Zha16_no_2_tors,13283,False,False,False,,1,3,True,A3_ONLY,True,1,1,3
13301a1,13301.a1,Zha16_no_2_tors,13301,False,False,False,,1,3,True,A3_ONLY,True,1,1,3
13390a1,13390.a1,Zha16_no_2_tors,13390,False,False,False,,1,-3,True,A3_ONLY,True,7,7,-3
13490c1,13490.e1,Zha16_no_2_tors,13490,False,False,False,,1,3,True,A3_ONLY,True,1,1,3
13510b1,13510.a1,Zha16_no_2_tors,13510,False,False,False,,1,-3,True,A3_ONLY,True,7,7,-3
13510f1,13510.f2,Zha16_no_2_tors,13510,True,False,False,3,1;3,1,False,ISOGENY_ONLY,True,3,3,1
13535b1,13535.a1,Zha16_no_2_tors,13535,False,False,False,,1,3,True,A3_ONLY,True,1,1,3
13610e1,13610.f2,Zha16_no_2_tors,13610,True,False,False,3,1;3,-2,False,ISOGENY_ONLY,True,6,6,-2
13634a1,13634.a1,Zha16_no_2_tors,13634,True,False,False,3,1;3,1,False,ISOGENY_ONLY,True,3,3,1
13663a1,13663.a1,Zha16_no_2_tors,13663,False,False,False,,1,3,True,A3_ONLY,True,1,1,3
13702c1,13702.i1,Zha16_no_2_tors,13702,False,False,False,,1,3,True,A3_ONLY,True,1,1,3
13826d1,13826.g1,Zha16_no_2_tors,13826,False,False,False,,1,3,True,A3_ONLY,True,1,1,3
13826e1,13826.f1,Zha16_no_2_tors,13826,True,False,False,3,1;3,1,False,ISOGENY_ONLY,True,3,3,1
13826f1,13826.e2,Zha16_no_2_tors,13826,False,True,False,5,1;5,-1,False,ISOGENY_ONLY,True,5,5,-1
13895b1,13895.b1,Zha16_no_2_tors,13895,False,False,False,,1,3,True,A3_ONLY,True,1,1,3
13930k1,13930.i3,Zha16_no_2_tors,13930,True,False,False,3,1;3;9,-2,False,ISOGENY_ONLY,True,6,6,-2
14042f1,14042.d2,Zha16_no_2_tors,14042,True,False,False,3,1;3,-2,False,ISOGENY_ONLY,True,6,6,-2
14077a1,14077.a1,Zha16_no_2_tors,14077,False,False,False,,1,3,True,A3_ONLY,True,1,1,3
14126a1,14126.a1,Zha16_no_2_tors,14126,False,False,False,,1,3,True,A3_ONLY,True,1,1,3
14141a1,14141.a1,Zha16_no_2_tors,14141,False,False,False,,1,3,True,A3_ONLY,True,1,1,3
14302a1,14302.a1,Zha16_no_2_tors,14302,False,False,False,,1,3,True,A3_ONLY,True,1,1,3
14315d1,14315.c3,Zha16_no_2_tors,14315,True,False,False,3,1;3;9,1,False,ISOGENY_ONLY,True,3,3,1
14331d1,14331.b2,Zha16_no_2_tors,14331,False,True,False,5,1;5,1,False,ISOGENY_ONLY,False,3,2,-
14383a1,14383.a1,Zha16_no_2_tors,14383,False,False,False,,1,-3,True,A3_ONLY,True,7,7,-3
14395a1,14395.a1,Zha16_no_2_tors,14395,True,False,False,3,1;3,-2,False,ISOGENY_ONLY,True,6,6,-2
14507a1,14507.a1,Zha16_no_2_tors,14507,False,False,False,,1,3,True,A3_ONLY,True,1,1,3
14726b1,14726.b2,Zha16_no_2_tors,14726,True,False,False,3,1;3,-2,False,ISOGENY_ONLY,True,6,6,-2
14770e1,14770.a1,Zha16_no_2_tors,14770,True,False,False,3,1;3,-2,False,ISOGENY_ONLY,True,6,6,-2
14770i1,14770.j1,Zha16_no_2_tors,14770,False,False,False,,1,3,True,A3_ONLY,True,1,1,3
14777a1,14777.a1,Zha16_no_2_tors,14777,False,False,False,,1,3,True,A3_ONLY,True,1,1,3
14938i1,14938.l1,Zha16_no_2_tors,14938,False,False,False,,1,3,True,A3_ONLY,True,1,1,3
14938m1,14938.a1,Zha16_no_2_tors,14938,False,False,False,,1,-3,True,A3_ONLY,True,7,7,-3
15011a1,15011.a1,Zha16_no_2_tors,15011,False,False,False,,1,-3,True,A3_ONLY,True,7,7,-3
15062g1,15062.g1,Zha16_no_2_tors,15062,False,False,False,,1,3,True,A3_ONLY,True,1,1,3
15070a1,15070.a1,Zha16_no_2_tors,15070,False,False,False,,1,-3,True,A3_ONLY,True,7,7,-3
15074a1,15074.a1,Zha16_no_2_tors,15074,False,False,False,,1,-3,True,A3_ONLY,True,7,7,-3
15155c1,15155.c2,Zha16_no_2_tors,15155,True,False,False,3,1;3,1,False,ISOGENY_ONLY,True,3,3,1
15158d1,15158.b1,Zha16_no_2_tors,15158,False,False,False,,1,-3,True,A3_ONLY,True,7,7,-3
15314e1,15314.f2,Zha16_no_2_tors,15314,True,False,False,3,1;3,1,False,ISOGENY_ONLY,True,3,3,1
15458a1,15458.a2,Zha16_no_2_tors,15458,True,False,False,3,1;3,1,False,ISOGENY_ONLY,True,3,3,1
15515a1,15515.b2,Zha16_no_2_tors,15515,True,False,False,3,1;3,1,False,ISOGENY_ONLY,True,3,3,1
15598a1,15598.b2,Zha16_no_2_tors,15598,True,False,False,3,1;3,1,False,ISOGENY_ONLY,True,3,3,1
15686f1,15686.g1,Zha16_no_2_tors,15686,False,False,False,,1,3,True,A3_ONLY,True,1,1,3
15755b1,15755.c1,Zha16_no_2_tors,15755,True,False,False,3,1;3,1,False,ISOGENY_ONLY,True,3,3,1
15770a1,15770.a1,Zha16_no_2_tors,15770,False,False,False,,1,-3,True,A3_ONLY,True,7,7,-3
15782b1,15782.a1,Zha16_no_2_tors,15782,False,False,False,,1,-3,True,A3_ONLY,True,7,7,-3
15947a1,15947.a1,Zha16_no_2_tors,15947,False,False,False,,1,-3,True,A3_ONLY,True,7,7,-3
16019a1,16019.a1,Zha16_no_2_tors,16019,False,False,False,,1,3,True,A3_ONLY,True,1,1,3
16070b1,16070.c1,Zha16_no_2_tors,16070,False,False,False,,1,3,True,A3_ONLY,True,1,1,3
16109b1,16109.b1,Zha16_no_2_tors,16109,False,False,False,,1,3,True,A3_ONLY,True,1,1,3
16238h1,16238.h1,Zha16_no_2_tors,16238,False,False,False,,1,3,True,A3_ONLY,True,1,1,3
16330b1,16330.c2,Zha16_no_2_tors,16330,True,False,False,3,1;3,1,False,ISOGENY_ONLY,True,3,3,1
16354c1,16354.a1,Zha16_no_2_tors,16354,False,False,False,,1,-3,True,A3_ONLY,True,7,7,-3
16354e1,16354.h2,Zha16_no_2_tors,16354,True,False,False,3,1;3,1,False,ISOGENY_ONLY,True,3,3,1
16507a1,16507.a1,Zha16_no_2_tors,16507,True,False,False,3,1;3,-2,False,ISOGENY_ONLY,True,6,6,-2
16555f1,16555.d3,Zha16_no_2_tors,16555,True,False,False,3,1;3;9,-2,False,ISOGENY_ONLY,True,6,6,-2
16702a1,16702.a1,Zha16_no_2_tors,16702,True,False,False,3,1;3,-2,False,ISOGENY_ONLY,True,6,6,-2
16715a1,16715.a1,Zha16_no_2_tors,16715,False,False,False,,1,3,True,A3_ONLY,True,1,1,3
16730f1,16730.f1,Zha16_no_2_tors,16730,False,False,False,,1,-3,True,A3_ONLY,True,7,7,-3
16738b1,16738.a1,Zha16_no_2_tors,16738,True,False,False,3,1;3,-2,False,ISOGENY_ONLY,True,6,6,-2
16870b1,16870.a3,Zha16_no_2_tors,16870,True,False,False,3,1;3;9,-2,False,ISOGENY_ONLY,True,6,6,-2
16910f1,16910.c2,Zha16_no_2_tors,16910,True,False,False,3,1;3,-2,False,ISOGENY_ONLY,True,6,6,-2
16922a1,16922.a1,Zha16_no_2_tors,16922,False,False,False,,1,3,True,A3_ONLY,True,1,1,3
17030e1,17030.e2,Zha16_no_2_tors,17030,True,False,False,3,1;3,-2,False,ISOGENY_ONLY,True,6,6,-2
17153a1,17153.a1,Zha16_no_2_tors,17153,False,False,False,,1,3,True,A3_ONLY,True,1,1,3
17195a1,17195.a2,Zha16_no_2_tors,17195,True,False,False,3,1;3;9,1,False,ISOGENY_ONLY,True,3,3,1
17482a1,17482.a1,Zha16_no_2_tors,17482,False,False,False,,1,3,True,A3_ONLY,True,1,1,3
17507d1,17507.k1,Zha16_no_2_tors,17507,False,False,False,,1,3,True,A3_ONLY,True,1,1,3
17507g1,17507.e1,Zha16_no_2_tors,17507,False,False,False,,1,-3,True,A3_ONLY,True,7,7,-3
17722a1,17722.a1,Zha16_no_2_tors,17722,False,False,False,,1,3,True,A3_ONLY,True,1,1,3
17822f1,17822.a2,Zha16_no_2_tors,17822,True,False,False,3,1;3,-2,False,ISOGENY_ONLY,True,6,6,-2
17905c1,17905.e1,Zha16_no_2_tors,17905,False,False,False,,1,3,True,A3_ONLY,True,1,1,3
17966c1,17966.c1,Zha16_no_2_tors,17966,False,False,False,,1,3,True,A3_ONLY,True,1,1,3
18086a1,18086.a1,Zha16_no_2_tors,18086,False,False,False,,1,-3,True,A3_ONLY,True,7,7,-3
18246e1,18246.e1,Zha16_no_2_tors,18246,False,True,False,5,1;5,1,False,ISOGENY_ONLY,False,3,2,-
18362a1,18362.a1,Zha16_no_2_tors,18362,False,False,False,,1,3,True,A3_ONLY,True,1,1,3
18395a1,18395.a1,Zha16_no_2_tors,18395,False,False,False,,1,3,True,A3_ONLY,True,1,1,3
18458d1,18458.e2,Zha16_no_2_tors,18458,True,False,False,3,1;3,1,False,ISOGENY_ONLY,True,3,3,1
18506b1,18506.b1,Zha16_no_2_tors,18506,False,False,False,,1,3,True,A3_ONLY,True,1,1,3
18518a1,18518.a1,Zha16_no_2_tors,18518,False,False,False,,1,3,True,A3_ONLY,True,1,1,3
18538g1,18538.a1,Zha16_no_2_tors,18538,False,False,False,,1,-3,True,A3_ONLY,True,7,7,-3
18611a1,18611.a1,Zha16_no_2_tors,18611,False,False,False,,1,3,True,A3_ONLY,True,1,1,3
18613a1,18613.b1,Zha16_no_2_tors,18613,False,False,False,,1,3,True,A3_ONLY,True,1,1,3
18655e1,18655.f1,Zha16_no_2_tors,18655,False,False,False,,1,-3,True,A3_ONLY,True,7,7,-3
18685a1,18685.a1,Zha16_no_2_tors,18685,False,False,False,,1,-3,True,A3_ONLY,True,7,7,-3
18781a1,18781.a1,Zha16_no_2_tors,18781,False,False,False,,1,3,True,A3_ONLY,True,1,1,3
18851a1,18851.a1,Zha16_no_2_tors,18851,False,False,False,,1,3,True,A3_ONLY,True,1,1,3
18858j1,18858.i2,Zha16_no_2_tors,18858,False,True,False,5,1;5,1,False,ISOGENY_ONLY,False,3,2,-
18974b1,18974.a1,Zha16_no_2_tors,18974,True,False,False,3,1;3,1,False,ISOGENY_ONLY,True,3,3,1
19090f1,19090.g1,Zha16_no_2_tors,19090,False,False,False,,1,3,True,A3_ONLY,True,1,1,3
19189b1,19189.b2,Zha16_no_2_tors,19189,False,True,False,5,1;5,-1,False,ISOGENY_ONLY,True,5,5,-1
19270e1,19270.a1,Zha16_no_2_tors,19270,False,False,False,,1,-3,True,A3_ONLY,True,7,7,-3
19490c1,19490.d1,Zha16_no_2_tors,19490,False,False,False,,1,3,True,A3_ONLY,True,1,1,3
19586a1,19586.a1,Zha16_no_2_tors,19586,False,False,False,,1,3,True,A3_ONLY,True,1,1,3
19610b1,19610.e1,Zha16_no_2_tors,19610,False,False,False,,1,3,True,A3_ONLY,True,1,1,3
19610d1,19610.c2,Zha16_no_2_tors,19610,True,False,False,3,1;3,1,False,ISOGENY_ONLY,True,3,3,1
19694a1,19694.a1,Zha16_no_2_tors,19694,False,False,False,,1,3,True,A3_ONLY,True,1,1,3
19805a1,19805.a2,Zha16_no_2_tors,19805,True,False,False,3,1;3,-2,False,ISOGENY_ONLY,True,6,6,-2
19826c1,19826.b1,Zha16_no_2_tors,19826,False,False,False,,1,-3,True,A3_ONLY,True,7,7,-3
19870a1,19870.a2,Zha16_no_2_tors,19870,True,False,False,3,1;3,1,False,ISOGENY_ONLY,True,3,3,1
20422a1,20422.a1,Zha16_no_2_tors,20422,False,False,False,,1,3,True,A3_ONLY,True,1,1,3
20462b1,20462.a1,Zha16_no_2_tors,20462,False,False,False,,1,3,True,A3_ONLY,True,1,1,3
20582a1,20582.a2,Zha16_no_2_tors,20582,True,False,False,3,1;3,-2,False,ISOGENY_ONLY,True,6,6,-2
20614a1,20614.a1,Zha16_no_2_tors,20614,True,False,False,3,1;3,-2,False,ISOGENY_ONLY,True,6,6,-2
20621a1,20621.c2,Zha16_no_2_tors,20621,True,False,False,3,1;3,-2,False,ISOGENY_ONLY,True,6,6,-2
20630a1,20630.b1,Zha16_no_2_tors,20630,False,False,False,,1,3,True,A3_ONLY,True,1,1,3
20630c1,20630.c1,Zha16_no_2_tors,20630,True,False,False,3,1;3,1,False,ISOGENY_ONLY,True,3,3,1
20851a1,20851.a2,Zha16_no_2_tors,20851,True,False,False,3,1;3,-2,False,ISOGENY_ONLY,True,6,6,-2
20878d1,20878.e2,Zha16_no_2_tors,20878,True,False,False,3,1;3,-2,False,ISOGENY_ONLY,True,6,6,-2
20962c1,20962.g1,Zha16_no_2_tors,20962,False,False,False,,1,3,True,A3_ONLY,True,1,1,3
21130d1,21130.d1,Zha16_no_2_tors,21130,False,False,False,,1,3,True,A3_ONLY,True,1,1,3
21170d1,21170.d1,Zha16_no_2_tors,21170,False,False,False,,1,3,True,A3_ONLY,True,1,1,3
21194a1,21194.a1,Zha16_no_2_tors,21194,False,False,False,,1,3,True,A3_ONLY,True,1,1,3
21230c1,21230.d1,Zha16_no_2_tors,21230,False,False,False,,1,3,True,A3_ONLY,True,1,1,3
21230d1,21230.c2,Zha16_no_2_tors,21230,True,False,False,3,1;3,1,False,ISOGENY_ONLY,True,3,3,1
21230e1,21230.e1,Zha16_no_2_tors,21230,False,False,False,,1,3,True,A3_ONLY,True,1,1,3
21314a1,21314.a1,Zha16_no_2_tors,21314,False,False,False,,1,3,True,A3_ONLY,True,1,1,3
21362b1,21362.a1,Zha16_no_2_tors,21362,False,False,False,,1,-3,True,A3_ONLY,True,7,7,-3
21490f1,21490.g1,Zha16_no_2_tors,21490,False,False,False,,1,3,True,A3_ONLY,True,1,1,3
21614a1,21614.a1,Zha16_no_2_tors,21614,True,False,False,3,1;3,1,False,ISOGENY_ONLY,True,3,3,1
21634c1,21634.c1,Zha16_no_2_tors,21634,False,False,False,,1,3,True,A3_ONLY,True,1,1,3
21662a1,21662.a1,Zha16_no_2_tors,21662,False,False,False,,1,3,True,A3_ONLY,True,1,1,3
21827b1,21827.b2,Zha16_no_2_tors,21827,True,False,False,3,1;3,1,False,ISOGENY_ONLY,True,3,3,1
22034b1,22034.b1,Zha16_no_2_tors,22034,False,False,False,,1,3,True,A3_ONLY,True,1,1,3
22078d1,22078.c2,Zha16_no_2_tors,22078,True,False,False,3,1;3,1,False,ISOGENY_ONLY,True,3,3,1
22262a1,22262.a1,Zha16_no_2_tors,22262,False,False,False,,1,3,True,A3_ONLY,True,1,1,3
22310d1,22310.d2,Zha16_no_2_tors,22310,True,False,False,3,1;3,1,False,ISOGENY_ONLY,True,3,3,1
22570h1,22570.f1,Zha16_no_2_tors,22570,True,False,False,3,1;3,-2,False,ISOGENY_ONLY,True,6,6,-2
22670b1,22670.b1,Zha16_no_2_tors,22670,False,False,False,,1,3,True,A3_ONLY,True,1,1,3
22678b1,22678.a2,Zha16_no_2_tors,22678,True,False,False,3,1;3,-2,False,ISOGENY_ONLY,True,6,6,-2
22715b1,22715.b1,Zha16_no_2_tors,22715,False,False,False,,1,3,True,A3_ONLY,True,1,1,3
22843a1,22843.a2,Zha16_no_2_tors,22843,True,False,False,3,1;3,-2,False,ISOGENY_ONLY,True,6,6,-2
22862e1,22862.f1,Zha16_no_2_tors,22862,False,False,False,,1,3,True,A3_ONLY,True,1,1,3
22931a1,22931.a1,Zha16_no_2_tors,22931,False,False,False,,1,3,True,A3_ONLY,True,1,1,3
22971d1,22971.a1,Zha16_no_2_tors,22971,False,True,False,5,1;5,1,False,ISOGENY_ONLY,False,3,2,-
23042c1,23042.c1,Zha16_no_2_tors,23042,False,False,False,,1,3,True,A3_ONLY,True,1,1,3
23219a1,23219.b1,Zha16_no_2_tors,23219,False,False,False,,1,3,True,A3_ONLY,True,1,1,3
23254g1,23254.d3,Zha16_no_2_tors,23254,True,False,False,3,1;3;9,-2,False,ISOGENY_ONLY,True,6,6,-2
23270f1,23270.h1,Zha16_no_2_tors,23270,False,False,False,,1,3,True,A3_ONLY,True,1,1,3
23426b1,23426.a1,Zha16_no_2_tors,23426,False,False,False,,1,-3,True,A3_ONLY,True,7,7,-3
23435a1,23435.a1,Zha16_no_2_tors,23435,False,False,False,,1,3,True,A3_ONLY,True,1,1,3
23506m1,23506.n1,Zha16_no_2_tors,23506,False,False,False,,1,3,True,A3_ONLY,True,1,1,3
23694k1,23694.k2,Zha16_no_2_tors,23694,False,True,False,5,1;5,1,False,ISOGENY_ONLY,False,3,2,-
23770a1,23770.b2,Zha16_no_2_tors,23770,True,False,False,3,1;3,1,False,ISOGENY_ONLY,True,3,3,1
23902d1,23902.e3,Zha16_no_2_tors,23902,True,False,False,3,1;3;9,1,False,ISOGENY_ONLY,True,3,3,1
24014a1,24014.a1,Zha16_no_2_tors,24014,False,False,False,,1,-3,True,A3_ONLY,True,7,7,-3
24035d1,24035.a1,Zha16_no_2_tors,24035,False,False,False,,1,3,True,A3_ONLY,True,1,1,3
24221a1,24221.a1,Zha16_no_2_tors,24221,False,False,False,,1,3,True,A3_ONLY,True,1,1,3
24310c1,24310.a1,Zha16_no_2_tors,24310,False,False,False,,1,-3,True,A3_ONLY,True,7,7,-3
24310j1,24310.b1,Zha16_no_2_tors,24310,False,False,False,,1,-3,True,A3_ONLY,True,7,7,-3
24310s1,24310.r1,Zha16_no_2_tors,24310,False,False,False,,1,-3,True,A3_ONLY,True,7,7,-3
24518d1,24518.c1,Zha16_no_2_tors,24518,False,False,False,,1,-3,True,A3_ONLY,True,7,7,-3
24635a1,24635.a1,Zha16_no_2_tors,24635,False,False,False,,1,-3,True,A3_ONLY,True,7,7,-3
24670a1,24670.a1,Zha16_no_2_tors,24670,True,False,False,3,1;3,-2,False,ISOGENY_ONLY,True,6,6,-2
24766d1,24766.d1,Zha16_no_2_tors,24766,True,False,False,3,1;3;9,-2,False,ISOGENY_ONLY,True,6,6,-2
24779a1,24779.a1,Zha16_no_2_tors,24779,False,False,False,,1,-3,True,A3_ONLY,True,7,7,-3
24827a1,24827.a1,Zha16_no_2_tors,24827,False,False,False,,1,3,True,A3_ONLY,True,1,1,3
24910i1,24910.a1,Zha16_no_2_tors,24910,False,False,False,,1,-3,True,A3_ONLY,True,7,7,-3
25010b1,25010.c1,Zha16_no_2_tors,25010,True,False,False,3,1;3,1,False,ISOGENY_ONLY,True,3,3,1
25190b1,25190.d1,Zha16_no_2_tors,25190,False,False,False,,1,3,True,A3_ONLY,True,1,1,3
25246a1,25246.a1,Zha16_no_2_tors,25246,False,False,False,,1,-3,True,A3_ONLY,True,7,7,-3
25255a1,25255.a1,Zha16_no_2_tors,25255,False,False,False,,1,3,True,A3_ONLY,True,1,1,3
25390c1,25390.b2,Zha16_no_2_tors,25390,True,False,False,3,1;3,1,False,ISOGENY_ONLY,True,3,3,1
25705c1,25705.e1,Zha16_no_2_tors,25705,False,False,False,,1,3,True,A3_ONLY,True,1,1,3
25705d1,25705.b1,Zha16_no_2_tors,25705,False,False,False,,1,-3,True,A3_ONLY,True,7,7,-3
25714d1,25714.c2,Zha16_no_2_tors,25714,True,False,False,3,1;3,-2,False,ISOGENY_ONLY,True,6,6,-2
25789b1,25789.b1,Zha16_no_2_tors,25789,False,False,False,,1,3,True,A3_ONLY,True,1,1,3
25883b1,25883.a1,Zha16_no_2_tors,25883,False,False,False,,1,3,True,A3_ONLY,True,1,1,3
25949b1,25949.c1,Zha16_no_2_tors,25949,False,False,False,,1,-3,True,A3_ONLY,True,7,7,-3
25955f1,25955.f1,Zha16_no_2_tors,25955,False,False,False,,1,3,True,A3_ONLY,True,1,1,3
25973b1,25973.b1,Zha16_no_2_tors,25973,False,False,False,,1,3,True,A3_ONLY,True,1,1,3
25978b1,25978.a1,Zha16_no_2_tors,25978,True,False,False,3,1;3,-2,False,ISOGENY_ONLY,True,6,6,-2
26077a1,26077.a2,Zha16_no_2_tors,26077,True,False,False,3,1;3,1,False,ISOGENY_ONLY,True,3,3,1
26098c1,26098.c1,Zha16_no_2_tors,26098,False,False,False,,1,3,True,A3_ONLY,True,1,1,3
26201a1,26201.a1,Zha16_no_2_tors,26201,False,False,False,,1,3,True,A3_ONLY,True,1,1,3
26222d1,26222.d1,Zha16_no_2_tors,26222,False,False,False,,1,3,True,A3_ONLY,True,1,1,3
26230b1,26230.a2,Zha16_no_2_tors,26230,True,False,False,3,1;3,-2,False,ISOGENY_ONLY,True,6,6,-2
26234c1,26234.d1,Zha16_no_2_tors,26234,False,False,False,,1,3,True,A3_ONLY,True,1,1,3
26234e1,26234.i1,Zha16_no_2_tors,26234,False,False,False,,1,3,True,A3_ONLY,True,1,1,3
26246d1,26246.d1,Zha16_no_2_tors,26246,False,False,False,,1,3,True,A3_ONLY,True,1,1,3
26282a1,26282.a2,Zha16_no_2_tors,26282,True,False,False,3,1;3,1,False,ISOGENY_ONLY,True,3,3,1
26282b1,26282.c1,Zha16_no_2_tors,26282,False,False,False,,1,3,True,A3_ONLY,True,1,1,3
26306d1,26306.d1,Zha16_no_2_tors,26306,False,False,False,,1,3,True,A3_ONLY,True,1,1,3
26422c1,26422.c1,Zha16_no_2_tors,26422,False,False,False,,1,3,True,A3_ONLY,True,1,1,3
26474c1,26474.b3,Zha16_no_2_tors,26474,True,False,False,3,1;3;9,-2,False,ISOGENY_ONLY,True,6,6,-2
26510d1,26510.f1,Zha16_no_2_tors,26510,False,False,False,,1,3,True,A3_ONLY,True,1,1,3
26534a1,26534.a1,Zha16_no_2_tors,26534,False,False,False,,1,3,True,A3_ONLY,True,1,1,3
26738e1,26738.f1,Zha16_no_2_tors,26738,False,False,False,,1,3,True,A3_ONLY,True,1,1,3
26753a1,26753.a1,Zha16_no_2_tors,26753,False,False,False,,1,3,True,A3_ONLY,True,1,1,3
26945a1,26945.b1,Zha16_no_2_tors,26945,False,False,False,,1,3,True,A3_ONLY,True,1,1,3
26962j1,26962.g3,Zha16_no_2_tors,26962,True,False,False,3,1;3;9,-2,False,ISOGENY_ONLY,True,6,6,-2
27013c1,27013.e1,Zha16_no_2_tors,27013,False,False,False,,1,3,True,A3_ONLY,True,1,1,3
27170bb1,27170.bc1,Zha16_no_2_tors,27170,False,False,False,,1,3,True,A3_ONLY,True,1,1,3
27170m1,27170.y1,Zha16_no_2_tors,27170,True,False,False,3,1;3,1,False,ISOGENY_ONLY,True,3,3,1
27170u1,27170.bb1,Zha16_no_2_tors,27170,False,False,False,,1,3,True,A3_ONLY,True,1,1,3
27289c1,27289.a1,Zha16_no_2_tors,27289,False,False,False,,1,3,True,A3_ONLY,True,1,1,3
27590g1,27590.a1,Zha16_no_2_tors,27590,False,False,False,,1,-3,True,A3_ONLY,True,7,7,-3
27595a1,27595.d1,Zha16_no_2_tors,27595,False,False,False,,1,3,True,A3_ONLY,True,1,1,3
27595c1,27595.b1,Zha16_no_2_tors,27595,False,False,False,,1,3,True,A3_ONLY,True,1,1,3
27854d1,27854.d1,Zha16_no_2_tors,27854,False,False,False,,1,3,True,A3_ONLY,True,1,1,3
27898h1,27898.f2,Zha16_no_2_tors,27898,True,False,False,3,1;3;9,-2,False,ISOGENY_ONLY,True,6,6,-2
27907b1,27907.b2,Zha16_no_2_tors,27907,True,False,False,3,1;3,-2,False,ISOGENY_ONLY,True,6,6,-2
27910c1,27910.d3,Zha16_no_2_tors,27910,True,False,False,3,1;3;9,1,False,ISOGENY_ONLY,True,3,3,1
27910d1,27910.c1,Zha16_no_2_tors,27910,False,False,False,,1,-3,True,A3_ONLY,True,7,7,-3
27931a1,27931.c1,Zha16_no_2_tors,27931,True,False,False,3,1;3,-2,False,ISOGENY_ONLY,True,6,6,-2
27971b1,27971.b1,Zha16_no_2_tors,27971,False,False,False,,1,3,True,A3_ONLY,True,1,1,3
28187a1,28187.a2,Zha16_no_2_tors,28187,True,False,False,3,1;3,1,False,ISOGENY_ONLY,True,3,3,1
28210c1,28210.b2,Zha16_no_2_tors,28210,True,False,False,3,1;3;9,-2,False,ISOGENY_ONLY,True,6,6,-2
28210k1,28210.t1,Zha16_no_2_tors,28210,False,False,False,,1,3,True,A3_ONLY,True,1,1,3
28234a1,28234.c1,Zha16_no_2_tors,28234,False,False,False,,1,3,True,A3_ONLY,True,1,1,3
28426b1,28426.a1,Zha16_no_2_tors,28426,True,False,False,3,1;3,-2,False,ISOGENY_ONLY,True,6,6,-2
28595c1,28595.d3,Zha16_no_2_tors,28595,True,False,False,3,1;3;9,1,False,ISOGENY_ONLY,True,3,3,1
28690c1,28690.i1,Zha16_no_2_tors,28690,False,False,False,,1,3,True,A3_ONLY,True,1,1,3
28747b1,28747.c1,Zha16_no_2_tors,28747,True,False,False,3,1;3,-2,False,ISOGENY_ONLY,True,6,6,-2
29026c1,29026.e1,Zha16_no_2_tors,29026,False,False,False,,1,3,True,A3_ONLY,True,1,1,3
29030b1,29030.b1,Zha16_no_2_tors,29030,False,False,False,,1,3,True,A3_ONLY,True,1,1,3
29110b1,29110.f2,Zha16_no_2_tors,29110,True,False,False,3,1;3,1,False,ISOGENY_ONLY,True,3,3,1
29110e1,29110.h1,Zha16_no_2_tors,29110,False,False,False,,1,3,True,A3_ONLY,True,1,1,3
29285a1,29285.a1,Zha16_no_2_tors,29285,False,False,False,,1,3,True,A3_ONLY,True,1,1,3
29318a1,29318.c1,Zha16_no_2_tors,29318,False,False,False,,1,3,True,A3_ONLY,True,1,1,3
29365a1,29365.c1,Zha16_no_2_tors,29365,False,False,False,,1,3,True,A3_ONLY,True,1,1,3
29390e1,29390.d1,Zha16_no_2_tors,29390,False,False,False,,1,-3,True,A3_ONLY,True,7,7,-3
29522b1,29522.b2,Zha16_no_2_tors,29522,True,False,False,3,1;3,-2,False,ISOGENY_ONLY,True,6,6,-2
29557a1,29557.a1,Zha16_no_2_tors,29557,False,False,False,,1,3,True,A3_ONLY,True,1,1,3
29678a1,29678.a1,Zha16_no_2_tors,29678,False,False,False,,1,-3,True,A3_ONLY,True,7,7,-3
29946s1,29946.r2,Zha16_no_2_tors,29946,False,True,False,5,1;5,1,False,ISOGENY_ONLY,False,3,2,-
29987a1,29987.a1,Zha16_no_2_tors,29987,False,False,False,,1,-3,True,A3_ONLY,True,7,7,-3
29995b1,29995.a1,Zha16_no_2_tors,29995,True,False,False,3,1;3,-2,False,ISOGENY_ONLY,True,6,6,-2
30058k1,30058.h2,Zha16_no_2_tors,30058,True,False,False,3,1;3,-2,False,ISOGENY_ONLY,True,6,6,-2
30107e1,30107.b2,Zha16_no_2_tors,30107,True,False,False,3,1;3,1,False,ISOGENY_ONLY,True,3,3,1
30226h1,30226.f2,Zha16_no_2_tors,30226,True,False,False,3,1;3,-2,False,ISOGENY_ONLY,True,6,6,-2
30290d1,30290.g1,Zha16_no_2_tors,30290,False,False,False,,1,3,True,A3_ONLY,True,1,1,3
30290e1,30290.d2,Zha16_no_2_tors,30290,True,False,False,3,1;3,1,False,ISOGENY_ONLY,True,3,3,1
30310e1,30310.d2,Zha16_no_2_tors,30310,True,False,False,3,1;3;9,-2,False,ISOGENY_ONLY,True,6,6,-2
30418b1,30418.c1,Zha16_no_2_tors,30418,False,False,False,,1,3,True,A3_ONLY,True,1,1,3
30430a1,30430.b1,Zha16_no_2_tors,30430,True,False,False,3,1;3,-2,False,ISOGENY_ONLY,True,6,6,-2
30430c1,30430.c1,Zha16_no_2_tors,30430,True,False,False,3,1;3,-2,False,ISOGENY_ONLY,True,6,6,-2
30554a1,30554.a1,Zha16_no_2_tors,30554,False,False,False,,1,3,True,A3_ONLY,True,1,1,3
30617b1,30617.b1,Zha16_no_2_tors,30617,False,False,False,,1,3,True,A3_ONLY,True,1,1,3
30662a1,30662.a1,Zha16_no_2_tors,30662,False,False,False,,1,-3,True,A3_ONLY,True,7,7,-3
30754a1,30754.b1,Zha16_no_2_tors,30754,False,False,False,,1,3,True,A3_ONLY,True,1,1,3
30806b1,30806.b1,Zha16_no_2_tors,30806,False,False,False,,1,3,True,A3_ONLY,True,1,1,3
30818c1,30818.b3,Zha16_no_2_tors,30818,True,False,False,3,1;3;9,-2,False,ISOGENY_ONLY,True,6,6,-2
30886a1,30886.a1,Zha16_no_2_tors,30886,False,False,False,,1,-3,True,A3_ONLY,True,7,7,-3
30914f1,30914.b1,Zha16_no_2_tors,30914,False,False,False,,1,-3,True,A3_ONLY,True,7,7,-3
31094b1,31094.c1,Zha16_no_2_tors,31094,False,False,False,,1,3,True,A3_ONLY,True,1,1,3
31109b1,31109.b2,Zha16_no_2_tors,31109,True,False,False,3,1;3,-2,False,ISOGENY_ONLY,True,6,6,-2
31130g1,31130.g1,Zha16_no_2_tors,31130,False,False,False,,1,3,True,A3_ONLY,True,1,1,3
31390f1,31390.d3,Zha16_no_2_tors,31390,True,False,False,3,1;3;9,1,False,ISOGENY_ONLY,True,3,3,1
31390g1,31390.g1,Zha16_no_2_tors,31390,False,False,False,,1,3,True,A3_ONLY,True,1,1,3
31430i1,31430.m1,Zha16_no_2_tors,31430,False,False,False,,1,3,True,A3_ONLY,True,1,1,3
31430j1,31430.k2,Zha16_no_2_tors,31430,True,False,False,3,1;3,1,False,ISOGENY_ONLY,True,3,3,1
31538b1,31538.b1,Zha16_no_2_tors,31538,False,False,False,,1,3,True,A3_ONLY,True,1,1,3
31553a1,31553.a1,Zha16_no_2_tors,31553,False,False,False,,1,3,True,A3_ONLY,True,1,1,3
31565a1,31565.a1,Zha16_no_2_tors,31565,False,False,False,,1,-3,True,A3_ONLY,True,7,7,-3
31570f1,31570.g1,Zha16_no_2_tors,31570,False,False,False,,1,3,True,A3_ONLY,True,1,1,3
31691b1,31691.b1,Zha16_no_2_tors,31691,False,False,False,,1,3,True,A3_ONLY,True,1,1,3
31858b1,31858.c2,Zha16_no_2_tors,31858,True,False,False,3,1;3,1,False,ISOGENY_ONLY,True,3,3,1
31858d1,31858.d1,Zha16_no_2_tors,31858,False,False,False,,1,3,True,A3_ONLY,True,1,1,3
31906b1,31906.a1,Zha16_no_2_tors,31906,False,False,False,,1,-3,True,A3_ONLY,True,7,7,-3
31934b1,31934.a3,Zha16_no_2_tors,31934,True,False,False,3,1;3;9,-2,False,ISOGENY_ONLY,True,6,6,-2
32042b1,32042.b2,Zha16_no_2_tors,32042,True,False,False,3,1;3;9,1,False,ISOGENY_ONLY,True,3,3,1
32054d1,32054.f2,Zha16_no_2_tors,32054,True,False,False,3,1;3,1,False,ISOGENY_ONLY,True,3,3,1
32102c1,32102.b1,Zha16_no_2_tors,32102,False,False,False,,1,-3,True,A3_ONLY,True,7,7,-3
32162a1,32162.a1,Zha16_no_2_tors,32162,False,False,False,,1,3,True,A3_ONLY,True,1,1,3
32227b1,32227.c1,Zha16_no_2_tors,32227,False,False,False,,1,-3,True,A3_ONLY,True,7,7,-3
32282a1,32282.a1,Zha16_no_2_tors,32282,False,False,False,,1,3,True,A3_ONLY,True,1,1,3
32354c1,32354.c1,Zha16_no_2_tors,32354,False,False,False,,1,3,True,A3_ONLY,True,1,1,3
32398a1,32398.a1,Zha16_no_2_tors,32398,False,False,False,,1,3,True,A3_ONLY,True,1,1,3
32410a1,32410.f1,Zha16_no_2_tors,32410,False,False,False,,1,3,True,A3_ONLY,True,1,1,3
32426a1,32426.a2,Zha16_no_2_tors,32426,True,False,False,3,1;3,-2,False,ISOGENY_ONLY,True,6,6,-2
32471a1,32471.a1,Zha16_no_2_tors,32471,False,False,False,,1,3,True,A3_ONLY,True,1,1,3
32498b1,32498.b1,Zha16_no_2_tors,32498,False,False,False,,1,-3,True,A3_ONLY,True,7,7,-3
32509c1,32509.a1,Zha16_no_2_tors,32509,False,False,False,,1,-3,True,A3_ONLY,True,7,7,-3
32534a1,32534.a1,Zha16_no_2_tors,32534,False,False,False,,1,3,True,A3_ONLY,True,1,1,3
32558a1,32558.a1,Zha16_no_2_tors,32558,False,False,False,,1,3,True,A3_ONLY,True,1,1,3
32654b1,32654.a1,Zha16_no_2_tors,32654,True,False,False,3,1;3,1,False,ISOGENY_ONLY,True,3,3,1
32741a1,32741.a2,Zha16_no_2_tors,32741,True,False,False,3,1;3,-2,False,ISOGENY_ONLY,True,6,6,-2
32795d1,32795.d2,Zha16_no_2_tors,32795,True,False,False,3,1;3,1,False,ISOGENY_ONLY,True,3,3,1
32978b1,32978.a1,Zha16_no_2_tors,32978,True,False,False,3,1;3,1,False,ISOGENY_ONLY,True,3,3,1
33062a1,33062.c1,Zha16_no_2_tors,33062,False,False,False,,1,3,True,A3_ONLY,True,1,1,3
33098a1,33098.a1,Zha16_no_2_tors,33098,False,False,False,,1,3,True,A3_ONLY,True,1,1,3
33110l1,33110.i1,Zha16_no_2_tors,33110,True,False,False,3,1;3,1,False,ISOGENY_ONLY,True,3,3,1
33110m1,33110.j2,Zha16_no_2_tors,33110,True,False,False,3,1;3,1,False,ISOGENY_ONLY,True,3,3,1
33451b1,33451.a1,Zha16_no_2_tors,33451,True,False,False,3,1;3,-2,False,ISOGENY_ONLY,True,6,6,-2
33490b1,33490.b1,Zha16_no_2_tors,33490,False,False,False,,1,-3,True,A3_ONLY,True,7,7,-3
33490d1,33490.a1,Zha16_no_2_tors,33490,False,False,False,,1,-3,True,A3_ONLY,True,7,7,-3
33602b1,33602.a1,Zha16_no_2_tors,33602,False,False,False,,1,-3,True,A3_ONLY,True,7,7,-3
33646a1,33646.b1,Zha16_no_2_tors,33646,False,False,False,,1,3,True,A3_ONLY,True,1,1,3
33670c1,33670.a2,Zha16_no_2_tors,33670,True,False,False,3,1;3,-2,False,ISOGENY_ONLY,True,6,6,-2
33698g1,33698.f2,Zha16_no_2_tors,33698,True,False,False,3,1;3,1,False,ISOGENY_ONLY,True,3,3,1
33755c1,33755.c1,Zha16_no_2_tors,33755,False,False,False,,1,3,True,A3_ONLY,True,1,1,3
33877b1,33877.c1,Zha16_no_2_tors,33877,False,False,False,,1,3,True,A3_ONLY,True,1,1,3
33910c1,33910.e1,Zha16_no_2_tors,33910,False,False,False,,1,3,True,A3_ONLY,True,1,1,3
33947a1,33947.a1,Zha16_no_2_tors,33947,False,False,False,,1,3,True,A3_ONLY,True,1,1,3
34091a1,34091.a1,Zha16_no_2_tors,34091,False,False,False,,1,3,True,A3_ONLY,True,1,1,3
34210a1,34210.a1,Zha16_no_2_tors,34210,True,False,False,3,1;3,-2,False,ISOGENY_ONLY,True,6,6,-2
34270b1,34270.a2,Zha16_no_2_tors,34270,True,False,False,3,1;3,-2,False,ISOGENY_ONLY,True,6,6,-2
34510i1,34510.j2,Zha16_no_2_tors,34510,True,False,False,3,1;3,1,False,ISOGENY_ONLY,True,3,3,1
34510j1,34510.n1,Zha16_no_2_tors,34510,False,False,False,,1,3,True,A3_ONLY,True,1,1,3
34510k1,34510.l2,Zha16_no_2_tors,34510,True,False,False,3,1;3,1,False,ISOGENY_ONLY,True,3,3,1
34526b1,34526.b1,Zha16_no_2_tors,34526,False,False,False,,1,3,True,A3_ONLY,True,1,1,3
34595a1,34595.d2,Zha16_no_2_tors,34595,True,False,False,3,1;3,1,False,ISOGENY_ONLY,True,3,3,1
34597d1,34597.c1,Zha16_no_2_tors,34597,False,False,False,,1,3,True,A3_ONLY,True,1,1,3
34706d1,34706.e2,Zha16_no_2_tors,34706,True,False,False,3,1;3,1,False,ISOGENY_ONLY,True,3,3,1
34706h1,34706.j1,Zha16_no_2_tors,34706,False,False,False,,1,3,True,A3_ONLY,True,1,1,3
34730c1,34730.c1,Zha16_no_2_tors,34730,False,False,False,,1,3,True,A3_ONLY,True,1,1,3
34742d1,34742.d1,Zha16_no_2_tors,34742,False,False,False,,1,3,True,A3_ONLY,True,1,1,3
34826a1,34826.a1,Zha16_no_2_tors,34826,False,False,False,,1,3,True,A3_ONLY,True,1,1,3
34958d1,34958.f1,Zha16_no_2_tors,34958,False,False,False,,1,3,True,A3_ONLY,True,1,1,3
35042b1,35042.a1,Zha16_no_2_tors,35042,False,False,False,,1,-3,True,A3_ONLY,True,7,7,-3
35126e1,35126.b3,Zha16_no_2_tors,35126,True,False,False,3,1;3;9,-2,False,ISOGENY_ONLY,True,6,6,-2
35222a1,35222.b2,Zha16_no_2_tors,35222,True,False,False,3,1;3,1,False,ISOGENY_ONLY,True,3,3,1
35246a1,35246.a1,Zha16_no_2_tors,35246,False,False,False,,1,3,True,A3_ONLY,True,1,1,3
35266b1,35266.b2,Zha16_no_2_tors,35266,False,True,False,5,1;5,-1,False,ISOGENY_ONLY,True,5,5,-1
35270f1,35270.f1,Zha16_no_2_tors,35270,False,False,False,,1,3,True,A3_ONLY,True,1,1,3
35306a1,35306.b1,Zha16_no_2_tors,35306,False,False,False,,1,3,True,A3_ONLY,True,1,1,3
35315b1,35315.b1,Zha16_no_2_tors,35315,True,False,False,3,1;3,1,False,ISOGENY_ONLY,True,3,3,1
35371a1,35371.a1,Zha16_no_2_tors,35371,False,False,False,,1,3,True,A3_ONLY,True,1,1,3
35422b1,35422.c1,Zha16_no_2_tors,35422,False,False,False,,1,3,True,A3_ONLY,True,1,1,3
35462h1,35462.i1,Zha16_no_2_tors,35462,True,False,False,3,1;3,1,False,ISOGENY_ONLY,True,3,3,1
35581a1,35581.b1,Zha16_no_2_tors,35581,False,False,False,,1,-3,True,A3_ONLY,True,7,7,-3
35710c1,35710.c1,Zha16_no_2_tors,35710,False,False,False,,1,3,True,A3_ONLY,True,1,1,3
35834a1,35834.a1,Zha16_no_2_tors,35834,False,False,False,,1,-3,True,A3_ONLY,True,7,7,-3
35930a1,35930.c1,Zha16_no_2_tors,35930,False,False,False,,1,3,True,A3_ONLY,True,1,1,3
35986b1,35986.a1,Zha16_no_2_tors,35986,True,False,False,3,1;3,-2,False,ISOGENY_ONLY,True,6,6,-2
36022e1,36022.a2,Zha16_no_2_tors,36022,True,False,False,3,1;3,-2,False,ISOGENY_ONLY,True,6,6,-2
36022h1,36022.g3,Zha16_no_2_tors,36022,True,False,False,3,1;3;9,-2,False,ISOGENY_ONLY,True,6,6,-2
36046a1,36046.a1,Zha16_no_2_tors,36046,True,False,False,3,1;3,-2,False,ISOGENY_ONLY,True,6,6,-2
36190f1,36190.c1,Zha16_no_2_tors,36190,True,False,False,3,1;3,-2,False,ISOGENY_ONLY,True,6,6,-2
36203a1,36203.a1,Zha16_no_2_tors,36203,False,False,False,,1,3,True,A3_ONLY,True,1,1,3
36230a1,36230.b1,Zha16_no_2_tors,36230,False,False,False,,1,3,True,A3_ONLY,True,1,1,3
36281a1,36281.a1,Zha16_no_2_tors,36281,False,False,False,,1,3,True,A3_ONLY,True,1,1,3
36365d1,36365.c3,Zha16_no_2_tors,36365,True,False,False,3,1;3;9,-2,False,ISOGENY_ONLY,True,6,6,-2
36598e1,36598.e2,Zha16_no_2_tors,36598,True,False,False,3,1;3,1,False,ISOGENY_ONLY,True,3,3,1
36910a1,36910.a1,Zha16_no_2_tors,36910,True,False,False,3,1;3,-2,False,ISOGENY_ONLY,True,6,6,-2
37157a1,37157.a1,Zha16_no_2_tors,37157,False,False,False,,1,-3,True,A3_ONLY,True,7,7,-3
37178b1,37178.a1,Zha16_no_2_tors,37178,False,False,False,,1,-3,True,A3_ONLY,True,7,7,-3
37346b1,37346.b1,Zha16_no_2_tors,37346,False,False,False,,1,-3,True,A3_ONLY,True,7,7,-3
37355d1,37355.c2,Zha16_no_2_tors,37355,True,False,False,3,1;3;9,1,False,ISOGENY_ONLY,True,3,3,1
37694d1,37694.e1,Zha16_no_2_tors,37694,False,False,False,,1,3,True,A3_ONLY,True,1,1,3
37718b1,37718.b1,Zha16_no_2_tors,37718,False,False,False,,1,-3,True,A3_ONLY,True,7,7,-3
37742a1,37742.b1,Zha16_no_2_tors,37742,False,False,False,,1,3,True,A3_ONLY,True,1,1,3
37826a1,37826.a1,Zha16_no_2_tors,37826,False,False,False,,1,-3,True,A3_ONLY,True,7,7,-3
37910a1,37910.a1,Zha16_no_2_tors,37910,False,False,False,,1,-3,True,A3_ONLY,True,7,7,-3
38027a1,38027.a1,Zha16_no_2_tors,38027,False,False,False,,1,3,True,A3_ONLY,True,1,1,3
38038b1,38038.d1,Zha16_no_2_tors,38038,False,False,False,,1,3,True,A3_ONLY,True,1,1,3
38114c1,38114.c2,Zha16_no_2_tors,38114,True,False,False,3,1;3,1,False,ISOGENY_ONLY,True,3,3,1
38222c1,38222.b1,Zha16_no_2_tors,38222,False,False,False,,1,-3,True,A3_ONLY,True,7,7,-3
38227d1,38227.b2,Zha16_no_2_tors,38227,True,False,False,3,1;3,-2,False,ISOGENY_ONLY,True,6,6,-2
38294c1,38294.c1,Zha16_no_2_tors,38294,False,False,False,,1,3,True,A3_ONLY,True,1,1,3
38519a1,38519.a1,Zha16_no_2_tors,38519,False,False,False,,1,3,True,A3_ONLY,True,1,1,3
38738b1,38738.a1,Zha16_no_2_tors,38738,False,False,False,,1,-3,True,A3_ONLY,True,7,7,-3
38965a1,38965.a1,Zha16_no_2_tors,38965,False,False,False,,1,3,True,A3_ONLY,True,1,1,3
39034a1,39034.b1,Zha16_no_2_tors,39034,False,False,False,,1,3,True,A3_ONLY,True,1,1,3
39061d1,39061.c1,Zha16_no_2_tors,39061,False,False,False,,1,3,True,A3_ONLY,True,1,1,3
39130be1,39130.u2,Zha16_no_2_tors,39130,True,False,False,3,1;3,-2,False,ISOGENY_ONLY,True,6,6,-2
39158d1,39158.d1,Zha16_no_2_tors,39158,False,False,False,,1,3,True,A3_ONLY,True,1,1,3
39237b1,39237.a2,Zha16_no_2_tors,39237,False,True,False,5,1;5,1,False,ISOGENY_ONLY,False,3,2,-
39277c1,39277.b3,Zha16_no_2_tors,39277,True,False,False,3,1;3;9,1,False,ISOGENY_ONLY,True,3,3,1
39485b1,39485.a2,Zha16_no_2_tors,39485,True,False,False,3,1;3,-2,False,ISOGENY_ONLY,True,6,6,-2
39515c1,39515.a1,Zha16_no_2_tors,39515,False,False,False,,1,3,True,A3_ONLY,True,1,1,3
39574e1,39574.c1,Zha16_no_2_tors,39574,False,False,False,,1,-3,True,A3_ONLY,True,7,7,-3
39658a1,39658.a2,Zha16_no_2_tors,39658,True,False,False,3,1;3,-2,False,ISOGENY_ONLY,True,6,6,-2
39770k1,39770.i2,Zha16_no_2_tors,39770,True,False,False,3,1;3,1,False,ISOGENY_ONLY,True,3,3,1
39874e1,39874.e1,Zha16_no_2_tors,39874,False,False,False,,1,3,True,A3_ONLY,True,1,1,3
39995a1,39995.a1,Zha16_no_2_tors,39995,False,False,False,,1,3,True,A3_ONLY,True,1,1,3
40069a1,40069.a1,Zha16_no_2_tors,40069,False,False,False,,1,3,True,A3_ONLY,True,1,1,3
40141a1,40141.b1,Zha16_no_2_tors,40141,False,False,False,,1,-3,True,A3_ONLY,True,7,7,-3
40262b1,40262.b2,Zha16_no_2_tors,40262,True,False,False,3,1;3,1,False,ISOGENY_ONLY,True,3,3,1
40274c1,40274.b1,Zha16_no_2_tors,40274,False,False,False,,1,-3,True,A3_ONLY,True,7,7,-3
40307a1,40307.a2,Zha16_no_2_tors,40307,True,False,False,3,1;3,1,False,ISOGENY_ONLY,True,3,3,1
40310a1,40310.a2,Zha16_no_2_tors,40310,True,False,False,3,1;3,-2,False,ISOGENY_ONLY,True,6,6,-2
40390f1,40390.f1,Zha16_no_2_tors,40390,False,False,False,,1,3,True,A3_ONLY,True,1,1,3
40439c1,40439.b1,Zha16_no_2_tors,40439,False,False,False,,1,3,True,A3_ONLY,True,1,1,3
40571b1,40571.b1,Zha16_no_2_tors,40571,False,False,False,,1,3,True,A3_ONLY,True,1,1,3
40598b1,40598.a2,Zha16_no_2_tors,40598,True,False,False,3,1;3,-2,False,ISOGENY_ONLY,True,6,6,-2
40655a1,40655.a1,Zha16_no_2_tors,40655,False,False,False,,1,-3,True,A3_ONLY,True,7,7,-3
40690c1,40690.g1,Zha16_no_2_tors,40690,False,False,False,,1,3,True,A3_ONLY,True,1,1,3
40886a1,40886.a1,Zha16_no_2_tors,40886,False,False,False,,1,-3,True,A3_ONLY,True,7,7,-3
41186a1,41186.a1,Zha16_no_2_tors,41186,False,False,False,,1,-3,True,A3_ONLY,True,7,7,-3
41230x1,41230.r2,Zha16_no_2_tors,41230,True,False,False,3,1;3,-2,False,ISOGENY_ONLY,True,6,6,-2
41291a1,41291.a1,Zha16_no_2_tors,41291,False,False,False,,1,3,True,A3_ONLY,True,1,1,3
41293a1,41293.d1,Zha16_no_2_tors,41293,False,False,False,,1,3,True,A3_ONLY,True,1,1,3
41354h1,41354.h2,Zha16_no_2_tors,41354,True,False,False,3,1;3,1,False,ISOGENY_ONLY,True,3,3,1
41446f1,41446.d1,Zha16_no_2_tors,41446,False,False,False,,1,-3,True,A3_ONLY,True,7,7,-3
41606b1,41606.b2,Zha16_no_2_tors,41606,True,False,False,3,1;3,1,False,ISOGENY_ONLY,True,3,3,1
41614b1,41614.b1,Zha16_no_2_tors,41614,False,False,False,,1,3,True,A3_ONLY,True,1,1,3
41615a1,41615.b1,Zha16_no_2_tors,41615,False,False,False,,1,-3,True,A3_ONLY,True,7,7,-3
41749a1,41749.a2,Zha16_no_2_tors,41749,True,False,False,3,1;3,1,False,ISOGENY_ONLY,True,3,3,1
41770c1,41770.c2,Zha16_no_2_tors,41770,True,False,False,3,1;3,-2,False,ISOGENY_ONLY,True,6,6,-2
41789b1,41789.a2,Zha16_no_2_tors,41789,True,False,False,3,1;3,-2,False,ISOGENY_ONLY,True,6,6,-2
42203a1,42203.a1,Zha16_no_2_tors,42203,False,False,False,,1,3,True,A3_ONLY,True,1,1,3
42215b1,42215.b1,Zha16_no_2_tors,42215,False,False,False,,1,3,True,A3_ONLY,True,1,1,3
42326a1,42326.a1,Zha16_no_2_tors,42326,False,False,False,,1,3,True,A3_ONLY,True,1,1,3
42515b1,42515.b1,Zha16_no_2_tors,42515,False,False,False,,1,3,True,A3_ONLY,True,1,1,3
42551a1,42551.b1,Zha16_no_2_tors,42551,False,False,False,,1,3,True,A3_ONLY,True,1,1,3
42653a1,42653.a1,Zha16_no_2_tors,42653,False,False,False,,1,3,True,A3_ONLY,True,1,1,3
42866c1,42866.c1,Zha16_no_2_tors,42866,False,False,False,,1,-3,True,A3_ONLY,True,7,7,-3
42935a1,42935.a1,Zha16_no_2_tors,42935,False,False,False,,1,-3,True,A3_ONLY,True,7,7,-3
43010b1,43010.g1,Zha16_no_2_tors,43010,True,False,False,3,1;3,1,False,ISOGENY_ONLY,True,3,3,1
43010q1,43010.s1,Zha16_no_2_tors,43010,False,False,False,,1,3,True,A3_ONLY,True,1,1,3
43190f1,43190.e1,Zha16_no_2_tors,43190,True,False,False,3,1;3,1,False,ISOGENY_ONLY,True,3,3,1
43190o1,43190.s2,Zha16_no_2_tors,43190,True,False,False,3,1;3,1,False,ISOGENY_ONLY,True,3,3,1
43190q1,43190.h1,Zha16_no_2_tors,43190,False,False,False,,1,-3,True,A3_ONLY,True,7,7,-3
43202a1,43202.a1,Zha16_no_2_tors,43202,False,False,False,,1,-3,True,A3_ONLY,True,7,7,-3
43382c1,43382.b2,Zha16_no_2_tors,43382,True,False,False,3,1;3,1,False,ISOGENY_ONLY,True,3,3,1
43486n1,43486.n1,Zha16_no_2_tors,43486,False,False,False,,1,3,True,A3_ONLY,True,1,1,3
43645b1,43645.d1,Zha16_no_2_tors,43645,False,False,False,,1,-3,True,A3_ONLY,True,7,7,-3
43847e1,43847.c1,Zha16_no_2_tors,43847,False,False,False,,1,3,True,A3_ONLY,True,1,1,3
44030f1,44030.d2,Zha16_no_2_tors,44030,True,False,False,3,1;3,-2,False,ISOGENY_ONLY,True,6,6,-2
44219a1,44219.a1,Zha16_no_2_tors,44219,False,False,False,,1,3,True,A3_ONLY,True,1,1,3
44254g1,44254.h1,Zha16_no_2_tors,44254,False,False,False,,1,3,True,A3_ONLY,True,1,1,3
44318a1,44318.a1,Zha16_no_2_tors,44318,False,False,False,,1,-3,True,A3_ONLY,True,7,7,-3
44326d1,44326.d2,Zha16_no_2_tors,44326,True,False,False,3,1;3,1,False,ISOGENY_ONLY,True,3,3,1
44498e1,44498.b2,Zha16_no_2_tors,44498,True,False,False,3,1;3,-2,False,ISOGENY_ONLY,True,6,6,-2
44726d1,44726.h1,Zha16_no_2_tors,44726,False,False,False,,1,3,True,A3_ONLY,True,1,1,3
44726f1,44726.g2,Zha16_no_2_tors,44726,True,False,False,3,1;3,1,False,ISOGENY_ONLY,True,3,3,1
44774a1,44774.a1,Zha16_no_2_tors,44774,False,False,False,,1,3,True,A3_ONLY,True,1,1,3
44915d1,44915.c1,Zha16_no_2_tors,44915,False,False,False,,1,3,True,A3_ONLY,True,1,1,3
44942a1,44942.a1,Zha16_no_2_tors,44942,False,False,False,,1,-3,True,A3_ONLY,True,7,7,-3
45059a1,45059.a2,Zha16_no_2_tors,45059,True,False,False,3,1;3,1,False,ISOGENY_ONLY,True,3,3,1
45323a1,45323.a1,Zha16_no_2_tors,45323,False,False,False,,1,3,True,A3_ONLY,True,1,1,3
45590c1,45590.d1,Zha16_no_2_tors,45590,False,False,False,,1,-3,True,A3_ONLY,True,7,7,-3
45746d1,45746.d1,Zha16_no_2_tors,45746,False,False,False,,1,3,True,A3_ONLY,True,1,1,3
45758a1,45758.a2,Zha16_no_2_tors,45758,True,False,False,3,1;3,1,False,ISOGENY_ONLY,True,3,3,1
46090p1,46090.g2,Zha16_no_2_tors,46090,False,False,True,7,1;7,-3,True,BOTH,True,7,7,-3
46211a1,46211.a1,Zha16_no_2_tors,46211,False,False,False,,1,-3,True,A3_ONLY,True,7,7,-3
46223a1,46223.b1,Zha16_no_2_tors,46223,False,False,False,,1,3,True,A3_ONLY,True,1,1,3
46553a1,46553.a1,Zha16_no_2_tors,46553,False,False,False,,1,3,True,A3_ONLY,True,1,1,3
46690c1,46690.m1,Zha16_no_2_tors,46690,False,False,False,,1,3,True,A3_ONLY,True,1,1,3
46690e1,46690.j2,Zha16_no_2_tors,46690,True,False,False,3,1;3,1,False,ISOGENY_ONLY,True,3,3,1
46718l1,46718.m1,Zha16_no_2_tors,46718,False,False,False,,1,3,True,A3_ONLY,True,1,1,3
46835b1,46835.a1,Zha16_no_2_tors,46835,False,False,False,,1,-3,True,A3_ONLY,True,7,7,-3
47278c1,47278.c2,Zha16_no_2_tors,47278,True,False,False,3,1;3,1,False,ISOGENY_ONLY,True,3,3,1
47435a1,47435.a1,Zha16_no_2_tors,47435,False,False,False,,1,-3,True,A3_ONLY,True,7,7,-3
47483a1,47483.a1,Zha16_no_2_tors,47483,False,False,False,,1,-3,True,A3_ONLY,True,7,7,-3
47558a1,47558.e1,Zha16_no_2_tors,47558,False,False,False,,1,3,True,A3_ONLY,True,1,1,3
47614c1,47614.e1,Zha16_no_2_tors,47614,False,False,False,,1,3,True,A3_ONLY,True,1,1,3
47614h1,47614.g2,Zha16_no_2_tors,47614,True,False,False,3,1;3,1,False,ISOGENY_ONLY,True,3,3,1
47762b1,47762.e1,Zha16_no_2_tors,47762,False,False,False,,1,3,True,A3_ONLY,True,1,1,3
47870a1,47870.a1,Zha16_no_2_tors,47870,False,False,False,,1,3,True,A3_ONLY,True,1,1,3
47883c1,47883.a1,Zha16_no_2_tors,47883,False,True,False,5,1;5,1,False,ISOGENY_ONLY,False,3,2,-
47918d1,47918.d3,Zha16_no_2_tors,47918,True,False,False,3,1;3;9,1,False,ISOGENY_ONLY,True,3,3,1
48034b1,48034.a1,Zha16_no_2_tors,48034,False,False,False,,1,-3,True,A3_ONLY,True,7,7,-3
48034h1,48034.b1,Zha16_no_2_tors,48034,False,False,False,,1,-3,True,A3_ONLY,True,7,7,-3
48034m1,48034.i1,Zha16_no_2_tors,48034,False,False,False,,1,-3,True,A3_ONLY,True,7,7,-3
48146d1,48146.i1,Zha16_no_2_tors,48146,False,False,False,,1,3,True,A3_ONLY,True,1,1,3
48146g1,48146.g1,Zha16_no_2_tors,48146,False,True,False,5,1;5,-1,False,ISOGENY_ONLY,True,5,5,-1
48211b1,48211.b1,Zha16_no_2_tors,48211,False,False,False,,1,3,True,A3_ONLY,True,1,1,3
48277a1,48277.a1,Zha16_no_2_tors,48277,False,False,False,,1,3,True,A3_ONLY,True,1,1,3
48290a1,48290.a1,Zha16_no_2_tors,48290,False,False,False,,1,-3,True,A3_ONLY,True,7,7,-3
48323b1,48323.c1,Zha16_no_2_tors,48323,True,False,False,3,1;3,1,False,ISOGENY_ONLY,True,3,3,1
48446a1,48446.a1,Zha16_no_2_tors,48446,False,False,False,,1,-3,True,A3_ONLY,True,7,7,-3
48670g1,48670.h2,Zha16_no_2_tors,48670,True,False,False,3,1;3,1,False,ISOGENY_ONLY,True,3,3,1
48790g1,48790.b1,Zha16_no_2_tors,48790,True,False,False,3,1;3,-2,False,ISOGENY_ONLY,True,6,6,-2
48854c1,48854.c1,Zha16_no_2_tors,48854,False,False,False,,1,3,True,A3_ONLY,True,1,1,3
48954f1,48954.i2,Zha16_no_2_tors,48954,False,True,False,5,1;5,1,False,ISOGENY_ONLY,False,3,2,-
48974b1,48974.b1,Zha16_no_2_tors,48974,False,False,False,,1,-3,True,A3_ONLY,True,7,7,-3
49070d1,49070.f2,Zha16_no_2_tors,49070,True,False,False,3,1;3,1,False,ISOGENY_ONLY,True,3,3,1
49118a1,49118.a1,Zha16_no_2_tors,49118,False,False,False,,1,3,True,A3_ONLY,True,1,1,3
49162a1,49162.a2,Zha16_no_2_tors,49162,True,False,False,3,1;3,1,False,ISOGENY_ONLY,True,3,3,1
49526a1,49526.a1,Zha16_no_2_tors,49526,False,False,False,,1,3,True,A3_ONLY,True,1,1,3
49678a1,49678.b1,Zha16_no_2_tors,49678,False,False,False,,1,3,True,A3_ONLY,True,1,1,3
49910b1,49910.g1,Zha16_no_2_tors,49910,False,False,False,,1,3,True,A3_ONLY,True,1,1,3
49910c1,49910.f2,Zha16_no_2_tors,49910,True,False,False,3,1;3,1,False,ISOGENY_ONLY,True,3,3,1
50098b1,50098.b1,Zha16_no_2_tors,50098,False,False,False,,1,3,True,A3_ONLY,True,1,1,3
50290j1,50290.g2,Zha16_no_2_tors,50290,True,False,False,3,1;3,-2,False,ISOGENY_ONLY,True,6,6,-2
50357a1,50357.b1,Zha16_no_2_tors,50357,False,False,False,,1,-3,True,A3_ONLY,True,7,7,-3
50365c1,50365.b1,Zha16_no_2_tors,50365,False,False,False,,1,3,True,A3_ONLY,True,1,1,3
50389a1,50389.a2,Zha16_no_2_tors,50389,False,True,False,5,1;5,-1,False,ISOGENY_ONLY,True,5,5,-1
50506b1,50506.b1,Zha16_no_2_tors,50506,True,False,False,3,1;3,-2,False,ISOGENY_ONLY,True,6,6,-2
50803a1,50803.a1,Zha16_no_2_tors,50803,False,False,False,,1,-3,True,A3_ONLY,True,7,7,-3
50897a1,50897.b1,Zha16_no_2_tors,50897,False,False,False,,1,3,True,A3_ONLY,True,1,1,3
50995l1,50995.j1,Zha16_no_2_tors,50995,True,False,False,3,1;3,-2,False,ISOGENY_ONLY,True,6,6,-2
51142d1,51142.b2,Zha16_no_2_tors,51142,True,False,False,3,1;3,-2,False,ISOGENY_ONLY,True,6,6,-2
51170b1,51170.a1,Zha16_no_2_tors,51170,False,False,False,,1,-3,True,A3_ONLY,True,7,7,-3
51170g1,51170.k2,Zha16_no_2_tors,51170,True,False,False,3,1;3;9,1,False,ISOGENY_ONLY,True,3,3,1
51338c1,51338.a3,Zha16_no_2_tors,51338,True,False,False,3,1;3;9,-2,False,ISOGENY_ONLY,True,6,6,-2
51346c1,51346.c1,Zha16_no_2_tors,51346,False,False,False,,1,-3,True,A3_ONLY,True,7,7,-3
51382c1,51382.b2,Zha16_no_2_tors,51382,True,False,False,3,1;3,-2,False,ISOGENY_ONLY,True,6,6,-2
51402w1,51402.r2,Zha16_no_2_tors,51402,False,True,False,5,1;5,1,False,ISOGENY_ONLY,False,3,2,-
51566b1,51566.a1,Zha16_no_2_tors,51566,False,False,False,,1,-3,True,A3_ONLY,True,7,7,-3
51578c1,51578.b1,Zha16_no_2_tors,51578,True,False,False,3,1;3,1,False,ISOGENY_ONLY,True,3,3,1
51662a1,51662.a1,Zha16_no_2_tors,51662,False,False,False,,1,3,True,A3_ONLY,True,1,1,3
51694f1,51694.h1,Zha16_no_2_tors,51694,False,False,False,,1,3,True,A3_ONLY,True,1,1,3
51758d1,51758.b1,Zha16_no_2_tors,51758,False,False,False,,1,-3,True,A3_ONLY,True,7,7,-3
51830c1,51830.e1,Zha16_no_2_tors,51830,True,False,False,3,1;3,1,False,ISOGENY_ONLY,True,3,3,1
51922b1,51922.a1,Zha16_no_2_tors,51922,True,False,False,3,1;3,-2,False,ISOGENY_ONLY,True,6,6,-2
51926b1,51926.b1,Zha16_no_2_tors,51926,True,False,False,3,1;3,1,False,ISOGENY_ONLY,True,3,3,1
51982i1,51982.g2,Zha16_no_2_tors,51982,True,False,False,3,1;3;9,-2,False,ISOGENY_ONLY,True,6,6,-2
51986i1,51986.e1,Zha16_no_2_tors,51986,False,True,False,5,1;5,-1,False,ISOGENY_ONLY,True,5,5,-1
52130c1,52130.a1,Zha16_no_2_tors,52130,False,False,False,,1,-3,True,A3_ONLY,True,7,7,-3
52294c1,52294.c1,Zha16_no_2_tors,52294,True,False,False,3,1;3,-2,False,ISOGENY_ONLY,True,6,6,-2
52394e1,52394.b1,Zha16_no_2_tors,52394,False,False,False,,1,-3,True,A3_ONLY,True,7,7,-3
52526a1,52526.a1,Zha16_no_2_tors,52526,False,False,False,,1,-3,True,A3_ONLY,True,7,7,-3
52858h1,52858.g1,Zha16_no_2_tors,52858,True,False,False,3,1;3,-2,False,ISOGENY_ONLY,True,6,6,-2
53378e1,53378.f2,Zha16_no_2_tors,53378,True,False,False,3,1;3,1,False,ISOGENY_ONLY,True,3,3,1
53387a1,53387.a1,Zha16_no_2_tors,53387,False,False,False,,1,3,True,A3_ONLY,True,1,1,3
53533a1,53533.b1,Zha16_no_2_tors,53533,False,False,False,,1,3,True,A3_ONLY,True,1,1,3
53690h1,53690.g2,Zha16_no_2_tors,53690,True,False,False,3,1;3,1,False,ISOGENY_ONLY,True,3,3,1
53690t1,53690.t1,Zha16_no_2_tors,53690,False,False,False,,1,3,True,A3_ONLY,True,1,1,3
53705a1,53705.a1,Zha16_no_2_tors,53705,False,False,False,,1,3,True,A3_ONLY,True,1,1,3
54098g1,54098.d1,Zha16_no_2_tors,54098,False,False,False,,1,-3,True,A3_ONLY,True,7,7,-3
54142a1,54142.d2,Zha16_no_2_tors,54142,True,False,False,3,1;3,1,False,ISOGENY_ONLY,True,3,3,1
54190d1,54190.c2,Zha16_no_2_tors,54190,True,False,False,3,1;3,-2,False,ISOGENY_ONLY,True,6,6,-2
54205d1,54205.b1,Zha16_no_2_tors,54205,False,False,False,,1,3,True,A3_ONLY,True,1,1,3
54253b1,54253.c1,Zha16_no_2_tors,54253,False,False,False,,1,3,True,A3_ONLY,True,1,1,3
54290f1,54290.i1,Zha16_no_2_tors,54290,False,False,False,,1,3,True,A3_ONLY,True,1,1,3
54309b1,54309.a2,Zha16_no_2_tors,54309,False,True,False,5,1;5,1,False,ISOGENY_ONLY,False,3,2,-
54467a1,54467.a1,Zha16_no_2_tors,54467,False,False,False,,1,-3,True,A3_ONLY,True,7,7,-3
54470f1,54470.i1,Zha16_no_2_tors,54470,False,False,False,,1,3,True,A3_ONLY,True,1,1,3
54526g1,54526.h2,Zha16_no_2_tors,54526,True,False,False,3,1;3,1,False,ISOGENY_ONLY,True,3,3,1
54730e1,54730.f2,Zha16_no_2_tors,54730,True,False,False,3,1;3,1,False,ISOGENY_ONLY,True,3,3,1
54730f1,54730.i1,Zha16_no_2_tors,54730,False,False,False,,1,3,True,A3_ONLY,True,1,1,3
54754b1,54754.c1,Zha16_no_2_tors,54754,False,False,False,,1,3,True,A3_ONLY,True,1,1,3
54962b1,54962.b1,Zha16_no_2_tors,54962,False,False,False,,1,3,True,A3_ONLY,True,1,1,3
54989a1,54989.b1,Zha16_no_2_tors,54989,False,False,False,,1,-3,True,A3_ONLY,True,7,7,-3
55022i1,55022.g1,Zha16_no_2_tors,55022,True,False,False,3,1;3,1,False,ISOGENY_ONLY,True,3,3,1
55307a1,55307.a1,Zha16_no_2_tors,55307,False,False,False,,1,3,True,A3_ONLY,True,1,1,3
55493a1,55493.a1,Zha16_no_2_tors,55493,False,False,False,,1,3,True,A3_ONLY,True,1,1,3
55510i1,55510.d3,Zha16_no_2_tors,55510,True,False,False,3,1;3;9,-2,False,ISOGENY_ONLY,True,6,6,-2
55514b1,55514.b1,Zha16_no_2_tors,55514,False,False,False,,1,3,True,A3_ONLY,True,1,1,3
55789b1,55789.b1,Zha16_no_2_tors,55789,False,False,False,,1,-3,True,A3_ONLY,True,7,7,-3
55803d1,55803.a1,Zha16_no_2_tors,55803,False,True,False,5,1;5,1,False,ISOGENY_ONLY,False,3,2,-
55862a1,55862.a2,Zha16_no_2_tors,55862,True,False,False,3,1;3,-2,False,ISOGENY_ONLY,True,6,6,-2
55874b1,55874.c2,Zha16_no_2_tors,55874,True,False,False,3,1;3,1,False,ISOGENY_ONLY,True,3,3,1
55874c1,55874.a2,Zha16_no_2_tors,55874,True,False,False,3,1;3,-2,False,ISOGENY_ONLY,True,6,6,-2
55895a1,55895.b1,Zha16_no_2_tors,55895,False,False,False,,1,3,True,A3_ONLY,True,1,1,3
55907a1,55907.a1,Zha16_no_2_tors,55907,True,False,False,3,1;3,1,False,ISOGENY_ONLY,True,3,3,1
56210d1,56210.c1,Zha16_no_2_tors,56210,True,False,False,3,1;3,1,False,ISOGENY_ONLY,True,3,3,1
56266b1,56266.b1,Zha16_no_2_tors,56266,False,False,False,,1,3,True,A3_ONLY,True,1,1,3
56330e1,56330.f2,Zha16_no_2_tors,56330,True,False,False,3,1;3,1,False,ISOGENY_ONLY,True,3,3,1
56405b1,56405.a2,Zha16_no_2_tors,56405,True,False,False,3,1;3,-2,False,ISOGENY_ONLY,True,6,6,-2
56419a1,56419.a1,Zha16_no_2_tors,56419,False,False,False,,1,3,True,A3_ONLY,True,1,1,3
56429c1,56429.b2,Zha16_no_2_tors,56429,True,False,False,3,1;3,-2,False,ISOGENY_ONLY,True,6,6,-2
56510b1,56510.d1,Zha16_no_2_tors,56510,False,False,False,,1,3,True,A3_ONLY,True,1,1,3
56510c1,56510.a1,Zha16_no_2_tors,56510,False,False,False,,1,-3,True,A3_ONLY,True,7,7,-3
56666c1,56666.e1,Zha16_no_2_tors,56666,False,False,False,,1,3,True,A3_ONLY,True,1,1,3
56666d1,56666.c1,Zha16_no_2_tors,56666,False,False,False,,1,-3,True,A3_ONLY,True,7,7,-3
56918a1,56918.a1,Zha16_no_2_tors,56918,False,False,False,,1,3,True,A3_ONLY,True,1,1,3
56947a1,56947.a1,Zha16_no_2_tors,56947,True,False,False,3,1;3,-2,False,ISOGENY_ONLY,True,6,6,-2
56962a1,56962.b1,Zha16_no_2_tors,56962,False,False,False,,1,3,True,A3_ONLY,True,1,1,3
56990b1,56990.b1,Zha16_no_2_tors,56990,False,False,False,,1,3,True,A3_ONLY,True,1,1,3
56990c1,56990.e1,Zha16_no_2_tors,56990,False,False,False,,1,3,True,A3_ONLY,True,1,1,3
57086a1,57086.a2,Zha16_no_2_tors,57086,True,False,False,3,1;3,1,False,ISOGENY_ONLY,True,3,3,1
57130b1,57130.b1,Zha16_no_2_tors,57130,True,False,False,3,1;3,-2,False,ISOGENY_ONLY,True,6,6,-2
57302a1,57302.a1,Zha16_no_2_tors,57302,False,False,False,,1,3,True,A3_ONLY,True,1,1,3
57310c1,57310.b1,Zha16_no_2_tors,57310,True,False,False,3,1;3,-2,False,ISOGENY_ONLY,True,6,6,-2
57443b1,57443.b1,Zha16_no_2_tors,57443,False,False,False,,1,3,True,A3_ONLY,True,1,1,3
57514a1,57514.a2,Zha16_no_2_tors,57514,True,False,False,3,1;3,-2,False,ISOGENY_ONLY,True,6,6,-2
57554b1,57554.d1,Zha16_no_2_tors,57554,False,False,False,,1,3,True,A3_ONLY,True,1,1,3
57554d1,57554.b2,Zha16_no_2_tors,57554,False,True,False,5,1;5,-1,False,ISOGENY_ONLY,True,5,5,-1
57562a1,57562.a1,Zha16_no_2_tors,57562,False,False,False,,1,-3,True,A3_ONLY,True,7,7,-3
57610b1,57610.c1,Zha16_no_2_tors,57610,False,False,False,,1,3,True,A3_ONLY,True,1,1,3
57779a1,57779.a1,Zha16_no_2_tors,57779,False,False,False,,1,3,True,A3_ONLY,True,1,1,3
57785e1,57785.e1,Zha16_no_2_tors,57785,False,False,False,,1,3,True,A3_ONLY,True,1,1,3
57790c1,57790.d2,Zha16_no_2_tors,57790,True,False,False,3,1;3,1,False,ISOGENY_ONLY,True,3,3,1
57939i1,57939.d1,Zha16_no_2_tors,57939,False,True,False,5,1;5,1,False,ISOGENY_ONLY,False,3,2,-
58001a1,58001.a1,Zha16_no_2_tors,58001,False,False,False,,1,-3,True,A3_ONLY,True,7,7,-3
58006g1,58006.f1,Zha16_no_2_tors,58006,False,False,False,,1,-3,True,A3_ONLY,True,7,7,-3
58058a1,58058.j1,Zha16_no_2_tors,58058,False,False,False,,1,3,True,A3_ONLY,True,1,1,3
58058j1,58058.h2,Zha16_no_2_tors,58058,True,False,False,3,1;3,1,False,ISOGENY_ONLY,True,3,3,1
58102b1,58102.e3,Zha16_no_2_tors,58102,True,False,False,3,1;3;9,1,False,ISOGENY_ONLY,True,3,3,1
58226e1,58226.a1,Zha16_no_2_tors,58226,False,False,False,,1,-3,True,A3_ONLY,True,7,7,-3
58306a1,58306.b1,Zha16_no_2_tors,58306,False,False,False,,1,3,True,A3_ONLY,True,1,1,3
58463a1,58463.a1,Zha16_no_2_tors,58463,False,False,False,,1,3,True,A3_ONLY,True,1,1,3
58514b1,58514.b2,Zha16_no_2_tors,58514,False,True,False,5,1;5,-1,False,ISOGENY_ONLY,True,5,5,-1
58514c1,58514.c1,Zha16_no_2_tors,58514,False,False,False,,1,3,True,A3_ONLY,True,1,1,3
58517b1,58517.a1,Zha16_no_2_tors,58517,False,False,False,,1,3,True,A3_ONLY,True,1,1,3
58646f1,58646.f2,Zha16_no_2_tors,58646,True,False,False,3,1;3,1,False,ISOGENY_ONLY,True,3,3,1
58646h1,58646.i1,Zha16_no_2_tors,58646,False,False,False,,1,3,True,A3_ONLY,True,1,1,3
58794l1,58794.m2,Zha16_no_2_tors,58794,False,True,False,5,1;5,1,False,ISOGENY_ONLY,False,3,2,-
58933a1,58933.a1,Zha16_no_2_tors,58933,False,False,False,,1,3,True,A3_ONLY,True,1,1,3
58955b1,58955.a1,Zha16_no_2_tors,58955,False,False,False,,1,-3,True,A3_ONLY,True,7,7,-3
58958a1,58958.a2,Zha16_no_2_tors,58958,True,False,False,3,1;3,-2,False,ISOGENY_ONLY,True,6,6,-2
59117a1,59117.a2,Zha16_no_2_tors,59117,True,False,False,3,1;3,-2,False,ISOGENY_ONLY,True,6,6,-2
59198c1,59198.d1,Zha16_no_2_tors,59198,False,False,False,,1,3,True,A3_ONLY,True,1,1,3
59246a1,59246.a1,Zha16_no_2_tors,59246,False,False,False,,1,3,True,A3_ONLY,True,1,1,3
59458j1,59458.f1,Zha16_no_2_tors,59458,True,False,False,3,1;3;9,-2,False,ISOGENY_ONLY,True,6,6,-2
59474b1,59474.b2,Zha16_no_2_tors,59474,True,False,False,3,1;3,-2,False,ISOGENY_ONLY,True,6,6,-2
59590a1,59590.c2,Zha16_no_2_tors,59590,True,False,False,3,1;3,1,False,ISOGENY_ONLY,True,3,3,1
59678b1,59678.a2,Zha16_no_2_tors,59678,True,False,False,3,1;3,-2,False,ISOGENY_ONLY,True,6,6,-2
59755b1,59755.b2,Zha16_no_2_tors,59755,True,False,False,3,1;3,-2,False,ISOGENY_ONLY,True,6,6,-2
59818d1,59818.c1,Zha16_no_2_tors,59818,True,False,False,3,1;3,-2,False,ISOGENY_ONLY,True,6,6,-2
59830d1,59830.d1,Zha16_no_2_tors,59830,False,False,False,,1,3,True,A3_ONLY,True,1,1,3
59869b1,59869.a1,Zha16_no_2_tors,59869,False,False,False,,1,-3,True,A3_ONLY,True,7,7,-3
59869e1,59869.g1,Zha16_no_2_tors,59869,False,False,False,,1,3,True,A3_ONLY,True,1,1,3
59930c1,59930.c1,Zha16_no_2_tors,59930,True,False,False,3,1;3,1,False,ISOGENY_ONLY,True,3,3,1
60019a1,60019.a1,Zha16_no_2_tors,60019,True,False,False,3,1;3,-2,False,ISOGENY_ONLY,True,6,6,-2
60290e1,60290.k1,Zha16_no_2_tors,60290,False,False,False,,1,3,True,A3_ONLY,True,1,1,3
60853a1,60853.a3,Zha16_no_2_tors,60853,True,False,False,3,1;3;9,1,False,ISOGENY_ONLY,True,3,3,1
60914a1,60914.b1,Zha16_no_2_tors,60914,False,False,False,,1,3,True,A3_ONLY,True,1,1,3
60973a1,60973.b1,Zha16_no_2_tors,60973,False,False,False,,1,3,True,A3_ONLY,True,1,1,3
61115b1,61115.b2,Zha16_no_2_tors,61115,True,False,False,3,1;3,1,False,ISOGENY_ONLY,True,3,3,1
61166c1,61166.d1,Zha16_no_2_tors,61166,False,False,False,,1,3,True,A3_ONLY,True,1,1,3
61243a1,61243.b3,Zha16_no_2_tors,61243,True,False,False,3,1;3;9,-2,False,ISOGENY_ONLY,True,6,6,-2
61310c1,61310.d1,Zha16_no_2_tors,61310,True,False,False,3,1;3,1,False,ISOGENY_ONLY,True,3,3,1
61477a1,61477.a1,Zha16_no_2_tors,61477,False,False,False,,1,3,True,A3_ONLY,True,1,1,3
61814d1,61814.d2,Zha16_no_2_tors,61814,True,False,False,3,1;3,1,False,ISOGENY_ONLY,True,3,3,1
61883a1,61883.a1,Zha16_no_2_tors,61883,True,False,False,3,1;3,1,False,ISOGENY_ONLY,True,3,3,1
62002a1,62002.b2,Zha16_no_2_tors,62002,True,False,False,3,1;3,1,False,ISOGENY_ONLY,True,3,3,1
62162b1,62162.b1,Zha16_no_2_tors,62162,False,False,False,,1,3,True,A3_ONLY,True,1,1,3
62261a1,62261.a1,Zha16_no_2_tors,62261,False,False,False,,1,-3,True,A3_ONLY,True,7,7,-3
62282f1,62282.h1,Zha16_no_2_tors,62282,False,False,False,,1,3,True,A3_ONLY,True,1,1,3
62561a1,62561.a1,Zha16_no_2_tors,62561,False,False,False,,1,-3,True,A3_ONLY,True,7,7,-3
62645a1,62645.a2,Zha16_no_2_tors,62645,True,False,False,3,1;3,-2,False,ISOGENY_ONLY,True,6,6,-2
62651c1,62651.b1,Zha16_no_2_tors,62651,True,False,False,3,1;3,1,False,ISOGENY_ONLY,True,3,3,1
62698b1,62698.a1,Zha16_no_2_tors,62698,False,False,False,,1,-3,True,A3_ONLY,True,7,7,-3
62810d1,62810.c2,Zha16_no_2_tors,62810,True,False,False,3,1;3,1,False,ISOGENY_ONLY,True,3,3,1
63358a1,63358.a2,Zha16_no_2_tors,63358,True,False,False,3,1;3,-2,False,ISOGENY_ONLY,True,6,6,-2
63382a1,63382.d1,Zha16_no_2_tors,63382,False,False,False,,1,3,True,A3_ONLY,True,1,1,3
63482a1,63482.a1,Zha16_no_2_tors,63482,False,False,False,,1,3,True,A3_ONLY,True,1,1,3
63490j1,63490.m2,Zha16_no_2_tors,63490,True,False,False,3,1;3,1,False,ISOGENY_ONLY,True,3,3,1
63494a1,63494.a1,Zha16_no_2_tors,63494,False,False,False,,1,3,True,A3_ONLY,True,1,1,3
63574i1,63574.c2,Zha16_no_2_tors,63574,True,False,False,3,1;3,-2,False,ISOGENY_ONLY,True,6,6,-2
63635d1,63635.c1,Zha16_no_2_tors,63635,False,False,False,,1,-3,True,A3_ONLY,True,7,7,-3
63710e1,63710.g1,Zha16_no_2_tors,63710,False,False,False,,1,3,True,A3_ONLY,True,1,1,3
63779a1,63779.b2,Zha16_no_2_tors,63779,True,False,False,3,1;3,1,False,ISOGENY_ONLY,True,3,3,1
64070b1,64070.b2,Zha16_no_2_tors,64070,True,False,False,3,1;3,1,False,ISOGENY_ONLY,True,3,3,1
64115a1,64115.a1,Zha16_no_2_tors,64115,False,False,False,,1,3,True,A3_ONLY,True,1,1,3
64285d1,64285.e2,Zha16_no_2_tors,64285,True,False,False,3,1;3,1,False,ISOGENY_ONLY,True,3,3,1
64286b1,64286.b1,Zha16_no_2_tors,64286,False,False,False,,1,3,True,A3_ONLY,True,1,1,3
64313a1,64313.a1,Zha16_no_2_tors,64313,False,False,False,,1,3,True,A3_ONLY,True,1,1,3
64486e1,64486.b1,Zha16_no_2_tors,64486,False,False,False,,1,-3,True,A3_ONLY,True,7,7,-3
64754a1,64754.a1,Zha16_no_2_tors,64754,False,False,False,,1,-3,True,A3_ONLY,True,7,7,-3
64802d1,64802.d1,Zha16_no_2_tors,64802,False,False,False,,1,3,True,A3_ONLY,True,1,1,3
64814b1,64814.a1,Zha16_no_2_tors,64814,True,False,False,3,1;3,1,False,ISOGENY_ONLY,True,3,3,1
64814e1,64814.e1,Zha16_no_2_tors,64814,False,False,False,,1,3,True,A3_ONLY,True,1,1,3
64883c1,64883.f1,Zha16_no_2_tors,64883,False,False,False,,1,3,True,A3_ONLY,True,1,1,3
64883f1,64883.e2,Zha16_no_2_tors,64883,True,False,False,3,1;3;9,1,False,ISOGENY_ONLY,True,3,3,1
65026c1,65026.e1,Zha16_no_2_tors,65026,False,False,False,,1,3,True,A3_ONLY,True,1,1,3
65518b1,65518.a1,Zha16_no_2_tors,65518,True,False,False,3,1;3,-2,False,ISOGENY_ONLY,True,6,6,-2
65618f1,65618.a1,Zha16_no_2_tors,65618,False,False,False,,1,-3,True,A3_ONLY,True,7,7,-3
65753a1,65753.a1,Zha16_no_2_tors,65753,False,False,False,,1,-3,True,A3_ONLY,True,7,7,-3
66166c1,66166.c1,Zha16_no_2_tors,66166,False,False,False,,1,3,True,A3_ONLY,True,1,1,3
66266b1,66266.b1,Zha16_no_2_tors,66266,False,False,False,,1,3,True,A3_ONLY,True,1,1,3
66379a1,66379.a1,Zha16_no_2_tors,66379,True,False,False,3,1;3,-2,False,ISOGENY_ONLY,True,6,6,-2
66494b1,66494.a1,Zha16_no_2_tors,66494,False,False,False,,1,-3,True,A3_ONLY,True,7,7,-3
66781a1,66781.b1,Zha16_no_2_tors,66781,False,False,False,,1,3,True,A3_ONLY,True,1,1,3
66878f1,66878.g1,Zha16_no_2_tors,66878,False,False,False,,1,3,True,A3_ONLY,True,1,1,3
66917a1,66917.b2,Zha16_no_2_tors,66917,True,False,False,3,1;3,-2,False,ISOGENY_ONLY,True,6,6,-2
67117a1,67117.a2,Zha16_no_2_tors,67117,True,False,False,3,1;3,1,False,ISOGENY_ONLY,True,3,3,1
67274a1,67274.a1,Zha16_no_2_tors,67274,False,False,False,,1,3,True,A3_ONLY,True,1,1,3
67346c1,67346.a1,Zha16_no_2_tors,67346,False,False,False,,1,-3,True,A3_ONLY,True,7,7,-3
67490c1,67490.c1,Zha16_no_2_tors,67490,False,False,False,,1,-3,True,A3_ONLY,True,7,7,-3
67490f1,67490.i2,Zha16_no_2_tors,67490,True,False,False,3,1;3,1,False,ISOGENY_ONLY,True,3,3,1
67505a1,67505.a1,Zha16_no_2_tors,67505,False,False,False,,1,-3,True,A3_ONLY,True,7,7,-3
67535c1,67535.f1,Zha16_no_2_tors,67535,False,False,False,,1,3,True,A3_ONLY,True,1,1,3
67546b1,67546.b1,Zha16_no_2_tors,67546,False,False,False,,1,3,True,A3_ONLY,True,1,1,3
67606f1,67606.a3,Zha16_no_2_tors,67606,True,False,False,3,1;3;9,-2,False,ISOGENY_ONLY,True,6,6,-2
67730f1,67730.j1,Zha16_no_2_tors,67730,False,False,False,,1,3,True,A3_ONLY,True,1,1,3
67787a1,67787.a1,Zha16_no_2_tors,67787,False,False,False,,1,3,True,A3_ONLY,True,1,1,3
67790g1,67790.h1,Zha16_no_2_tors,67790,False,False,False,,1,3,True,A3_ONLY,True,1,1,3
67855d1,67855.d1,Zha16_no_2_tors,67855,False,False,False,,1,3,True,A3_ONLY,True,1,1,3
67946d1,67946.d1,Zha16_no_2_tors,67946,False,False,False,,1,3,True,A3_ONLY,True,1,1,3
67958b1,67958.c1,Zha16_no_2_tors,67958,False,False,False,,1,3,True,A3_ONLY,True,1,1,3
68006b1,68006.a1,Zha16_no_2_tors,68006,False,False,False,,1,-3,True,A3_ONLY,True,7,7,-3
68069a1,68069.a2,Zha16_no_2_tors,68069,True,False,False,3,1;3,-2,False,ISOGENY_ONLY,True,6,6,-2
68086a1,68086.a2,Zha16_no_2_tors,68086,True,False,False,3,1;3,-2,False,ISOGENY_ONLY,True,6,6,-2
68341b1,68341.b1,Zha16_no_2_tors,68341,False,False,False,,1,-3,True,A3_ONLY,True,7,7,-3
68605a1,68605.a1,Zha16_no_2_tors,68605,False,False,False,,1,3,True,A3_ONLY,True,1,1,3
69058e1,69058.d1,Zha16_no_2_tors,69058,False,False,False,,1,-3,True,A3_ONLY,True,7,7,-3
69218a1,69218.a2,Zha16_no_2_tors,69218,True,False,False,3,1;3,1,False,ISOGENY_ONLY,True,3,3,1
69230v1,69230.z1,Zha16_no_2_tors,69230,True,False,False,3,1;3,1,False,ISOGENY_ONLY,True,3,3,1
69295a1,69295.c1,Zha16_no_2_tors,69295,False,False,False,,1,3,True,A3_ONLY,True,1,1,3
69410e1,69410.g1,Zha16_no_2_tors,69410,False,False,False,,1,3,True,A3_ONLY,True,1,1,3
69422a1,69422.a1,Zha16_no_2_tors,69422,False,False,False,,1,3,True,A3_ONLY,True,1,1,3
69515b1,69515.d1,Zha16_no_2_tors,69515,False,False,False,,1,-3,True,A3_ONLY,True,7,7,-3
69542d1,69542.d1,Zha16_no_2_tors,69542,False,False,False,,1,3,True,A3_ONLY,True,1,1,3
69758c1,69758.d2,Zha16_no_2_tors,69758,True,False,False,3,1;3,1,False,ISOGENY_ONLY,True,3,3,1
69818a1,69818.a1,Zha16_no_2_tors,69818,False,False,False,,1,3,True,A3_ONLY,True,1,1,3
70022a1,70022.b1,Zha16_no_2_tors,70022,False,False,False,,1,3,True,A3_ONLY,True,1,1,3
70114c1,70114.c2,Zha16_no_2_tors,70114,True,False,False,3,1;3,-2,False,ISOGENY_ONLY,True,6,6,-2
70115a1,70115.a2,Zha16_no_2_tors,70115,True,False,False,3,1;3;9,1,False,ISOGENY_ONLY,True,3,3,1
70226d1,70226.b1,Zha16_no_2_tors,70226,True,False,False,3,1;3,1,False,ISOGENY_ONLY,True,3,3,1
70534b1,70534.c1,Zha16_no_2_tors,70534,False,False,False,,1,3,True,A3_ONLY,True,1,1,3
70538a1,70538.a1,Zha16_no_2_tors,70538,False,False,False,,1,3,True,A3_ONLY,True,1,1,3
70546c1,70546.c1,Zha16_no_2_tors,70546,False,False,False,,1,3,True,A3_ONLY,True,1,1,3
70579a1,70579.a1,Zha16_no_2_tors,70579,False,False,False,,1,3,True,A3_ONLY,True,1,1,3
70718b1,70718.a1,Zha16_no_2_tors,70718,False,True,False,5,1;5,-1,False,ISOGENY_ONLY,True,5,5,-1
70742e1,70742.a1,Zha16_no_2_tors,70742,False,False,False,,1,-3,True,A3_ONLY,True,7,7,-3
70883a1,70883.a2,Zha16_no_2_tors,70883,True,False,False,3,1;3,1,False,ISOGENY_ONLY,True,3,3,1
70915b1,70915.b1,Zha16_no_2_tors,70915,False,False,False,,1,3,True,A3_ONLY,True,1,1,3
70970a1,70970.b2,Zha16_no_2_tors,70970,True,False,False,3,1;3,1,False,ISOGENY_ONLY,True,3,3,1
71018a1,71018.a1,Zha16_no_2_tors,71018,False,False,False,,1,-3,True,A3_ONLY,True,7,7,-3
71290c1,71290.c1,Zha16_no_2_tors,71290,True,False,False,3,1;3,-2,False,ISOGENY_ONLY,True,6,6,-2
71395a1,71395.a2,Zha16_no_2_tors,71395,True,False,False,3,1;3,-2,False,ISOGENY_ONLY,True,6,6,-2
71747a1,71747.a1,Zha16_no_2_tors,71747,False,False,False,,1,3,True,A3_ONLY,True,1,1,3
71782a1,71782.a2,Zha16_no_2_tors,71782,True,False,False,3,1;3,1,False,ISOGENY_ONLY,True,3,3,1
71827b1,71827.a2,Zha16_no_2_tors,71827,True,False,False,3,1;3;9,-2,False,ISOGENY_ONLY,True,6,6,-2
72070b1,72070.b1,Zha16_no_2_tors,72070,False,False,False,,1,3,True,A3_ONLY,True,1,1,3
72334b1,72334.d1,Zha16_no_2_tors,72334,False,False,False,,1,3,True,A3_ONLY,True,1,1,3
72338g1,72338.h3,Zha16_no_2_tors,72338,True,False,False,3,1;3;9,1,False,ISOGENY_ONLY,True,3,3,1
72590e1,72590.e1,Zha16_no_2_tors,72590,True,False,False,3,1;3,1,False,ISOGENY_ONLY,True,3,3,1
72730h1,72730.g2,Zha16_no_2_tors,72730,True,False,False,3,1;3;9,-2,False,ISOGENY_ONLY,True,6,6,-2
72770b1,72770.c1,Zha16_no_2_tors,72770,False,False,False,,1,3,True,A3_ONLY,True,1,1,3
72898g1,72898.f2,Zha16_no_2_tors,72898,True,False,False,3,1;3,1,False,ISOGENY_ONLY,True,3,3,1
72898h1,72898.i1,Zha16_no_2_tors,72898,False,False,False,,1,3,True,A3_ONLY,True,1,1,3
72982c1,72982.c2,Zha16_no_2_tors,72982,True,False,False,3,1;3,-2,False,ISOGENY_ONLY,True,6,6,-2
73115b1,73115.c1,Zha16_no_2_tors,73115,False,False,False,,1,3,True,A3_ONLY,True,1,1,3
73354a1,73354.a1,Zha16_no_2_tors,73354,False,False,False,,1,3,True,A3_ONLY,True,1,1,3
73405a1,73405.b1,Zha16_no_2_tors,73405,False,False,False,,1,-3,True,A3_ONLY,True,7,7,-3
73570k1,73570.i2,Zha16_no_2_tors,73570,True,False,False,3,1;3,-2,False,ISOGENY_ONLY,True,6,6,-2
73658d1,73658.d3,Zha16_no_2_tors,73658,True,False,False,3,1;3;9,-2,False,ISOGENY_ONLY,True,6,6,-2
73694a1,73694.a1,Zha16_no_2_tors,73694,False,False,False,,1,-3,True,A3_ONLY,True,7,7,-3
73738b1,73738.d1,Zha16_no_2_tors,73738,False,False,False,,1,3,True,A3_ONLY,True,1,1,3
73738d1,73738.c1,Zha16_no_2_tors,73738,False,False,False,,1,3,True,A3_ONLY,True,1,1,3
73738h1,73738.i1,Zha16_no_2_tors,73738,False,False,False,,1,3,True,A3_ONLY,True,1,1,3
73802a1,73802.a1,Zha16_no_2_tors,73802,False,False,False,,1,-3,True,A3_ONLY,True,7,7,-3
73814b1,73814.f1,Zha16_no_2_tors,73814,False,False,False,,1,3,True,A3_ONLY,True,1,1,3
74347b1,74347.b1,Zha16_no_2_tors,74347,False,False,False,,1,3,True,A3_ONLY,True,1,1,3
74485b1,74485.a1,Zha16_no_2_tors,74485,False,False,False,,1,3,True,A3_ONLY,True,1,1,3
74711d1,74711.b1,Zha16_no_2_tors,74711,False,False,False,,1,3,True,A3_ONLY,True,1,1,3
74822f1,74822.c2,Zha16_no_2_tors,74822,False,True,False,5,1;5,-1,False,ISOGENY_ONLY,True,5,5,-1
75110m1,75110.n1,Zha16_no_2_tors,75110,False,False,False,,1,3,True,A3_ONLY,True,1,1,3
75298b1,75298.a1,Zha16_no_2_tors,75298,False,False,False,,1,-3,True,A3_ONLY,True,7,7,-3
75298d1,75298.d1,Zha16_no_2_tors,75298,False,False,False,,1,3,True,A3_ONLY,True,1,1,3
75490a1,75490.a2,Zha16_no_2_tors,75490,True,False,False,3,1;3,-2,False,ISOGENY_ONLY,True,6,6,-2
75490d1,75490.b1,Zha16_no_2_tors,75490,False,False,False,,1,-3,True,A3_ONLY,True,7,7,-3
75530c1,75530.d2,Zha16_no_2_tors,75530,True,False,False,3,1;3,1,False,ISOGENY_ONLY,True,3,3,1
75545b1,75545.d1,Zha16_no_2_tors,75545,False,False,False,,1,3,True,A3_ONLY,True,1,1,3
75674b1,75674.c1,Zha16_no_2_tors,75674,False,False,False,,1,3,True,A3_ONLY,True,1,1,3
75686a1,75686.b1,Zha16_no_2_tors,75686,False,False,False,,1,3,True,A3_ONLY,True,1,1,3
75866d1,75866.c3,Zha16_no_2_tors,75866,True,False,False,3,1;3;9,-2,False,ISOGENY_ONLY,True,6,6,-2
75998a1,75998.a1,Zha16_no_2_tors,75998,False,False,False,,1,3,True,A3_ONLY,True,1,1,3
76066b1,76066.a1,Zha16_no_2_tors,76066,True,False,False,3,1;3,-2,False,ISOGENY_ONLY,True,6,6,-2
76070d1,76070.f1,Zha16_no_2_tors,76070,False,False,False,,1,3,True,A3_ONLY,True,1,1,3
76094a1,76094.a1,Zha16_no_2_tors,76094,False,False,False,,1,3,True,A3_ONLY,True,1,1,3
76258c1,76258.b1,Zha16_no_2_tors,76258,True,False,False,3,1;3,-2,False,ISOGENY_ONLY,True,6,6,-2
76267a1,76267.c1,Zha16_no_2_tors,76267,True,False,False,3,1;3,-2,False,ISOGENY_ONLY,True,6,6,-2
76310e1,76310.e1,Zha16_no_2_tors,76310,False,False,False,,1,3,True,A3_ONLY,True,1,1,3
76318a1,76318.a1,Zha16_no_2_tors,76318,False,False,False,,1,-3,True,A3_ONLY,True,7,7,-3
76426c1,76426.c2,Zha16_no_2_tors,76426,True,False,False,3,1;3;9,-2,False,ISOGENY_ONLY,True,6,6,-2
76466d1,76466.d1,Zha16_no_2_tors,76466,True,False,False,3,1;3,1,False,ISOGENY_ONLY,True,3,3,1
76510e1,76510.e1,Zha16_no_2_tors,76510,False,False,False,,1,-3,True,A3_ONLY,True,7,7,-3
76865a1,76865.a1,Zha16_no_2_tors,76865,False,False,False,,1,3,True,A3_ONLY,True,1,1,3
77314d1,77314.d2,Zha16_no_2_tors,77314,False,True,False,5,1;5,-1,False,ISOGENY_ONLY,True,5,5,-1
77435b1,77435.c1,Zha16_no_2_tors,77435,True,False,False,3,1;3,1,False,ISOGENY_ONLY,True,3,3,1
77710b1,77710.a2,Zha16_no_2_tors,77710,True,False,False,3,1;3;9,-2,False,ISOGENY_ONLY,True,6,6,-2
77834a1,77834.a1,Zha16_no_2_tors,77834,False,False,False,,1,-3,True,A3_ONLY,True,7,7,-3
77938d1,77938.a1,Zha16_no_2_tors,77938,False,False,False,,1,-3,True,A3_ONLY,True,7,7,-3
77938f1,77938.g2,Zha16_no_2_tors,77938,True,False,False,3,1;3,1,False,ISOGENY_ONLY,True,3,3,1
78062a1,78062.b2,Zha16_no_2_tors,78062,True,False,False,3,1;3,1,False,ISOGENY_ONLY,True,3,3,1
78278a1,78278.a1,Zha16_no_2_tors,78278,False,False,False,,1,-3,True,A3_ONLY,True,7,7,-3
78323a1,78323.b1,Zha16_no_2_tors,78323,False,False,False,,1,-3,True,A3_ONLY,True,7,7,-3
78362d1,78362.c1,Zha16_no_2_tors,78362,False,False,False,,1,3,True,A3_ONLY,True,1,1,3
78373d1,78373.d1,Zha16_no_2_tors,78373,False,False,False,,1,3,True,A3_ONLY,True,1,1,3
78470p1,78470.r1,Zha16_no_2_tors,78470,False,False,False,,1,3,True,A3_ONLY,True,1,1,3
78482d1,78482.d1,Zha16_no_2_tors,78482,False,False,False,,1,3,True,A3_ONLY,True,1,1,3
78515a1,78515.a1,Zha16_no_2_tors,78515,False,False,False,,1,-3,True,A3_ONLY,True,7,7,-3
78526h1,78526.c2,Zha16_no_2_tors,78526,True,False,False,3,1;3,-2,False,ISOGENY_ONLY,True,6,6,-2
78533a1,78533.b1,Zha16_no_2_tors,78533,False,False,False,,1,3,True,A3_ONLY,True,1,1,3
78554e1,78554.c1,Zha16_no_2_tors,78554,False,False,False,,1,-3,True,A3_ONLY,True,7,7,-3
78589c1,78589.a1,Zha16_no_2_tors,78589,False,False,False,,1,-3,True,A3_ONLY,True,7,7,-3
78590c1,78590.d1,Zha16_no_2_tors,78590,False,False,False,,1,3,True,A3_ONLY,True,1,1,3
78745c1,78745.b1,Zha16_no_2_tors,78745,False,False,False,,1,3,True,A3_ONLY,True,1,1,3
78749a1,78749.a1,Zha16_no_2_tors,78749,False,False,False,,1,-3,True,A3_ONLY,True,7,7,-3
78806a1,78806.c1,Zha16_no_2_tors,78806,False,False,False,,1,3,True,A3_ONLY,True,1,1,3
78806c1,78806.d1,Zha16_no_2_tors,78806,False,False,False,,1,3,True,A3_ONLY,True,1,1,3
78827b1,78827.c1,Zha16_no_2_tors,78827,False,False,False,,1,3,True,A3_ONLY,True,1,1,3
78838c1,78838.c2,Zha16_no_2_tors,78838,True,False,False,3,1;3,1,False,ISOGENY_ONLY,True,3,3,1
78859a1,78859.a1,Zha16_no_2_tors,78859,True,False,False,3,1;3,-2,False,ISOGENY_ONLY,True,6,6,-2
78971a1,78971.a1,Zha16_no_2_tors,78971,False,False,False,,1,-3,True,A3_ONLY,True,7,7,-3
79015b1,79015.b1,Zha16_no_2_tors,79015,False,False,False,,1,-3,True,A3_ONLY,True,7,7,-3
79477b1,79477.a2,Zha16_no_2_tors,79477,False,True,False,5,1;5,-1,False,ISOGENY_ONLY,True,5,5,-1
79522b1,79522.b1,Zha16_no_2_tors,79522,False,False,False,,1,3,True,A3_ONLY,True,1,1,3
79534m1,79534.d1,Zha16_no_2_tors,79534,True,False,False,3,1;3;9,-2,False,ISOGENY_ONLY,True,6,6,-2
79547a1,79547.a1,Zha16_no_2_tors,79547,False,False,False,,1,3,True,A3_ONLY,True,1,1,3
79606c1,79606.a1,Zha16_no_2_tors,79606,True,False,False,3,1;3,-2,False,ISOGENY_ONLY,True,6,6,-2
79934c1,79934.c1,Zha16_no_2_tors,79934,False,False,False,,1,3,True,A3_ONLY,True,1,1,3
79946c1,79946.c1,Zha16_no_2_tors,79946,False,False,False,,1,3,True,A3_ONLY,True,1,1,3
79990f1,79990.a2,Zha16_no_2_tors,79990,True,False,False,3,1;3,-2,False,ISOGENY_ONLY,True,6,6,-2
80171b1,80171.a2,Zha16_no_2_tors,80171,False,True,False,5,1;5,-1,False,ISOGENY_ONLY,True,5,5,-1
80269a1,80269.a1,Zha16_no_2_tors,80269,False,False,False,,1,-3,True,A3_ONLY,True,7,7,-3
80570c1,80570.c1,Zha16_no_2_tors,80570,False,False,False,,1,3,True,A3_ONLY,True,1,1,3
81002g1,81002.d1,Zha16_no_2_tors,81002,False,False,False,,1,-3,True,A3_ONLY,True,7,7,-3
81137c1,81137.c1,Zha16_no_2_tors,81137,False,False,False,,1,3,True,A3_ONLY,True,1,1,3
81230b1,81230.b1,Zha16_no_2_tors,81230,False,False,False,,1,3,True,A3_ONLY,True,1,1,3
81515b1,81515.a1,Zha16_no_2_tors,81515,False,False,False,,1,-3,True,A3_ONLY,True,7,7,-3
81515f1,81515.d1,Zha16_no_2_tors,81515,False,False,False,,1,-3,True,A3_ONLY,True,7,7,-3
81851a1,81851.a1,Zha16_no_2_tors,81851,False,False,False,,1,3,True,A3_ONLY,True,1,1,3
82070c1,82070.f1,Zha16_no_2_tors,82070,False,False,False,,1,3,True,A3_ONLY,True,1,1,3
82082h1,82082.a2,Zha16_no_2_tors,82082,True,False,False,3,1;3,-2,False,ISOGENY_ONLY,True,6,6,-2
82138b1,82138.b1,Zha16_no_2_tors,82138,False,False,False,,1,3,True,A3_ONLY,True,1,1,3
82151a1,82151.a1,Zha16_no_2_tors,82151,False,False,False,,1,-3,True,A3_ONLY,True,7,7,-3
82205a1,82205.a1,Zha16_no_2_tors,82205,False,False,False,,1,3,True,A3_ONLY,True,1,1,3
82214c1,82214.c1,Zha16_no_2_tors,82214,False,False,False,,1,3,True,A3_ONLY,True,1,1,3
82403a1,82403.a1,Zha16_no_2_tors,82403,False,False,False,,1,3,True,A3_ONLY,True,1,1,3
82474a1,82474.e1,Zha16_no_2_tors,82474,False,False,False,,1,3,True,A3_ONLY,True,1,1,3
82490h1,82490.a1,Zha16_no_2_tors,82490,False,False,False,,1,-3,True,A3_ONLY,True,7,7,-3
82534c1,82534.c1,Zha16_no_2_tors,82534,False,False,False,,1,3,True,A3_ONLY,True,1,1,3
82574c1,82574.c1,Zha16_no_2_tors,82574,False,False,False,,1,3,True,A3_ONLY,True,1,1,3
82642d1,82642.d1,Zha16_no_2_tors,82642,False,False,False,,1,3,True,A3_ONLY,True,1,1,3
82691b1,82691.d1,Zha16_no_2_tors,82691,False,False,False,,1,3,True,A3_ONLY,True,1,1,3
82742a1,82742.a1,Zha16_no_2_tors,82742,True,False,False,3,1;3,1,False,ISOGENY_ONLY,True,3,3,1
82835a1,82835.a1,Zha16_no_2_tors,82835,False,False,False,,1,-3,True,A3_ONLY,True,7,7,-3
82909a1,82909.a1,Zha16_no_2_tors,82909,False,False,False,,1,3,True,A3_ONLY,True,1,1,3
82922b1,82922.b2,Zha16_no_2_tors,82922,True,False,False,3,1;3,1,False,ISOGENY_ONLY,True,3,3,1
82942d1,82942.d1,Zha16_no_2_tors,82942,False,False,False,,1,3,True,A3_ONLY,True,1,1,3
83083k1,83083.d2,Zha16_no_2_tors,83083,True,False,False,3,1;3,-2,False,ISOGENY_ONLY,True,6,6,-2
83110b1,83110.b1,Zha16_no_2_tors,83110,False,False,False,,1,-3,True,A3_ONLY,True,7,7,-3
83174e1,83174.f1,Zha16_no_2_tors,83174,True,False,False,3,1;3,1,False,ISOGENY_ONLY,True,3,3,1
83291b1,83291.b1,Zha16_no_2_tors,83291,False,False,False,,1,3,True,A3_ONLY,True,1,1,3
83354e1,83354.e1,Zha16_no_2_tors,83354,False,False,False,,1,3,True,A3_ONLY,True,1,1,3
83411a1,83411.a1,Zha16_no_2_tors,83411,False,False,False,,1,3,True,A3_ONLY,True,1,1,3
83642a1,83642.a1,Zha16_no_2_tors,83642,False,False,False,,1,-3,True,A3_ONLY,True,7,7,-3
83795a1,83795.a1,Zha16_no_2_tors,83795,False,False,False,,1,3,True,A3_ONLY,True,1,1,3
83842a1,83842.a2,Zha16_no_2_tors,83842,True,False,False,3,1;3,-2,False,ISOGENY_ONLY,True,6,6,-2
83846c1,83846.a2,Zha16_no_2_tors,83846,True,False,False,3,1;3,-2,False,ISOGENY_ONLY,True,6,6,-2
83909a1,83909.a1,Zha16_no_2_tors,83909,False,False,False,,1,-3,True,A3_ONLY,True,7,7,-3
84023a1,84023.a1,Zha16_no_2_tors,84023,False,False,False,,1,3,True,A3_ONLY,True,1,1,3
84370p1,84370.p1,Zha16_no_2_tors,84370,True,False,False,3,1;3,-2,False,ISOGENY_ONLY,True,6,6,-2
84422q1,84422.t1,Zha16_no_2_tors,84422,False,False,False,,1,3,True,A3_ONLY,True,1,1,3
84658b1,84658.f1,Zha16_no_2_tors,84658,False,False,False,,1,3,True,A3_ONLY,True,1,1,3
84733a1,84733.a2,Zha16_no_2_tors,84733,True,False,False,3,1;3,1,False,ISOGENY_ONLY,True,3,3,1
84779a1,84779.a1,Zha16_no_2_tors,84779,False,False,False,,1,-3,True,A3_ONLY,True,7,7,-3
84790a1,84790.c1,Zha16_no_2_tors,84790,False,False,False,,1,3,True,A3_ONLY,True,1,1,3
84790e1,84790.d1,Zha16_no_2_tors,84790,False,False,False,,1,-3,True,A3_ONLY,True,7,7,-3
84814b1,84814.b1,Zha16_no_2_tors,84814,False,False,False,,1,3,True,A3_ONLY,True,1,1,3
85030m1,85030.h2,Zha16_no_2_tors,85030,True,False,False,3,1;3,-2,False,ISOGENY_ONLY,True,6,6,-2
85190a1,85190.a1,Zha16_no_2_tors,85190,False,False,False,,1,3,True,A3_ONLY,True,1,1,3
85190e1,85190.d2,Zha16_no_2_tors,85190,True,False,False,3,1;3,1,False,ISOGENY_ONLY,True,3,3,1
85214a1,85214.a1,Zha16_no_2_tors,85214,False,False,False,,1,3,True,A3_ONLY,True,1,1,3
85226b1,85226.b2,Zha16_no_2_tors,85226,True,False,False,3,1;3,1,False,ISOGENY_ONLY,True,3,3,1
85330b1,85330.b2,Zha16_no_2_tors,85330,True,False,False,3,1;3,-2,False,ISOGENY_ONLY,True,6,6,-2
85330e1,85330.j1,Zha16_no_2_tors,85330,False,False,False,,1,3,True,A3_ONLY,True,1,1,3
85490d1,85490.a2,Zha16_no_2_tors,85490,True,False,False,3,1;3,-2,False,ISOGENY_ONLY,True,6,6,-2
85595b1,85595.a2,Zha16_no_2_tors,85595,True,False,False,3,1;3,1,False,ISOGENY_ONLY,True,3,3,1
85642a1,85642.a2,Zha16_no_2_tors,85642,True,False,False,3,1;3,1,False,ISOGENY_ONLY,True,3,3,1
85642b1,85642.b1,Zha16_no_2_tors,85642,False,False,False,,1,3,True,A3_ONLY,True,1,1,3
85646a1,85646.a2,Zha16_no_2_tors,85646,True,False,False,3,1;3,-2,False,ISOGENY_ONLY,True,6,6,-2
85666a1,85666.a1,Zha16_no_2_tors,85666,False,False,False,,1,-3,True,A3_ONLY,True,7,7,-3
85666i1,85666.i2,Zha16_no_2_tors,85666,True,False,False,3,1;3,1,False,ISOGENY_ONLY,True,3,3,1
85714j1,85714.i2,Zha16_no_2_tors,85714,True,False,False,3,1;3,-2,False,ISOGENY_ONLY,True,6,6,-2
85858c1,85858.b1,Zha16_no_2_tors,85858,True,False,False,3,1;3,-2,False,ISOGENY_ONLY,True,6,6,-2
85859b1,85859.b1,Zha16_no_2_tors,85859,False,False,False,,1,3,True,A3_ONLY,True,1,1,3
86074a1,86074.a1,Zha16_no_2_tors,86074,False,False,False,,1,-3,True,A3_ONLY,True,7,7,-3
86147a1,86147.a1,Zha16_no_2_tors,86147,False,False,False,,1,3,True,A3_ONLY,True,1,1,3
86210b1,86210.e1,Zha16_no_2_tors,86210,True,False,False,3,1;3,1,False,ISOGENY_ONLY,True,3,3,1
86221d1,86221.c1,Zha16_no_2_tors,86221,False,False,False,,1,3,True,A3_ONLY,True,1,1,3
86315b1,86315.b1,Zha16_no_2_tors,86315,False,False,False,,1,3,True,A3_ONLY,True,1,1,3
86317b1,86317.a1,Zha16_no_2_tors,86317,False,False,False,,1,3,True,A3_ONLY,True,1,1,3
86326b1,86326.b1,Zha16_no_2_tors,86326,False,False,False,,1,3,True,A3_ONLY,True,1,1,3
86437a1,86437.a1,Zha16_no_2_tors,86437,False,False,False,,1,-3,True,A3_ONLY,True,7,7,-3
86558a1,86558.a1,Zha16_no_2_tors,86558,False,False,False,,1,3,True,A3_ONLY,True,1,1,3
86597b1,86597.a1,Zha16_no_2_tors,86597,False,False,False,,1,-3,True,A3_ONLY,True,7,7,-3
86915a1,86915.a1,Zha16_no_2_tors,86915,False,False,False,,1,-3,True,A3_ONLY,True,7,7,-3
86995a1,86995.c2,Zha16_no_2_tors,86995,True,False,False,3,1;3,-2,False,ISOGENY_ONLY,True,6,6,-2
87218b1,87218.a1,Zha16_no_2_tors,87218,False,False,False,,1,-3,True,A3_ONLY,True,7,7,-3
87230b1,87230.c2,Zha16_no_2_tors,87230,True,False,False,3,1;3;9,1,False,ISOGENY_ONLY,True,3,3,1
87230d1,87230.d1,Zha16_no_2_tors,87230,False,False,False,,1,3,True,A3_ONLY,True,1,1,3
87406g1,87406.g1,Zha16_no_2_tors,87406,False,False,False,,1,3,True,A3_ONLY,True,1,1,3
87461a1,87461.b1,Zha16_no_2_tors,87461,False,False,False,,1,3,True,A3_ONLY,True,1,1,3
87571a1,87571.a1,Zha16_no_2_tors,87571,True,False,False,3,1;3,-2,False,ISOGENY_ONLY,True,6,6,-2
87754e1,87754.f1,Zha16_no_2_tors,87754,False,False,False,,1,3,True,A3_ONLY,True,1,1,3
87842a1,87842.a1,Zha16_no_2_tors,87842,False,False,False,,1,3,True,A3_ONLY,True,1,1,3
87874a1,87874.a1,Zha16_no_2_tors,87874,False,False,False,,1,3,True,A3_ONLY,True,1,1,3
87874c1,87874.c1,Zha16_no_2_tors,87874,False,False,False,,1,3,True,A3_ONLY,True,1,1,3
88403b1,88403.b1,Zha16_no_2_tors,88403,False,False,False,,1,3,True,A3_ONLY,True,1,1,3
88415a1,88415.a1,Zha16_no_2_tors,88415,False,False,False,,1,3,True,A3_ONLY,True,1,1,3
88426d1,88426.a1,Zha16_no_2_tors,88426,False,False,False,,1,-3,True,A3_ONLY,True,7,7,-3
88694b1,88694.b1,Zha16_no_2_tors,88694,False,False,False,,1,3,True,A3_ONLY,True,1,1,3
88870a1,88870.a1,Zha16_no_2_tors,88870,False,False,False,,1,3,True,A3_ONLY,True,1,1,3
88946b1,88946.a1,Zha16_no_2_tors,88946,True,False,False,3,1;3,1,False,ISOGENY_ONLY,True,3,3,1
88970d1,88970.g1,Zha16_no_2_tors,88970,True,False,False,3,1;3,1,False,ISOGENY_ONLY,True,3,3,1
88970o1,88970.x2,Zha16_no_2_tors,88970,True,False,False,3,1;3;9,1,False,ISOGENY_ONLY,True,3,3,1
88970p1,88970.v2,Zha16_no_2_tors,88970,True,False,False,3,1;3,1,False,ISOGENY_ONLY,True,3,3,1
89195a1,89195.a1,Zha16_no_2_tors,89195,False,False,False,,1,3,True,A3_ONLY,True,1,1,3
89219a1,89219.a1,Zha16_no_2_tors,89219,False,False,False,,1,3,True,A3_ONLY,True,1,1,3
89342d1,89342.b2,Zha16_no_2_tors,89342,True,False,False,3,1;3,-2,False,ISOGENY_ONLY,True,6,6,-2
89390c1,89390.c1,Zha16_no_2_tors,89390,False,False,False,,1,3,True,A3_ONLY,True,1,1,3
89555c1,89555.a1,Zha16_no_2_tors,89555,False,False,False,,1,3,True,A3_ONLY,True,1,1,3
89834a1,89834.a1,Zha16_no_2_tors,89834,False,False,False,,1,3,True,A3_ONLY,True,1,1,3
89990a1,89990.a1,Zha16_no_2_tors,89990,False,False,False,,1,-3,True,A3_ONLY,True,7,7,-3
90074b1,90074.b1,Zha16_no_2_tors,90074,False,False,False,,1,3,True,A3_ONLY,True,1,1,3
90365a1,90365.a1,Zha16_no_2_tors,90365,False,False,False,,1,-3,True,A3_ONLY,True,7,7,-3
90370c1,90370.a1,Zha16_no_2_tors,90370,True,False,False,3,1;3;9,-2,False,ISOGENY_ONLY,True,6,6,-2
90461b1,90461.c1,Zha16_no_2_tors,90461,False,False,False,,1,3,True,A3_ONLY,True,1,1,3
90478b1,90478.a1,Zha16_no_2_tors,90478,False,False,False,,1,-3,True,A3_ONLY,True,7,7,-3
90521a1,90521.b1,Zha16_no_2_tors,90521,False,False,False,,1,3,True,A3_ONLY,True,1,1,3
90545c1,90545.e1,Zha16_no_2_tors,90545,False,False,False,,1,3,True,A3_ONLY,True,1,1,3
90706e1,90706.a1,Zha16_no_2_tors,90706,False,False,False,,1,-3,True,A3_ONLY,True,7,7,-3
90706m1,90706.i1,Zha16_no_2_tors,90706,False,False,False,,1,-3,True,A3_ONLY,True,7,7,-3
90734a1,90734.a2,Zha16_no_2_tors,90734,True,False,False,3,1;3,-2,False,ISOGENY_ONLY,True,6,6,-2
90794b1,90794.a1,Zha16_no_2_tors,90794,False,False,False,,1,-3,True,A3_ONLY,True,7,7,-3
90818a1,90818.a1,Zha16_no_2_tors,90818,False,False,False,,1,3,True,A3_ONLY,True,1,1,3
90827b1,90827.a1,Zha16_no_2_tors,90827,False,False,False,,1,-3,True,A3_ONLY,True,7,7,-3
90830b1,90830.d1,Zha16_no_2_tors,90830,False,False,False,,1,3,True,A3_ONLY,True,1,1,3
90874a1,90874.a1,Zha16_no_2_tors,90874,False,False,False,,1,-3,True,A3_ONLY,True,7,7,-3
90886f1,90886.c1,Zha16_no_2_tors,90886,True,False,False,3,1;3,-2,False,ISOGENY_ONLY,True,6,6,-2
91267a1,91267.a1,Zha16_no_2_tors,91267,True,False,False,3,1;3,-2,False,ISOGENY_ONLY,True,6,6,-2
91390h1,91390.k2,Zha16_no_2_tors,91390,True,False,False,3,1;3,1,False,ISOGENY_ONLY,True,3,3,1
91509c1,91509.a2,Zha16_no_2_tors,91509,False,True,False,5,1;5,1,False,ISOGENY_ONLY,False,3,2,-
91955a1,91955.b2,Zha16_no_2_tors,91955,True,False,False,3,1;3,1,False,ISOGENY_ONLY,True,3,3,1
92123a1,92123.a1,Zha16_no_2_tors,92123,False,False,False,,1,3,True,A3_ONLY,True,1,1,3
92258b1,92258.b1,Zha16_no_2_tors,92258,False,False,False,,1,-3,True,A3_ONLY,True,7,7,-3
92330j1,92330.i1,Zha16_no_2_tors,92330,True,False,False,3,1;3,1,False,ISOGENY_ONLY,True,3,3,1
92798d1,92798.c1,Zha16_no_2_tors,92798,False,False,False,,1,-3,True,A3_ONLY,True,7,7,-3
92842b1,92842.c2,Zha16_no_2_tors,92842,True,False,False,3,1;3,-2,False,ISOGENY_ONLY,True,6,6,-2
92890h1,92890.h1,Zha16_no_2_tors,92890,False,False,False,,1,-3,True,A3_ONLY,True,7,7,-3
92939h1,92939.a1,Zha16_no_2_tors,92939,False,False,False,,1,-3,True,A3_ONLY,True,7,7,-3
93038b1,93038.b1,Zha16_no_2_tors,93038,False,False,False,,1,3,True,A3_ONLY,True,1,1,3
93338b1,93338.c1,Zha16_no_2_tors,93338,False,False,False,,1,3,True,A3_ONLY,True,1,1,3
93398b1,93398.a1,Zha16_no_2_tors,93398,False,False,False,,1,-3,True,A3_ONLY,True,7,7,-3
93515a1,93515.a2,Zha16_no_2_tors,93515,True,False,False,3,1;3,1,False,ISOGENY_ONLY,True,3,3,1
93614b1,93614.a1,Zha16_no_2_tors,93614,False,False,False,,1,-3,True,A3_ONLY,True,7,7,-3
93670c1,93670.b2,Zha16_no_2_tors,93670,True,False,False,3,1;3,-2,False,ISOGENY_ONLY,True,6,6,-2
93794b1,93794.a1,Zha16_no_2_tors,93794,False,False,False,,1,-3,True,A3_ONLY,True,7,7,-3
93806c1,93806.d1,Zha16_no_2_tors,93806,False,False,False,,1,3,True,A3_ONLY,True,1,1,3
93986a1,93986.a1,Zha16_no_2_tors,93986,False,False,False,,1,3,True,A3_ONLY,True,1,1,3
94018a1,94018.a1,Zha16_no_2_tors,94018,True,False,False,3,1;3,-2,False,ISOGENY_ONLY,True,6,6,-2
94046a1,94046.a1,Zha16_no_2_tors,94046,True,False,False,3,1;3,1,False,ISOGENY_ONLY,True,3,3,1
94163b1,94163.a1,Zha16_no_2_tors,94163,False,False,False,,1,-3,True,A3_ONLY,True,7,7,-3
94213a1,94213.a1,Zha16_no_2_tors,94213,False,False,False,,1,3,True,A3_ONLY,True,1,1,3
94262a1,94262.a1,Zha16_no_2_tors,94262,False,False,False,,1,3,True,A3_ONLY,True,1,1,3
94498e1,94498.d2,Zha16_no_2_tors,94498,True,False,False,3,1;3,-2,False,ISOGENY_ONLY,True,6,6,-2
94745d1,94745.b1,Zha16_no_2_tors,94745,False,False,False,,1,3,True,A3_ONLY,True,1,1,3
94931c1,94931.c1,Zha16_no_2_tors,94931,False,False,False,,1,3,True,A3_ONLY,True,1,1,3
95018n1,95018.j2,Zha16_no_2_tors,95018,True,False,False,3,1;3,-2,False,ISOGENY_ONLY,True,6,6,-2
95105d1,95105.f1,Zha16_no_2_tors,95105,False,False,False,,1,3,True,A3_ONLY,True,1,1,3
95221c1,95221.b1,Zha16_no_2_tors,95221,False,False,False,,1,3,True,A3_ONLY,True,1,1,3
95438g1,95438.d1,Zha16_no_2_tors,95438,False,False,False,,1,-3,True,A3_ONLY,True,7,7,-3
95459a1,95459.a1,Zha16_no_2_tors,95459,False,False,False,,1,3,True,A3_ONLY,True,1,1,3
95473a1,95473.c1,Zha16_no_2_tors,95473,False,False,False,,1,3,True,A3_ONLY,True,1,1,3
95710a1,95710.a1,Zha16_no_2_tors,95710,False,False,False,,1,3,True,A3_ONLY,True,1,1,3
95710b1,95710.b1,Zha16_no_2_tors,95710,False,False,False,,1,-3,True,A3_ONLY,True,7,7,-3
95810f1,95810.j1,Zha16_no_2_tors,95810,True,False,False,3,1;3,1,False,ISOGENY_ONLY,True,3,3,1
95890h1,95890.c1,Zha16_no_2_tors,95890,True,False,False,3,1;3,-2,False,ISOGENY_ONLY,True,6,6,-2
96011a1,96011.a1,Zha16_no_2_tors,96011,False,False,False,,1,-3,True,A3_ONLY,True,7,7,-3
96022b1,96022.b1,Zha16_no_2_tors,96022,False,False,False,,1,3,True,A3_ONLY,True,1,1,3
96254h1,96254.n1,Zha16_no_2_tors,96254,False,False,False,,1,3,True,A3_ONLY,True,1,1,3
96254l1,96254.m1,Zha16_no_2_tors,96254,False,False,False,,1,3,True,A3_ONLY,True,1,1,3
96254n1,96254.o1,Zha16_no_2_tors,96254,False,False,False,,1,3,True,A3_ONLY,True,1,1,3
96490d1,96490.d2,Zha16_no_2_tors,96490,True,False,False,3,1;3,1,False,ISOGENY_ONLY,True,3,3,1
96563a1,96563.a2,Zha16_no_2_tors,96563,True,False,False,3,1;3,1,False,ISOGENY_ONLY,True,3,3,1
96634a1,96634.b1,Zha16_no_2_tors,96634,False,False,False,,1,3,True,A3_ONLY,True,1,1,3
96866m1,96866.m2,Zha16_no_2_tors,96866,True,False,False,3,1;3,1,False,ISOGENY_ONLY,True,3,3,1
96874b1,96874.b2,Zha16_no_2_tors,96874,True,False,False,3,1;3,-2,False,ISOGENY_ONLY,True,6,6,-2
96878a1,96878.a1,Zha16_no_2_tors,96878,False,False,False,,1,-3,True,A3_ONLY,True,7,7,-3
97019a1,97019.a1,Zha16_no_2_tors,97019,False,False,False,,1,3,True,A3_ONLY,True,1,1,3
97034h1,97034.j1,Zha16_no_2_tors,97034,False,False,False,,1,3,True,A3_ONLY,True,1,1,3
97054a1,97054.a2,Zha16_no_2_tors,97054,True,False,False,3,1;3,1,False,ISOGENY_ONLY,True,3,3,1
97262a1,97262.a1,Zha16_no_2_tors,97262,False,False,False,,1,3,True,A3_ONLY,True,1,1,3
97307b1,97307.a1,Zha16_no_2_tors,97307,False,False,False,,1,3,True,A3_ONLY,True,1,1,3
97309c1,97309.b3,Zha16_no_2_tors,97309,True,False,False,3,1;3;9,1,False,ISOGENY_ONLY,True,3,3,1
97322b1,97322.a1,Zha16_no_2_tors,97322,False,False,False,,1,-3,True,A3_ONLY,True,7,7,-3
97414a1,97414.a2,Zha16_no_2_tors,97414,True,False,False,3,1;3,-2,False,ISOGENY_ONLY,True,6,6,-2
97490a1,97490.a1,Zha16_no_2_tors,97490,False,False,False,,1,-3,True,A3_ONLY,True,7,7,-3
97570a1,97570.b2,Zha16_no_2_tors,97570,True,False,False,3,1;3,1,False,ISOGENY_ONLY,True,3,3,1
97574a1,97574.a1,Zha16_no_2_tors,97574,False,False,False,,1,3,True,A3_ONLY,True,1,1,3
97646a1,97646.a1,Zha16_no_2_tors,97646,False,False,False,,1,3,True,A3_ONLY,True,1,1,3
97754a1,97754.a1,Zha16_no_2_tors,97754,False,False,False,,1,3,True,A3_ONLY,True,1,1,3
97955a1,97955.a2,Zha16_no_2_tors,97955,True,False,False,3,1;3,1,False,ISOGENY_ONLY,True,3,3,1
98018a1,98018.a1,Zha16_no_2_tors,98018,False,False,False,,1,3,True,A3_ONLY,True,1,1,3
98078b1,98078.b1,Zha16_no_2_tors,98078,True,False,False,3,1;3,1,False,ISOGENY_ONLY,True,3,3,1
98230e1,98230.c1,Zha16_no_2_tors,98230,True,False,False,3,1;3,-2,False,ISOGENY_ONLY,True,6,6,-2
98390d1,98390.f1,Zha16_no_2_tors,98390,False,False,False,,1,3,True,A3_ONLY,True,1,1,3
98546b1,98546.b1,Zha16_no_2_tors,98546,False,False,False,,1,3,True,A3_ONLY,True,1,1,3
98570a1,98570.a1,Zha16_no_2_tors,98570,False,False,False,,1,3,True,A3_ONLY,True,1,1,3
98626d1,98626.h1,Zha16_no_2_tors,98626,False,False,False,,1,3,True,A3_ONLY,True,1,1,3
98626h1,98626.g2,Zha16_no_2_tors,98626,True,False,False,3,1;3,1,False,ISOGENY_ONLY,True,3,3,1
98933b1,98933.b2,Zha16_no_2_tors,98933,True,False,False,3,1;3,-2,False,ISOGENY_ONLY,True,6,6,-2
99037a1,99037.a1,Zha16_no_2_tors,99037,False,False,False,,1,-3,True,A3_ONLY,True,7,7,-3
99086d1,99086.a1,Zha16_no_2_tors,99086,False,False,False,,1,-3,True,A3_ONLY,True,7,7,-3
99146b1,99146.a2,Zha16_no_2_tors,99146,True,False,False,3,1;3,-2,False,ISOGENY_ONLY,True,6,6,-2
99358c1,99358.c1,Zha16_no_2_tors,99358,False,False,False,,1,3,True,A3_ONLY,True,1,1,3
99374b1,99374.b1,Zha16_no_2_tors,99374,False,False,False,,1,3,True,A3_ONLY,True,1,1,3
99437a1,99437.a2,Zha16_no_2_tors,99437,True,False,False,3,1;3,-2,False,ISOGENY_ONLY,True,6,6,-2
99454a1,99454.a1,Zha16_no_2_tors,99454,False,False,False,,1,3,True,A3_ONLY,True,1,1,3
99494a1,99494.a1,Zha16_no_2_tors,99494,False,False,False,,1,3,True,A3_ONLY,True,1,1,3
99698c1,99698.a2,Zha16_no_2_tors,99698,True,False,False,3,1;3,-2,False,ISOGENY_ONLY,True,6,6,-2
99755b1,99755.a2,Zha16_no_2_tors,99755,True,False,False,3,1;3,1,False,ISOGENY_ONLY,True,3,3,1
99958b1,99958.b1,Zha16_no_2_tors,99958,True,False,False,3,1;3,-2,False,ISOGENY_ONLY,True,6,6,-2
99979b1,99979.b2,Zha16_no_2_tors,99979,True,False,False,3,1;3,-2,False,ISOGENY_ONLY,True,6,6,-2
100007a1,100007.a1,Zha16_no_2_tors,100007,False,False,False,,1,-3,True,A3_ONLY,True,7,7,-3
100115a1,100115.a1,Zha16_no_2_tors,100115,False,False,False,,1,3,True,A3_ONLY,True,1,1,3
100406c1,100406.d1,Zha16_no_2_tors,100406,False,False,False,,1,3,True,A3_ONLY,True,1,1,3
100813a1,100813.a1,Zha16_no_2_tors,100813,False,False,False,,1,-3,True,A3_ONLY,True,7,7,-3
101002b1,101002.a2,Zha16_no_2_tors,101002,True,False,False,3,1;3,-2,False,ISOGENY_ONLY,True,6,6,-2
101194c1,101194.c1,Zha16_no_2_tors,101194,False,False,False,,1,3,True,A3_ONLY,True,1,1,3
101395c1,101395.b1,Zha16_no_2_tors,101395,False,False,False,,1,3,True,A3_ONLY,True,1,1,3
101597a1,101597.a2,Zha16_no_2_tors,101597,True,False,False,3,1;3,-2,False,ISOGENY_ONLY,True,6,6,-2
101618g1,101618.e1,Zha16_no_2_tors,101618,False,True,False,5,1;5,-1,False,ISOGENY_ONLY,True,5,5,-1
101974b1,101974.b1,Zha16_no_2_tors,101974,False,False,False,,1,3,True,A3_ONLY,True,1,1,3
102283a1,102283.a1,Zha16_no_2_tors,102283,True,False,False,3,1;3,-2,False,ISOGENY_ONLY,True,6,6,-2
102442f1,102442.f1,Zha16_no_2_tors,102442,False,False,False,,1,3,True,A3_ONLY,True,1,1,3
103106a1,103106.a1,Zha16_no_2_tors,103106,False,False,False,,1,3,True,A3_ONLY,True,1,1,3
103190f1,103190.g1,Zha16_no_2_tors,103190,False,False,False,,1,3,True,A3_ONLY,True,1,1,3
103433a1,103433.a1,Zha16_no_2_tors,103433,False,False,False,,1,-3,True,A3_ONLY,True,7,7,-3
103645a1,103645.d1,Zha16_no_2_tors,103645,False,False,False,,1,-3,True,A3_ONLY,True,7,7,-3
103730o1,103730.o2,Zha16_no_2_tors,103730,True,False,False,3,1;3,1,False,ISOGENY_ONLY,True,3,3,1
103738a1,103738.a1,Zha16_no_2_tors,103738,False,False,False,,1,3,True,A3_ONLY,True,1,1,3
103763a1,103763.a1,Zha16_no_2_tors,103763,False,False,False,,1,3,True,A3_ONLY,True,1,1,3
103790b1,103790.c1,Zha16_no_2_tors,103790,False,False,False,,1,3,True,A3_ONLY,True,1,1,3
103805b1,103805.b1,Zha16_no_2_tors,103805,False,False,False,,1,3,True,A3_ONLY,True,1,1,3
103814a1,103814.a1,Zha16_no_2_tors,103814,False,False,False,,1,-3,True,A3_ONLY,True,7,7,-3
103858d1,103858.g1,Zha16_no_2_tors,103858,False,False,False,,1,3,True,A3_ONLY,True,1,1,3
103870l1,103870.j2,Zha16_no_2_tors,103870,True,False,False,3,1;3,1,False,ISOGENY_ONLY,True,3,3,1
103870m1,103870.m1,Zha16_no_2_tors,103870,False,False,False,,1,3,True,A3_ONLY,True,1,1,3
103894d1,103894.d1,Zha16_no_2_tors,103894,False,False,False,,1,3,True,A3_ONLY,True,1,1,3
104210d1,104210.e2,Zha16_no_2_tors,104210,True,False,False,3,1;3,1,False,ISOGENY_ONLY,True,3,3,1
104371b1,104371.a1,Zha16_no_2_tors,104371,True,False,False,3,1;3,-2,False,ISOGENY_ONLY,True,6,6,-2
104438c1,104438.c1,Zha16_no_2_tors,104438,False,False,False,,1,3,True,A3_ONLY,True,1,1,3
104461a1,104461.a1,Zha16_no_2_tors,104461,False,False,False,,1,3,True,A3_ONLY,True,1,1,3
104533c1,104533.c1,Zha16_no_2_tors,104533,False,False,False,,1,3,True,A3_ONLY,True,1,1,3
104546a1,104546.a1,Zha16_no_2_tors,104546,False,False,False,,1,3,True,A3_ONLY,True,1,1,3
104630b1,104630.b1,Zha16_no_2_tors,104630,False,False,False,,1,3,True,A3_ONLY,True,1,1,3
104755e1,104755.c2,Zha16_no_2_tors,104755,True,False,False,3,1;3;9,-2,False,ISOGENY_ONLY,True,6,6,-2
104819a1,104819.b1,Zha16_no_2_tors,104819,False,False,False,,1,3,True,A3_ONLY,True,1,1,3
104902d1,104902.d2,Zha16_no_2_tors,104902,True,False,False,3,1;3,1,False,ISOGENY_ONLY,True,3,3,1
104995a1,104995.a1,Zha16_no_2_tors,104995,True,False,False,3,1;3,-2,False,ISOGENY_ONLY,True,6,6,-2
105035b1,105035.a1,Zha16_no_2_tors,105035,False,False,False,,1,3,True,A3_ONLY,True,1,1,3
105070g1,105070.a1,Zha16_no_2_tors,105070,False,False,False,,1,-3,True,A3_ONLY,True,7,7,-3
105205b1,105205.b1,Zha16_no_2_tors,105205,False,False,False,,1,-3,True,A3_ONLY,True,7,7,-3
105355f1,105355.g1,Zha16_no_2_tors,105355,False,False,False,,1,3,True,A3_ONLY,True,1,1,3
105469a1,105469.a1,Zha16_no_2_tors,105469,False,False,False,,1,3,True,A3_ONLY,True,1,1,3
105482a1,105482.b1,Zha16_no_2_tors,105482,False,False,False,,1,3,True,A3_ONLY,True,1,1,3
105518a1,105518.a1,Zha16_no_2_tors,105518,False,False,False,,1,3,True,A3_ONLY,True,1,1,3
105545d1,105545.c1,Zha16_no_2_tors,105545,False,False,False,,1,3,True,A3_ONLY,True,1,1,3
105830f1,105830.b2,Zha16_no_2_tors,105830,True,False,False,3,1;3,-2,False,ISOGENY_ONLY,True,6,6,-2
105842d1,105842.a1,Zha16_no_2_tors,105842,False,False,False,,1,-3,True,A3_ONLY,True,7,7,-3
105910q1,105910.n1,Zha16_no_2_tors,105910,True,False,False,3,1;3,-2,False,ISOGENY_ONLY,True,6,6,-2
107074b1,107074.b1,Zha16_no_2_tors,107074,False,False,False,,1,3,True,A3_ONLY,True,1,1,3
107189c1,107189.e1,Zha16_no_2_tors,107189,False,False,False,,1,3,True,A3_ONLY,True,1,1,3
107290c1,107290.c1,Zha16_no_2_tors,107290,False,False,False,,1,3,True,A3_ONLY,True,1,1,3
107386a1,107386.a1,Zha16_no_2_tors,107386,False,False,False,,1,3,True,A3_ONLY,True,1,1,3
107533a1,107533.b1,Zha16_no_2_tors,107533,False,False,False,,1,-3,True,A3_ONLY,True,7,7,-3
107770b1,107770.c1,Zha16_no_2_tors,107770,False,False,False,,1,3,True,A3_ONLY,True,1,1,3
107770e1,107770.d1,Zha16_no_2_tors,107770,False,False,False,,1,-3,True,A3_ONLY,True,7,7,-3
107891b1,107891.a1,Zha16_no_2_tors,107891,False,False,False,,1,3,True,A3_ONLY,True,1,1,3
108035b1,108035.b1,Zha16_no_2_tors,108035,False,False,False,,1,-3,True,A3_ONLY,True,7,7,-3
108082a1,108082.a1,Zha16_no_2_tors,108082,False,False,False,,1,3,True,A3_ONLY,True,1,1,3
108170c1,108170.f1,Zha16_no_2_tors,108170,False,False,False,,1,3,True,A3_ONLY,True,1,1,3
108218b1,108218.c1,Zha16_no_2_tors,108218,True,False,False,3,1;3,1,False,ISOGENY_ONLY,True,3,3,1
108358a1,108358.a2,Zha16_no_2_tors,108358,True,False,False,3,1;3,1,False,ISOGENY_ONLY,True,3,3,1
108467b1,108467.a1,Zha16_no_2_tors,108467,False,False,False,,1,-3,True,A3_ONLY,True,7,7,-3
108491a1,108491.a1,Zha16_no_2_tors,108491,True,False,False,3,1;3,1,False,ISOGENY_ONLY,True,3,3,1
108766l1,108766.e2,Zha16_no_2_tors,108766,True,False,False,3,1;3,-2,False,ISOGENY_ONLY,True,6,6,-2
108814a1,108814.a1,Zha16_no_2_tors,108814,False,False,False,,1,-3,True,A3_ONLY,True,7,7,-3
109043a1,109043.a1,Zha16_no_2_tors,109043,False,False,False,,1,-3,True,A3_ONLY,True,7,7,-3
109282a1,109282.a2,Zha16_no_2_tors,109282,True,False,False,3,1;3,-2,False,ISOGENY_ONLY,True,6,6,-2
109754c1,109754.b1,Zha16_no_2_tors,109754,False,False,False,,1,-3,True,A3_ONLY,True,7,7,-3
109915c1,109915.b2,Zha16_no_2_tors,109915,True,False,False,3,1;3,-2,False,ISOGENY_ONLY,True,6,6,-2
109958a1,109958.a1,Zha16_no_2_tors,109958,False,False,False,,1,3,True,A3_ONLY,True,1,1,3
109979a1,109979.a1,Zha16_no_2_tors,109979,False,False,False,,1,3,True,A3_ONLY,True,1,1,3
110074b1,110074.b2,Zha16_no_2_tors,110074,False,True,False,5,1;5,-1,False,ISOGENY_ONLY,True,5,5,-1
110123a1,110123.a1,Zha16_no_2_tors,110123,False,False,False,,1,3,True,A3_ONLY,True,1,1,3
110174a1,110174.a1,Zha16_no_2_tors,110174,False,False,False,,1,-3,True,A3_ONLY,True,7,7,-3
110222e1,110222.e1,Zha16_no_2_tors,110222,False,False,False,,1,-3,True,A3_ONLY,True,7,7,-3
110303b1,110303.c1,Zha16_no_2_tors,110303,False,False,False,,1,3,True,A3_ONLY,True,1,1,3
110546c1,110546.c2,Zha16_no_2_tors,110546,True,False,False,3,1;3,1,False,ISOGENY_ONLY,True,3,3,1
110698a1,110698.a1,Zha16_no_2_tors,110698,True,False,False,3,1;3,-2,False,ISOGENY_ONLY,True,6,6,-2
110747a1,110747.b2,Zha16_no_2_tors,110747,True,False,False,3,1;3,1,False,ISOGENY_ONLY,True,3,3,1
110845c1,110845.c1,Zha16_no_2_tors,110845,False,False,False,,1,3,True,A3_ONLY,True,1,1,3
110942c1,110942.e1,Zha16_no_2_tors,110942,False,False,False,,1,3,True,A3_ONLY,True,1,1,3
111145c1,111145.a1,Zha16_no_2_tors,111145,False,False,False,,1,3,True,A3_ONLY,True,1,1,3
111538b1,111538.a1,Zha16_no_2_tors,111538,True,False,False,3,1;3,-2,False,ISOGENY_ONLY,True,6,6,-2
111538e1,111538.d1,Zha16_no_2_tors,111538,True,False,False,3,1;3,-2,False,ISOGENY_ONLY,True,6,6,-2
111626d1,111626.g1,Zha16_no_2_tors,111626,False,False,False,,1,3,True,A3_ONLY,True,1,1,3
111755b1,111755.a1,Zha16_no_2_tors,111755,False,False,False,,1,3,True,A3_ONLY,True,1,1,3
111862a1,111862.a1,Zha16_no_2_tors,111862,False,False,False,,1,3,True,A3_ONLY,True,1,1,3
111998a1,111998.a1,Zha16_no_2_tors,111998,False,False,False,,1,-3,True,A3_ONLY,True,7,7,-3
112058a1,112058.a1,Zha16_no_2_tors,112058,False,False,False,,1,3,True,A3_ONLY,True,1,1,3
112610a1,112610.a1,Zha16_no_2_tors,112610,False,False,False,,1,-3,True,A3_ONLY,True,7,7,-3
112658a1,112658.a3,Zha16_no_2_tors,112658,True,False,False,3,1;3;9,1,False,ISOGENY_ONLY,True,3,3,1
112882a1,112882.d1,Zha16_no_2_tors,112882,False,False,False,,1,3,True,A3_ONLY,True,1,1,3
112886b1,112886.b1,Zha16_no_2_tors,112886,False,False,False,,1,3,True,A3_ONLY,True,1,1,3
112970l1,112970.j1,Zha16_no_2_tors,112970,False,False,False,,1,-3,True,A3_ONLY,True,7,7,-3
113042a1,113042.a1,Zha16_no_2_tors,113042,False,False,False,,1,3,True,A3_ONLY,True,1,1,3
113114c1,113114.d1,Zha16_no_2_tors,113114,False,False,False,,1,3,True,A3_ONLY,True,1,1,3
113162i1,113162.d1,Zha16_no_2_tors,113162,False,False,False,,1,-3,True,A3_ONLY,True,7,7,-3
113221b1,113221.a1,Zha16_no_2_tors,113221,False,False,False,,1,3,True,A3_ONLY,True,1,1,3
113426a1,113426.a1,Zha16_no_2_tors,113426,False,False,False,,1,-3,True,A3_ONLY,True,7,7,-3
113522b1,113522.c1,Zha16_no_2_tors,113522,False,False,False,,1,3,True,A3_ONLY,True,1,1,3
113522c1,113522.b2,Zha16_no_2_tors,113522,False,True,False,5,1;5,-1,False,ISOGENY_ONLY,True,5,5,-1
113555b1,113555.a2,Zha16_no_2_tors,113555,True,False,False,3,1;3,1,False,ISOGENY_ONLY,True,3,3,1
113570h1,113570.h1,Zha16_no_2_tors,113570,False,False,False,,1,3,True,A3_ONLY,True,1,1,3
113570q1,113570.r1,Zha16_no_2_tors,113570,False,False,False,,1,3,True,A3_ONLY,True,1,1,3
113590c1,113590.c1,Zha16_no_2_tors,113590,False,False,False,,1,-3,True,A3_ONLY,True,7,7,-3
113666g1,113666.h1,Zha16_no_2_tors,113666,False,False,False,,1,3,True,A3_ONLY,True,1,1,3
113726b1,113726.b1,Zha16_no_2_tors,113726,False,False,False,,1,3,True,A3_ONLY,True,1,1,3
113762a1,113762.a1,Zha16_no_2_tors,113762,False,False,False,,1,3,True,A3_ONLY,True,1,1,3
113965b1,113965.a2,Zha16_no_2_tors,113965,True,False,False,3,1;3,1,False,ISOGENY_ONLY,True,3,3,1
114010f1,114010.a2,Zha16_no_2_tors,114010,True,False,False,3,1;3,-2,False,ISOGENY_ONLY,True,6,6,-2
114011a1,114011.a1,Zha16_no_2_tors,114011,False,False,False,,1,3,True,A3_ONLY,True,1,1,3
114218c1,114218.c1,Zha16_no_2_tors,114218,False,False,False,,1,-3,True,A3_ONLY,True,7,7,-3
114307a1,114307.a1,Zha16_no_2_tors,114307,False,False,False,,1,3,True,A3_ONLY,True,1,1,3
114374c1,114374.c1,Zha16_no_2_tors,114374,False,False,False,,1,-3,True,A3_ONLY,True,7,7,-3
114398b1,114398.a1,Zha16_no_2_tors,114398,False,False,False,,1,-3,True,A3_ONLY,True,7,7,-3
114422i1,114422.h1,Zha16_no_2_tors,114422,True,False,False,3,1;3,1,False,ISOGENY_ONLY,True,3,3,1
114443a1,114443.a1,Zha16_no_2_tors,114443,False,False,False,,1,3,True,A3_ONLY,True,1,1,3
114494a1,114494.b1,Zha16_no_2_tors,114494,False,True,False,5,1;5,-1,False,ISOGENY_ONLY,True,5,5,-1
114494b1,114494.a1,Zha16_no_2_tors,114494,False,False,False,,1,-3,True,A3_ONLY,True,7,7,-3
114589e1,114589.d2,Zha16_no_2_tors,114589,True,False,False,3,1;3,1,False,ISOGENY_ONLY,True,3,3,1
114595c1,114595.b1,Zha16_no_2_tors,114595,True,False,False,3,1;3,-2,False,ISOGENY_ONLY,True,6,6,-2
114662a1,114662.a1,Zha16_no_2_tors,114662,False,False,False,,1,3,True,A3_ONLY,True,1,1,3
114722a1,114722.a1,Zha16_no_2_tors,114722,False,False,False,,1,-3,True,A3_ONLY,True,7,7,-3
114730d1,114730.c1,Zha16_no_2_tors,114730,True,False,False,3,1;3,-2,False,ISOGENY_ONLY,True,6,6,-2
114730j1,114730.f1,Zha16_no_2_tors,114730,True,False,False,3,1;3,-2,False,ISOGENY_ONLY,True,6,6,-2
115093a1,115093.a1,Zha16_no_2_tors,115093,False,False,False,,1,-3,True,A3_ONLY,True,7,7,-3
115334a1,115334.a1,Zha16_no_2_tors,115334,False,False,False,,1,3,True,A3_ONLY,True,1,1,3
115430c1,115430.a1,Zha16_no_2_tors,115430,False,False,False,,1,-3,True,A3_ONLY,True,7,7,-3
115430m1,115430.p1,Zha16_no_2_tors,115430,True,False,False,3,1;3,1,False,ISOGENY_ONLY,True,3,3,1
115685a1,115685.g1,Zha16_no_2_tors,115685,False,False,False,,1,3,True,A3_ONLY,True,1,1,3
115805c1,115805.b2,Zha16_no_2_tors,115805,True,False,False,3,1;3,-2,False,ISOGENY_ONLY,True,6,6,-2
115913b1,115913.a1,Zha16_no_2_tors,115913,False,False,False,,1,3,True,A3_ONLY,True,1,1,3
115978a1,115978.b1,Zha16_no_2_tors,115978,False,False,False,,1,3,True,A3_ONLY,True,1,1,3
116029b1,116029.b1,Zha16_no_2_tors,116029,False,False,False,,1,3,True,A3_ONLY,True,1,1,3
116171a1,116171.a1,Zha16_no_2_tors,116171,False,False,False,,1,-3,True,A3_ONLY,True,7,7,-3
116258a1,116258.a1,Zha16_no_2_tors,116258,False,False,False,,1,3,True,A3_ONLY,True,1,1,3
116435d1,116435.b1,Zha16_no_2_tors,116435,True,False,False,3,1;3,1,False,ISOGENY_ONLY,True,3,3,1
116630i1,116630.h1,Zha16_no_2_tors,116630,True,False,False,3,1;3,1,False,ISOGENY_ONLY,True,3,3,1
116642c1,116642.c1,Zha16_no_2_tors,116642,False,False,False,,1,3,True,A3_ONLY,True,1,1,3
116698d1,116698.d2,Zha16_no_2_tors,116698,True,False,False,3,1;3,1,False,ISOGENY_ONLY,True,3,3,1
116702c1,116702.c2,Zha16_no_2_tors,116702,True,False,False,3,1;3,1,False,ISOGENY_ONLY,True,3,3,1
116822b1,116822.b1,Zha16_no_2_tors,116822,False,False,False,,1,3,True,A3_ONLY,True,1,1,3
116966a1,116966.a2,Zha16_no_2_tors,116966,True,False,False,3,1;3,1,False,ISOGENY_ONLY,True,3,3,1
117038a1,117038.a1,Zha16_no_2_tors,117038,False,False,False,,1,3,True,A3_ONLY,True,1,1,3
117046a1,117046.a1,Zha16_no_2_tors,117046,False,False,False,,1,3,True,A3_ONLY,True,1,1,3
117058a1,117058.b2,Zha16_no_2_tors,117058,True,False,False,3,1;3,1,False,ISOGENY_ONLY,True,3,3,1
117118d1,117118.d1,Zha16_no_2_tors,117118,False,False,False,,1,3,True,A3_ONLY,True,1,1,3
117118e1,117118.e1,Zha16_no_2_tors,117118,False,False,False,,1,3,True,A3_ONLY,True,1,1,3
117515a1,117515.a1,Zha16_no_2_tors,117515,False,False,False,,1,-3,True,A3_ONLY,True,7,7,-3
117622a1,117622.c2,Zha16_no_2_tors,117622,True,False,False,3,1;3,1,False,ISOGENY_ONLY,True,3,3,1
117901a1,117901.a1,Zha16_no_2_tors,117901,False,False,False,,1,3,True,A3_ONLY,True,1,1,3
118178a1,118178.a1,Zha16_no_2_tors,118178,False,False,False,,1,-3,True,A3_ONLY,True,7,7,-3
118198a1,118198.a1,Zha16_no_2_tors,118198,True,False,False,3,1;3,-2,False,ISOGENY_ONLY,True,6,6,-2
118306a1,118306.d2,Zha16_no_2_tors,118306,True,False,False,3,1;3,1,False,ISOGENY_ONLY,True,3,3,1
118370y1,118370.s1,Zha16_no_2_tors,118370,False,False,False,,1,-3,True,A3_ONLY,True,7,7,-3
118439c1,118439.c1,Zha16_no_2_tors,118439,False,False,False,,1,-3,True,A3_ONLY,True,7,7,-3
118514a1,118514.a1,Zha16_no_2_tors,118514,False,False,False,,1,-3,True,A3_ONLY,True,7,7,-3
118526a1,118526.a1,Zha16_no_2_tors,118526,False,False,False,,1,3,True,A3_ONLY,True,1,1,3
118634c1,118634.c1,Zha16_no_2_tors,118634,False,False,False,,1,3,True,A3_ONLY,True,1,1,3
118790h1,118790.h1,Zha16_no_2_tors,118790,False,False,False,,1,3,True,A3_ONLY,True,1,1,3
118979a1,118979.b1,Zha16_no_2_tors,118979,False,False,False,,1,-3,True,A3_ONLY,True,7,7,-3
119017b1,119017.a1,Zha16_no_2_tors,119017,False,False,False,,1,-3,True,A3_ONLY,True,7,7,-3
119038b1,119038.c1,Zha16_no_2_tors,119038,False,False,False,,1,3,True,A3_ONLY,True,1,1,3
119042g1,119042.g1,Zha16_no_2_tors,119042,False,False,False,,1,3,True,A3_ONLY,True,1,1,3
119054j1,119054.g1,Zha16_no_2_tors,119054,False,False,False,,1,-3,True,A3_ONLY,True,7,7,-3
119090a1,119090.a1,Zha16_no_2_tors,119090,False,False,False,,1,-3,True,A3_ONLY,True,7,7,-3
119446a1,119446.a1,Zha16_no_2_tors,119446,False,False,False,,1,3,True,A3_ONLY,True,1,1,3
119510a1,119510.b2,Zha16_no_2_tors,119510,True,False,False,3,1;3,1,False,ISOGENY_ONLY,True,3,3,1
119510j1,119510.f1,Zha16_no_2_tors,119510,False,False,False,,1,-3,True,A3_ONLY,True,7,7,-3
119573a1,119573.a1,Zha16_no_2_tors,119573,False,False,False,,1,3,True,A3_ONLY,True,1,1,3
119582a1,119582.a1,Zha16_no_2_tors,119582,False,False,False,,1,-3,True,A3_ONLY,True,7,7,-3
119602d1,119602.g1,Zha16_no_2_tors,119602,False,False,False,,1,3,True,A3_ONLY,True,1,1,3
119702a1,119702.a1,Zha16_no_2_tors,119702,False,False,False,,1,3,True,A3_ONLY,True,1,1,3
119726a1,119726.a1,Zha16_no_2_tors,119726,False,False,False,,1,3,True,A3_ONLY,True,1,1,3
119845c1,119845.a2,Zha16_no_2_tors,119845,True,False,False,3,1;3,1,False,ISOGENY_ONLY,True,3,3,1
119915a1,119915.a1,Zha16_no_2_tors,119915,False,False,False,,1,-3,True,A3_ONLY,True,7,7,-3
119938b1,119938.b2,Zha16_no_2_tors,119938,True,False,False,3,1;3,-2,False,ISOGENY_ONLY,True,6,6,-2
120134a1,120134.b1,Zha16_no_2_tors,120134,False,False,False,,1,3,True,A3_ONLY,True,1,1,3
120374a1,120374.a1,Zha16_no_2_tors,120374,False,False,False,,1,-3,True,A3_ONLY,True,7,7,-3
120418b1,120418.a1,Zha16_no_2_tors,120418,True,False,False,3,1;3,-2,False,ISOGENY_ONLY,True,6,6,-2
120530a1,120530.c1,Zha16_no_2_tors,120530,False,False,False,,1,3,True,A3_ONLY,True,1,1,3
120598a1,120598.a2,Zha16_no_2_tors,120598,True,False,False,3,1;3,-2,False,ISOGENY_ONLY,True,6,6,-2
120659b1,120659.a2,Zha16_no_2_tors,120659,True,False,False,3,1;3,1,False,ISOGENY_ONLY,True,3,3,1
120853a1,120853.a1,Zha16_no_2_tors,120853,False,False,False,,1,-3,True,A3_ONLY,True,7,7,-3
121042a1,121042.a1,Zha16_no_2_tors,121042,False,False,False,,1,3,True,A3_ONLY,True,1,1,3
121093a1,121093.a1,Zha16_no_2_tors,121093,False,False,False,,1,3,True,A3_ONLY,True,1,1,3
121210g1,121210.c1,Zha16_no_2_tors,121210,True,False,False,3,1;3,-2,False,ISOGENY_ONLY,True,6,6,-2
121394h1,121394.g2,Zha16_no_2_tors,121394,True,False,False,3,1;3,1,False,ISOGENY_ONLY,True,3,3,1
121486b1,121486.d1,Zha16_no_2_tors,121486,False,False,False,,1,3,True,A3_ONLY,True,1,1,3
121610a1,121610.b1,Zha16_no_2_tors,121610,True,False,False,3,1;3,1,False,ISOGENY_ONLY,True,3,3,1
121706e1,121706.a1,Zha16_no_2_tors,121706,False,False,False,,1,-3,True,A3_ONLY,True,7,7,-3
121709a1,121709.b2,Zha16_no_2_tors,121709,True,False,False,3,1;3,-2,False,ISOGENY_ONLY,True,6,6,-2
121715a1,121715.b1,Zha16_no_2_tors,121715,False,False,False,,1,3,True,A3_ONLY,True,1,1,3
121730l1,121730.n1,Zha16_no_2_tors,121730,False,False,False,,1,3,True,A3_ONLY,True,1,1,3
121730o1,121730.v1,Zha16_no_2_tors,121730,False,False,False,,1,3,True,A3_ONLY,True,1,1,3
121730t1,121730.w1,Zha16_no_2_tors,121730,False,False,False,,1,3,True,A3_ONLY,True,1,1,3
121730w1,121730.t1,Zha16_no_2_tors,121730,True,False,False,3,1;3,1,False,ISOGENY_ONLY,True,3,3,1
121946c1,121946.d1,Zha16_no_2_tors,121946,False,False,False,,1,3,True,A3_ONLY,True,1,1,3
121946d1,121946.c1,Zha16_no_2_tors,121946,False,False,False,,1,3,True,A3_ONLY,True,1,1,3
122003a1,122003.a1,Zha16_no_2_tors,122003,False,False,False,,1,-3,True,A3_ONLY,True,7,7,-3
122170b1,122170.d1,Zha16_no_2_tors,122170,False,False,False,,1,3,True,A3_ONLY,True,1,1,3
122234a1,122234.a1,Zha16_no_2_tors,122234,False,False,False,,1,-3,True,A3_ONLY,True,7,7,-3
122315a1,122315.a1,Zha16_no_2_tors,122315,False,False,False,,1,3,True,A3_ONLY,True,1,1,3
122507e1,122507.a1,Zha16_no_2_tors,122507,False,False,False,,1,-3,True,A3_ONLY,True,7,7,-3
122534e1,122534.f1,Zha16_no_2_tors,122534,False,False,False,,1,3,True,A3_ONLY,True,1,1,3
122878d1,122878.d1,Zha16_no_2_tors,122878,False,False,False,,1,3,True,A3_ONLY,True,1,1,3
122942a1,122942.a1,Zha16_no_2_tors,122942,False,False,False,,1,3,True,A3_ONLY,True,1,1,3
123098e1,123098.f2,Zha16_no_2_tors,123098,True,False,False,3,1;3,1,False,ISOGENY_ONLY,True,3,3,1
123301a1,123301.a1,Zha16_no_2_tors,123301,False,False,False,,1,3,True,A3_ONLY,True,1,1,3
123314a1,123314.a1,Zha16_no_2_tors,123314,False,False,False,,1,3,True,A3_ONLY,True,1,1,3
123347d1,123347.b1,Zha16_no_2_tors,123347,False,False,False,,1,3,True,A3_ONLY,True,1,1,3
123442d1,123442.d1,Zha16_no_2_tors,123442,False,False,False,,1,3,True,A3_ONLY,True,1,1,3
124014j1,124014.k2,Zha16_no_2_tors,124014,False,True,False,5,1;5,1,False,ISOGENY_ONLY,False,3,2,-
124111b1,124111.a1,Zha16_no_2_tors,124111,False,False,False,,1,3,True,A3_ONLY,True,1,1,3
124397a1,124397.a1,Zha16_no_2_tors,124397,False,False,False,,1,-3,True,A3_ONLY,True,7,7,-3
124469a1,124469.a1,Zha16_no_2_tors,124469,False,False,False,,1,3,True,A3_ONLY,True,1,1,3
124658b1,124658.a1,Zha16_no_2_tors,124658,True,False,False,3,1;3,1,False,ISOGENY_ONLY,True,3,3,1
124806f1,124806.f2,Zha16_no_2_tors,124806,False,True,False,5,1;5,1,False,ISOGENY_ONLY,False,3,2,-
124882b1,124882.b1,Zha16_no_2_tors,124882,True,False,False,3,1;3,-2,False,ISOGENY_ONLY,True,6,6,-2
125110e1,125110.c2,Zha16_no_2_tors,125110,True,False,False,3,1;3,1,False,ISOGENY_ONLY,True,3,3,1
125462a1,125462.a1,Zha16_no_2_tors,125462,False,False,False,,1,-3,True,A3_ONLY,True,7,7,-3
125566c1,125566.c1,Zha16_no_2_tors,125566,False,False,False,,1,3,True,A3_ONLY,True,1,1,3
125590c1,125590.b2,Zha16_no_2_tors,125590,True,False,False,3,1;3,-2,False,ISOGENY_ONLY,True,6,6,-2
125801a1,125801.a1,Zha16_no_2_tors,125801,False,False,False,,1,-3,True,A3_ONLY,True,7,7,-3
125822b1,125822.a2,Zha16_no_2_tors,125822,True,False,False,3,1;3,1,False,ISOGENY_ONLY,True,3,3,1
126155a1,126155.a1,Zha16_no_2_tors,126155,False,False,False,,1,3,True,A3_ONLY,True,1,1,3
126170f1,126170.b3,Zha16_no_2_tors,126170,True,False,False,3,1;3;9,-2,False,ISOGENY_ONLY,True,6,6,-2
126170h1,126170.c2,Zha16_no_2_tors,126170,True,False,False,3,1;3,-2,False,ISOGENY_ONLY,True,6,6,-2
126205a1,126205.a2,Zha16_no_2_tors,126205,True,False,False,3,1;3,1,False,ISOGENY_ONLY,True,3,3,1
126242b1,126242.b1,Zha16_no_2_tors,126242,False,False,False,,1,3,True,A3_ONLY,True,1,1,3
126290c1,126290.b1,Zha16_no_2_tors,126290,False,False,False,,1,-3,True,A3_ONLY,True,7,7,-3
126710c1,126710.c1,Zha16_no_2_tors,126710,False,False,False,,1,-3,True,A3_ONLY,True,7,7,-3
126755d1,126755.c1,Zha16_no_2_tors,126755,False,False,False,,1,-3,True,A3_ONLY,True,7,7,-3
127262a1,127262.a2,Zha16_no_2_tors,127262,True,False,False,3,1;3,-2,False,ISOGENY_ONLY,True,6,6,-2
127313a1,127313.a1,Zha16_no_2_tors,127313,False,False,False,,1,-3,True,A3_ONLY,True,7,7,-3
127330m1,127330.k1,Zha16_no_2_tors,127330,True,False,False,3,1;3,-2,False,ISOGENY_ONLY,True,6,6,-2
127330p1,127330.r1,Zha16_no_2_tors,127330,False,False,False,,1,3,True,A3_ONLY,True,1,1,3
127393a1,127393.b1,Zha16_no_2_tors,127393,False,False,False,,1,3,True,A3_ONLY,True,1,1,3
127594a1,127594.a1,Zha16_no_2_tors,127594,False,False,False,,1,-3,True,A3_ONLY,True,7,7,-3
127963a1,127963.a1,Zha16_no_2_tors,127963,False,False,False,,1,3,True,A3_ONLY,True,1,1,3
128042a1,128042.a1,Zha16_no_2_tors,128042,False,False,False,,1,3,True,A3_ONLY,True,1,1,3
128197a1,128197.a2,Zha16_no_2_tors,128197,True,False,False,3,1;3,1,False,ISOGENY_ONLY,True,3,3,1
128366c1,128366.c1,Zha16_no_2_tors,128366,False,False,False,,1,3,True,A3_ONLY,True,1,1,3
128710d1,128710.d1,Zha16_no_2_tors,128710,False,False,False,,1,-3,True,A3_ONLY,True,7,7,-3
128734c1,128734.c1,Zha16_no_2_tors,128734,False,False,False,,1,3,True,A3_ONLY,True,1,1,3
128739a1,128739.a2,Zha16_no_2_tors,128739,False,True,False,5,1;5,1,False,ISOGENY_ONLY,False,3,2,-
128834a1,128834.a1,Zha16_no_2_tors,128834,False,False,False,,1,3,True,A3_ONLY,True,1,1,3
129118c1,129118.c2,Zha16_no_2_tors,129118,True,False,False,3,1;3,1,False,ISOGENY_ONLY,True,3,3,1
129149a1,129149.a2,Zha16_no_2_tors,129149,True,False,False,3,1;3,-2,False,ISOGENY_ONLY,True,6,6,-2
129203a1,129203.a1,Zha16_no_2_tors,129203,False,False,False,,1,3,True,A3_ONLY,True,1,1,3
129329a1,129329.b1,Zha16_no_2_tors,129329,False,False,False,,1,3,True,A3_ONLY,True,1,1,3
129493b1,129493.c1,Zha16_no_2_tors,129493,False,False,False,,1,3,True,A3_ONLY,True,1,1,3
129515a1,129515.c1,Zha16_no_2_tors,129515,False,False,False,,1,-3,True,A3_ONLY,True,7,7,-3
129515b1,129515.a1,Zha16_no_2_tors,129515,False,False,False,,1,3,True,A3_ONLY,True,1,1,3
129610c1,129610.c2,Zha16_no_2_tors,129610,True,False,False,3,1;3,1,False,ISOGENY_ONLY,True,3,3,1
129746a1,129746.a1,Zha16_no_2_tors,129746,False,False,False,,1,-3,True,A3_ONLY,True,7,7,-3
129802c1,129802.c1,Zha16_no_2_tors,129802,False,False,False,,1,3,True,A3_ONLY,True,1,1,3
129851a1,129851.a2,Zha16_no_2_tors,129851,True,False,False,3,1;3,1,False,ISOGENY_ONLY,True,3,3,1
129934e1,129934.g1,Zha16_no_2_tors,129934,False,False,False,,1,3,True,A3_ONLY,True,1,1,3
129998f1,129998.k1,Zha16_no_2_tors,129998,False,False,False,,1,3,True,A3_ONLY,True,1,1,3
130039b1,130039.b1,Zha16_no_2_tors,130039,False,False,False,,1,3,True,A3_ONLY,True,1,1,3
130067a1,130067.a1,Zha16_no_2_tors,130067,False,False,False,,1,3,True,A3_ONLY,True,1,1,3
130382e1,130382.b2,Zha16_no_2_tors,130382,True,False,False,3,1;3,1,False,ISOGENY_ONLY,True,3,3,1
130570h1,130570.c2,Zha16_no_2_tors,130570,True,False,False,3,1;3,1,False,ISOGENY_ONLY,True,3,3,1
130571a1,130571.a1,Zha16_no_2_tors,130571,False,False,False,,1,3,True,A3_ONLY,True,1,1,3
130715c1,130715.c1,Zha16_no_2_tors,130715,False,False,False,,1,-3,True,A3_ONLY,True,7,7,-3
130790k1,130790.a1,Zha16_no_2_tors,130790,False,False,False,,1,-3,True,A3_ONLY,True,7,7,-3
131054i1,131054.s1,Zha16_no_2_tors,131054,False,False,False,,1,3,True,A3_ONLY,True,1,1,3
131366a1,131366.d3,Zha16_no_2_tors,131366,True,False,False,3,1;3;9,-2,False,ISOGENY_ONLY,True,6,6,-2
131378f1,131378.d1,Zha16_no_2_tors,131378,False,False,False,,1,3,True,A3_ONLY,True,1,1,3
132035a1,132035.a1,Zha16_no_2_tors,132035,False,False,False,,1,3,True,A3_ONLY,True,1,1,3
132205a1,132205.a1,Zha16_no_2_tors,132205,False,False,False,,1,3,True,A3_ONLY,True,1,1,3
132230h1,132230.m2,Zha16_no_2_tors,132230,True,False,False,3,1;3,1,False,ISOGENY_ONLY,True,3,3,1
132286e1,132286.b2,Zha16_no_2_tors,132286,True,False,False,3,1;3;9,-2,False,ISOGENY_ONLY,True,6,6,-2
132335e1,132335.e1,Zha16_no_2_tors,132335,False,False,False,,1,-3,True,A3_ONLY,True,7,7,-3
132370b1,132370.q1,Zha16_no_2_tors,132370,True,False,False,3,1;3,-2,False,ISOGENY_ONLY,True,6,6,-2
132370i1,132370.c2,Zha16_no_2_tors,132370,True,False,False,3,1;3,-2,False,ISOGENY_ONLY,True,6,6,-2
132461b1,132461.b1,Zha16_no_2_tors,132461,False,False,False,,1,3,True,A3_ONLY,True,1,1,3
132470a1,132470.a1,Zha16_no_2_tors,132470,True,False,False,3,1;3,1,False,ISOGENY_ONLY,True,3,3,1
132587f1,132587.f2,Zha16_no_2_tors,132587,True,False,False,3,1;3,1,False,ISOGENY_ONLY,True,3,3,1
132605a1,132605.a1,Zha16_no_2_tors,132605,False,False,False,,1,3,True,A3_ONLY,True,1,1,3
132610g1,132610.d2,Zha16_no_2_tors,132610,True,False,False,3,1;3,1,False,ISOGENY_ONLY,True,3,3,1
132770h1,132770.w2,Zha16_no_2_tors,132770,True,False,False,3,1;3,1,False,ISOGENY_ONLY,True,3,3,1
132770j1,132770.y1,Zha16_no_2_tors,132770,False,False,False,,1,3,True,A3_ONLY,True,1,1,3
132770k1,132770.a1,Zha16_no_2_tors,132770,False,False,False,,1,-3,True,A3_ONLY,True,7,7,-3
132770y1,132770.o1,Zha16_no_2_tors,132770,False,False,False,,1,3,True,A3_ONLY,True,1,1,3
132805a1,132805.a1,Zha16_no_2_tors,132805,False,False,False,,1,3,True,A3_ONLY,True,1,1,3
132995a1,132995.a1,Zha16_no_2_tors,132995,False,False,False,,1,-3,True,A3_ONLY,True,7,7,-3
133198a1,133198.d1,Zha16_no_2_tors,133198,True,False,False,3,1;3,-2,False,ISOGENY_ONLY,True,6,6,-2
133198d1,133198.a2,Zha16_no_2_tors,133198,True,False,False,3,1;3,-2,False,ISOGENY_ONLY,True,6,6,-2
133630a1,133630.d1,Zha16_no_2_tors,133630,True,False,False,3,1;3,-2,False,ISOGENY_ONLY,True,6,6,-2
133741a1,133741.a1,Zha16_no_2_tors,133741,False,False,False,,1,3,True,A3_ONLY,True,1,1,3
134078d1,134078.a3,Zha16_no_2_tors,134078,True,False,False,3,1;3;9,-2,False,ISOGENY_ONLY,True,6,6,-2
134645c1,134645.c1,Zha16_no_2_tors,134645,False,False,False,,1,3,True,A3_ONLY,True,1,1,3
134662b1,134662.c2,Zha16_no_2_tors,134662,True,False,False,3,1;3,1,False,ISOGENY_ONLY,True,3,3,1
134819a1,134819.a1,Zha16_no_2_tors,134819,False,False,False,,1,3,True,A3_ONLY,True,1,1,3
134830a1,134830.d1,Zha16_no_2_tors,134830,True,False,False,3,1;3;9,-2,False,ISOGENY_ONLY,True,6,6,-2
134893a1,134893.a1,Zha16_no_2_tors,134893,False,False,False,,1,-3,True,A3_ONLY,True,7,7,-3
135107a1,135107.a1,Zha16_no_2_tors,135107,False,False,False,,1,3,True,A3_ONLY,True,1,1,3
135134a1,135134.a1,Zha16_no_2_tors,135134,False,False,False,,1,3,True,A3_ONLY,True,1,1,3
135470d1,135470.n2,Zha16_no_2_tors,135470,True,False,False,3,1;3,-2,False,ISOGENY_ONLY,True,6,6,-2
135478a1,135478.a1,Zha16_no_2_tors,135478,False,False,False,,1,3,True,A3_ONLY,True,1,1,3
135506b1,135506.b1,Zha16_no_2_tors,135506,False,False,False,,1,3,True,A3_ONLY,True,1,1,3
135755a1,135755.a1,Zha16_no_2_tors,135755,False,False,False,,1,-3,True,A3_ONLY,True,7,7,-3
135881a1,135881.a1,Zha16_no_2_tors,135881,False,False,False,,1,-3,True,A3_ONLY,True,7,7,-3
136070a1,136070.a1,Zha16_no_2_tors,136070,False,False,False,,1,-3,True,A3_ONLY,True,7,7,-3
136085a1,136085.a1,Zha16_no_2_tors,136085,False,False,False,,1,-3,True,A3_ONLY,True,7,7,-3
136114d1,136114.f2,Zha16_no_2_tors,136114,True,False,False,3,1;3,1,False,ISOGENY_ONLY,True,3,3,1
136385a1,136385.a1,Zha16_no_2_tors,136385,False,False,False,,1,3,True,A3_ONLY,True,1,1,3
136510b1,136510.n1,Zha16_no_2_tors,136510,True,False,False,3,1;3,-2,False,ISOGENY_ONLY,True,6,6,-2
136595c1,136595.c1,Zha16_no_2_tors,136595,False,False,False,,1,3,True,A3_ONLY,True,1,1,3
136610d1,136610.a1,Zha16_no_2_tors,136610,False,False,False,,1,-3,True,A3_ONLY,True,7,7,-3
136702j1,136702.j1,Zha16_no_2_tors,136702,False,False,False,,1,3,True,A3_ONLY,True,1,1,3
136846b1,136846.a2,Zha16_no_2_tors,136846,True,False,False,3,1;3,1,False,ISOGENY_ONLY,True,3,3,1
137015b1,137015.b1,Zha16_no_2_tors,137015,False,False,False,,1,3,True,A3_ONLY,True,1,1,3
137161a1,137161.a1,Zha16_no_2_tors,137161,False,False,False,,1,3,True,A3_ONLY,True,1,1,3
137314c1,137314.b2,Zha16_no_2_tors,137314,True,False,False,3,1;3,1,False,ISOGENY_ONLY,True,3,3,1
137410i1,137410.u1,Zha16_no_2_tors,137410,False,False,False,,1,3,True,A3_ONLY,True,1,1,3
137410q1,137410.g2,Zha16_no_2_tors,137410,True,False,False,3,1;3,1,False,ISOGENY_ONLY,True,3,3,1
137570e1,137570.a1,Zha16_no_2_tors,137570,False,False,False,,1,3,True,A3_ONLY,True,1,1,3
137642a1,137642.a1,Zha16_no_2_tors,137642,False,False,False,,1,-3,True,A3_ONLY,True,7,7,-3
137918a1,137918.a1,Zha16_no_2_tors,137918,False,False,False,,1,3,True,A3_ONLY,True,1,1,3
138259b1,138259.b1,Zha16_no_2_tors,138259,False,False,False,,1,3,True,A3_ONLY,True,1,1,3
138566c1,138566.c1,Zha16_no_2_tors,138566,False,False,False,,1,3,True,A3_ONLY,True,1,1,3
138602a1,138602.d2,Zha16_no_2_tors,138602,True,False,False,3,1;3,1,False,ISOGENY_ONLY,True,3,3,1
138779a1,138779.a1,Zha16_no_2_tors,138779,False,False,False,,1,3,True,A3_ONLY,True,1,1,3
138851b1,138851.b1,Zha16_no_2_tors,138851,False,False,False,,1,-3,True,A3_ONLY,True,7,7,-3
139141a1,139141.a1,Zha16_no_2_tors,139141,False,False,False,,1,3,True,A3_ONLY,True,1,1,3
139282b1,139282.a1,Zha16_no_2_tors,139282,False,False,False,,1,-3,True,A3_ONLY,True,7,7,-3
139285a1,139285.a1,Zha16_no_2_tors,139285,False,False,False,,1,3,True,A3_ONLY,True,1,1,3
139363a1,139363.a2,Zha16_no_2_tors,139363,True,False,False,3,1;3;9,-2,False,ISOGENY_ONLY,True,6,6,-2
139370g1,139370.t2,Zha16_no_2_tors,139370,True,False,False,3,1;3,1,False,ISOGENY_ONLY,True,3,3,1
139426e1,139426.g1,Zha16_no_2_tors,139426,False,False,False,,1,3,True,A3_ONLY,True,1,1,3
139570b1,139570.e1,Zha16_no_2_tors,139570,True,False,False,3,1;3,-2,False,ISOGENY_ONLY,True,6,6,-2
139574a1,139574.a1,Zha16_no_2_tors,139574,False,False,False,,1,-3,True,A3_ONLY,True,7,7,-3
139730b1,139730.a1,Zha16_no_2_tors,139730,False,False,False,,1,-3,True,A3_ONLY,True,7,7,-3
139814n1,139814.i1,Zha16_no_2_tors,139814,False,False,False,,1,3,True,A3_ONLY,True,1,1,3
139834b1,139834.b1,Zha16_no_2_tors,139834,False,False,False,,1,3,True,A3_ONLY,True,1,1,3
140102a1,140102.a1,Zha16_no_2_tors,140102,False,False,False,,1,3,True,A3_ONLY,True,1,1,3
140998j1,140998.a2,Zha16_no_2_tors,140998,True,False,False,3,1;3,-2,False,ISOGENY_ONLY,True,6,6,-2
141206a1,141206.f1,Zha16_no_2_tors,141206,False,True,False,5,1;5,-1,False,ISOGENY_ONLY,True,5,5,-1
141206c1,141206.a1,Zha16_no_2_tors,141206,False,False,False,,1,-3,True,A3_ONLY,True,7,7,-3
141298e1,141298.j1,Zha16_no_2_tors,141298,False,False,False,,1,3,True,A3_ONLY,True,1,1,3
141446b1,141446.d1,Zha16_no_2_tors,141446,False,False,False,,1,3,True,A3_ONLY,True,1,1,3
141526a1,141526.c2,Zha16_no_2_tors,141526,False,True,False,5,1;5,-1,False,ISOGENY_ONLY,True,5,5,-1
141526d1,141526.f1,Zha16_no_2_tors,141526,False,False,False,,1,3,True,A3_ONLY,True,1,1,3
141542g1,141542.c1,Zha16_no_2_tors,141542,False,False,False,,1,3,True,A3_ONLY,True,1,1,3
141662b1,141662.b1,Zha16_no_2_tors,141662,False,False,False,,1,3,True,A3_ONLY,True,1,1,3
141746c1,141746.e1,Zha16_no_2_tors,141746,False,False,False,,1,3,True,A3_ONLY,True,1,1,3
141778o1,141778.b1,Zha16_no_2_tors,141778,False,False,False,,1,-3,True,A3_ONLY,True,7,7,-3
141922a1,141922.b1,Zha16_no_2_tors,141922,False,False,False,,1,3,True,A3_ONLY,True,1,1,3
142202a1,142202.b1,Zha16_no_2_tors,142202,False,False,False,,1,3,True,A3_ONLY,True,1,1,3
142253a1,142253.a2,Zha16_no_2_tors,142253,True,False,False,3,1;3,-2,False,ISOGENY_ONLY,True,6,6,-2
142610n1,142610.i1,Zha16_no_2_tors,142610,False,False,False,,1,3,True,A3_ONLY,True,1,1,3
142670e1,142670.c2,Zha16_no_2_tors,142670,True,False,False,3,1;3,1,False,ISOGENY_ONLY,True,3,3,1
142987a1,142987.a1,Zha16_no_2_tors,142987,True,False,False,3,1;3,-2,False,ISOGENY_ONLY,True,6,6,-2
143003a1,143003.a2,Zha16_no_2_tors,143003,True,False,False,3,1;3,1,False,ISOGENY_ONLY,True,3,3,1
143269b1,143269.b2,Zha16_no_2_tors,143269,True,False,False,3,1;3,1,False,ISOGENY_ONLY,True,3,3,1
143330a1,143330.d1,Zha16_no_2_tors,143330,False,False,False,,1,-3,True,A3_ONLY,True,7,7,-3
143330f1,143330.c1,Zha16_no_2_tors,143330,False,False,False,,1,3,True,A3_ONLY,True,1,1,3
143338a1,143338.d1,Zha16_no_2_tors,143338,False,False,False,,1,3,True,A3_ONLY,True,1,1,3
143338d1,143338.c2,Zha16_no_2_tors,143338,True,False,False,3,1;3,1,False,ISOGENY_ONLY,True,3,3,1
143429b1,143429.b2,Zha16_no_2_tors,143429,True,False,False,3,1;3,-2,False,ISOGENY_ONLY,True,6,6,-2
143474a1,143474.a2,Zha16_no_2_tors,143474,True,False,False,3,1;3,-2,False,ISOGENY_ONLY,True,6,6,-2
143542a1,143542.a1,Zha16_no_2_tors,143542,False,False,False,,1,3,True,A3_ONLY,True,1,1,3
144317a1,144317.a2,Zha16_no_2_tors,144317,True,False,False,3,1;3,-2,False,ISOGENY_ONLY,True,6,6,-2
144467a1,144467.a1,Zha16_no_2_tors,144467,True,False,False,3,1;3,1,False,ISOGENY_ONLY,True,3,3,1
144538a1,144538.a1,Zha16_no_2_tors,144538,False,False,False,,1,3,True,A3_ONLY,True,1,1,3
144614b1,144614.e1,Zha16_no_2_tors,144614,False,False,False,,1,3,True,A3_ONLY,True,1,1,3
144635a1,144635.a1,Zha16_no_2_tors,144635,False,False,False,,1,-3,True,A3_ONLY,True,7,7,-3
144710d1,144710.a2,Zha16_no_2_tors,144710,True,False,False,3,1;3,-2,False,ISOGENY_ONLY,True,6,6,-2
144782c1,144782.e1,Zha16_no_2_tors,144782,False,False,False,,1,3,True,A3_ONLY,True,1,1,3
144970t1,144970.d2,Zha16_no_2_tors,144970,True,False,False,3,1;3,-2,False,ISOGENY_ONLY,True,6,6,-2
145390t1,145390.c2,Zha16_no_2_tors,145390,True,False,False,3,1;3,-2,False,ISOGENY_ONLY,True,6,6,-2
145411a1,145411.a1,Zha16_no_2_tors,145411,False,False,False,,1,-3,True,A3_ONLY,True,7,7,-3
145426e1,145426.f1,Zha16_no_2_tors,145426,False,False,False,,1,3,True,A3_ONLY,True,1,1,3
145454a1,145454.a1,Zha16_no_2_tors,145454,False,False,False,,1,3,True,A3_ONLY,True,1,1,3
145490a1,145490.a1,Zha16_no_2_tors,145490,False,False,False,,1,-3,True,A3_ONLY,True,7,7,-3
145510c1,145510.c1,Zha16_no_2_tors,145510,False,False,False,,1,3,True,A3_ONLY,True,1,1,3
145522a1,145522.d2,Zha16_no_2_tors,145522,True,False,False,3,1;3,-2,False,ISOGENY_ONLY,True,6,6,-2
145570b1,145570.a2,Zha16_no_2_tors,145570,True,False,False,3,1;3,1,False,ISOGENY_ONLY,True,3,3,1
145870e1,145870.a1,Zha16_no_2_tors,145870,False,False,False,,1,-3,True,A3_ONLY,True,7,7,-3
145990a1,145990.a1,Zha16_no_2_tors,145990,True,False,False,3,1;3,-2,False,ISOGENY_ONLY,True,6,6,-2
146146a1,146146.g1,Zha16_no_2_tors,146146,False,False,False,,1,-3,True,A3_ONLY,True,7,7,-3
146146l1,146146.r1,Zha16_no_2_tors,146146,False,False,False,,1,3,True,A3_ONLY,True,1,1,3
146555a1,146555.a1,Zha16_no_2_tors,146555,False,False,False,,1,3,True,A3_ONLY,True,1,1,3
146629a1,146629.a1,Zha16_no_2_tors,146629,False,False,False,,1,-3,True,A3_ONLY,True,7,7,-3
146663a1,146663.a1,Zha16_no_2_tors,146663,False,False,False,,1,3,True,A3_ONLY,True,1,1,3
146786a1,146786.a1,Zha16_no_2_tors,146786,False,False,False,,1,3,True,A3_ONLY,True,1,1,3
146930c1,146930.b1,Zha16_no_2_tors,146930,False,False,False,,1,3,True,A3_ONLY,True,1,1,3
147230a1,147230.a1,Zha16_no_2_tors,147230,True,False,False,3,1;3,1,False,ISOGENY_ONLY,True,3,3,1
147515a1,147515.a2,Zha16_no_2_tors,147515,True,False,False,3,1;3,1,False,ISOGENY_ONLY,True,3,3,1
147518a1,147518.a1,Zha16_no_2_tors,147518,False,False,False,,1,-3,True,A3_ONLY,True,7,7,-3
147602c1,147602.k1,Zha16_no_2_tors,147602,False,False,False,,1,3,True,A3_ONLY,True,1,1,3
147730m1,147730.a2,Zha16_no_2_tors,147730,True,False,False,3,1;3,-2,False,ISOGENY_ONLY,True,6,6,-2
148069a1,148069.a1,Zha16_no_2_tors,148069,False,False,False,,1,3,True,A3_ONLY,True,1,1,3
148330b1,148330.p3,Zha16_no_2_tors,148330,True,False,False,3,1;3;9,-2,False,ISOGENY_ONLY,True,6,6,-2
148370d1,148370.a1,Zha16_no_2_tors,148370,False,False,False,,1,-3,True,A3_ONLY,True,7,7,-3
148394a1,148394.a1,Zha16_no_2_tors,148394,False,False,False,,1,3,True,A3_ONLY,True,1,1,3
148702b1,148702.a1,Zha16_no_2_tors,148702,False,False,False,,1,3,True,A3_ONLY,True,1,1,3
149114g1,149114.c1,Zha16_no_2_tors,149114,False,False,False,,1,-3,True,A3_ONLY,True,7,7,-3
149170b1,149170.d1,Zha16_no_2_tors,149170,False,False,False,,1,-3,True,A3_ONLY,True,7,7,-3
149170d1,149170.f2,Zha16_no_2_tors,149170,True,False,False,3,1;3,1,False,ISOGENY_ONLY,True,3,3,1
149270a1,149270.i2,Zha16_no_2_tors,149270,True,False,False,3,1;3,-2,False,ISOGENY_ONLY,True,6,6,-2
149270g1,149270.o1,Zha16_no_2_tors,149270,False,False,False,,1,3,True,A3_ONLY,True,1,1,3
149317a1,149317.a1,Zha16_no_2_tors,149317,False,False,False,,1,3,True,A3_ONLY,True,1,1,3
149437a1,149437.a1,Zha16_no_2_tors,149437,False,False,False,,1,3,True,A3_ONLY,True,1,1,3
149498a1,149498.a1,Zha16_no_2_tors,149498,False,False,False,,1,3,True,A3_ONLY,True,1,1,3
149690e1,149690.e1,Zha16_no_2_tors,149690,False,False,False,,1,3,True,A3_ONLY,True,1,1,3
149849a1,149849.a1,Zha16_no_2_tors,149849,False,False,False,,1,-3,True,A3_ONLY,True,7,7,-3
149849b1,149849.b1,Zha16_no_2_tors,149849,False,False,False,,1,3,True,A3_ONLY,True,1,1,3
149849c1,149849.c1,Zha16_no_2_tors,149849,False,False,False,,1,-3,True,A3_ONLY,True,7,7,-3
149942c1,149942.d1,Zha16_no_2_tors,149942,False,False,False,,1,3,True,A3_ONLY,True,1,1,3
150190a1,150190.c1,Zha16_no_2_tors,150190,False,False,False,,1,3,True,A3_ONLY,True,1,1,3
150293a1,150293.a1,Zha16_no_2_tors,150293,False,False,False,,1,-3,True,A3_ONLY,True,7,7,-3
150514g1,150514.a2,Zha16_no_2_tors,150514,True,False,False,3,1;3,1,False,ISOGENY_ONLY,True,3,3,1
150785c1,150785.c1,Zha16_no_2_tors,150785,False,False,False,,1,-3,True,A3_ONLY,True,7,7,-3
150886a1,150886.c1,Zha16_no_2_tors,150886,False,False,False,,1,-3,True,A3_ONLY,True,7,7,-3
150938d1,150938.a1,Zha16_no_2_tors,150938,False,False,False,,1,3,True,A3_ONLY,True,1,1,3
151058b1,151058.a1,Zha16_no_2_tors,151058,False,False,False,,1,-3,True,A3_ONLY,True,7,7,-3
151262a1,151262.a1,Zha16_no_2_tors,151262,False,False,False,,1,-3,True,A3_ONLY,True,7,7,-3
151394c1,151394.a1,Zha16_no_2_tors,151394,False,False,False,,1,3,True,A3_ONLY,True,1,1,3
151555a1,151555.a2,Zha16_no_2_tors,151555,True,False,False,3,1;3,-2,False,ISOGENY_ONLY,True,6,6,-2
152006c1,152006.b1,Zha16_no_2_tors,152006,False,False,False,,1,3,True,A3_ONLY,True,1,1,3
152030c1,152030.a1,Zha16_no_2_tors,152030,True,False,False,3,1;3,1,False,ISOGENY_ONLY,True,3,3,1
152102a1,152102.b2,Zha16_no_2_tors,152102,True,False,False,3,1;3,-2,False,ISOGENY_ONLY,True,6,6,-2
152165a1,152165.a2,Zha16_no_2_tors,152165,True,False,False,3,1;3,-2,False,ISOGENY_ONLY,True,6,6,-2
152207b1,152207.b1,Zha16_no_2_tors,152207,False,False,False,,1,-3,True,A3_ONLY,True,7,7,-3
152422a1,152422.a1,Zha16_no_2_tors,152422,False,False,False,,1,-3,True,A3_ONLY,True,7,7,-3
152570g1,152570.d2,Zha16_no_2_tors,152570,True,False,False,3,1;3,1,False,ISOGENY_ONLY,True,3,3,1
152906b1,152906.b1,Zha16_no_2_tors,152906,False,False,False,,1,3,True,A3_ONLY,True,1,1,3
152930i1,152930.c1,Zha16_no_2_tors,152930,False,False,False,,1,3,True,A3_ONLY,True,1,1,3
153038a1,153038.a1,Zha16_no_2_tors,153038,False,False,False,,1,3,True,A3_ONLY,True,1,1,3
153085b1,153085.b2,Zha16_no_2_tors,153085,True,False,False,3,1;3,1,False,ISOGENY_ONLY,True,3,3,1
153218a1,153218.f2,Zha16_no_2_tors,153218,True,False,False,3,1;3,-2,False,ISOGENY_ONLY,True,6,6,-2
153230d1,153230.j1,Zha16_no_2_tors,153230,False,False,False,,1,3,True,A3_ONLY,True,1,1,3
153454a1,153454.b1,Zha16_no_2_tors,153454,True,False,False,3,1;3,-2,False,ISOGENY_ONLY,True,6,6,-2
153454f1,153454.g1,Zha16_no_2_tors,153454,False,False,False,,1,3,True,A3_ONLY,True,1,1,3
153538d1,153538.d1,Zha16_no_2_tors,153538,True,False,False,3,1;3;9,-2,False,ISOGENY_ONLY,True,6,6,-2
153541b1,153541.b1,Zha16_no_2_tors,153541,False,False,False,,1,3,True,A3_ONLY,True,1,1,3
153610b1,153610.c1,Zha16_no_2_tors,153610,False,False,False,,1,3,True,A3_ONLY,True,1,1,3
153647b1,153647.b1,Zha16_no_2_tors,153647,False,False,False,,1,3,True,A3_ONLY,True,1,1,3
153919a1,153919.a1,Zha16_no_2_tors,153919,False,False,False,,1,3,True,A3_ONLY,True,1,1,3
153986b1,153986.a1,Zha16_no_2_tors,153986,False,False,False,,1,-3,True,A3_ONLY,True,7,7,-3
154141c1,154141.c1,Zha16_no_2_tors,154141,False,False,False,,1,3,True,A3_ONLY,True,1,1,3
154318f1,154318.d1,Zha16_no_2_tors,154318,False,False,False,,1,3,True,A3_ONLY,True,1,1,3
154502a1,154502.c2,Zha16_no_2_tors,154502,True,False,False,3,1;3,-2,False,ISOGENY_ONLY,True,6,6,-2
154597a1,154597.a1,Zha16_no_2_tors,154597,False,False,False,,1,-3,True,A3_ONLY,True,7,7,-3
154754a1,154754.a1,Zha16_no_2_tors,154754,False,False,False,,1,3,True,A3_ONLY,True,1,1,3
155045b1,155045.b1,Zha16_no_2_tors,155045,False,False,False,,1,-3,True,A3_ONLY,True,7,7,-3
155158b1,155158.a1,Zha16_no_2_tors,155158,False,False,False,,1,-3,True,A3_ONLY,True,7,7,-3
155246f1,155246.e1,Zha16_no_2_tors,155246,True,False,False,3,1;3;9,1,False,ISOGENY_ONLY,True,3,3,1
155282a1,155282.a1,Zha16_no_2_tors,155282,False,False,False,,1,-3,True,A3_ONLY,True,7,7,-3
155293a1,155293.a1,Zha16_no_2_tors,155293,False,False,False,,1,3,True,A3_ONLY,True,1,1,3
155309a1,155309.a2,Zha16_no_2_tors,155309,True,False,False,3,1;3,-2,False,ISOGENY_ONLY,True,6,6,-2
155339a1,155339.a1,Zha16_no_2_tors,155339,False,False,False,,1,3,True,A3_ONLY,True,1,1,3
155354a1,155354.a1,Zha16_no_2_tors,155354,False,False,False,,1,-3,True,A3_ONLY,True,7,7,-3
155666d1,155666.c1,Zha16_no_2_tors,155666,False,False,False,,1,3,True,A3_ONLY,True,1,1,3
155774c1,155774.b1,Zha16_no_2_tors,155774,True,False,False,3,1;3,1,False,ISOGENY_ONLY,True,3,3,1
155914b1,155914.h2,Zha16_no_2_tors,155914,True,False,False,3,1;3,-2,False,ISOGENY_ONLY,True,6,6,-2
156146a1,156146.a1,Zha16_no_2_tors,156146,False,False,False,,1,-3,True,A3_ONLY,True,7,7,-3
156610d1,156610.e1,Zha16_no_2_tors,156610,False,False,False,,1,3,True,A3_ONLY,True,1,1,3
156853a1,156853.a1,Zha16_no_2_tors,156853,False,False,False,,1,-3,True,A3_ONLY,True,7,7,-3
156986e1,156986.c1,Zha16_no_2_tors,156986,False,False,False,,1,3,True,A3_ONLY,True,1,1,3
157043a1,157043.a2,Zha16_no_2_tors,157043,True,False,False,3,1;3,1,False,ISOGENY_ONLY,True,3,3,1
157091a1,157091.a1,Zha16_no_2_tors,157091,False,False,False,,1,3,True,A3_ONLY,True,1,1,3
157102c1,157102.e1,Zha16_no_2_tors,157102,True,False,False,3,1;3,-2,False,ISOGENY_ONLY,True,6,6,-2
157285b1,157285.b2,Zha16_no_2_tors,157285,True,False,False,3,1;3,1,False,ISOGENY_ONLY,True,3,3,1
157685c1,157685.c2,Zha16_no_2_tors,157685,True,False,False,3,1;3,-2,False,ISOGENY_ONLY,True,6,6,-2
157718f1,157718.b1,Zha16_no_2_tors,157718,False,False,False,,1,-3,True,A3_ONLY,True,7,7,-3
157891a1,157891.a1,Zha16_no_2_tors,157891,True,False,False,3,1;3,-2,False,ISOGENY_ONLY,True,6,6,-2
158099a1,158099.a1,Zha16_no_2_tors,158099,False,False,False,,1,-3,True,A3_ONLY,True,7,7,-3
158582b1,158582.b3,Zha16_no_2_tors,158582,True,False,False,3,1;3;9,-2,False,ISOGENY_ONLY,True,6,6,-2
158774i1,158774.c1,Zha16_no_2_tors,158774,False,False,False,,1,3,True,A3_ONLY,True,1,1,3
159026c1,159026.b2,Zha16_no_2_tors,159026,True,False,False,3,1;3,1,False,ISOGENY_ONLY,True,3,3,1
159070a1,159070.b1,Zha16_no_2_tors,159070,False,False,False,,1,3,True,A3_ONLY,True,1,1,3
159587a1,159587.a1,Zha16_no_2_tors,159587,False,False,False,,1,3,True,A3_ONLY,True,1,1,3
159731c1,159731.c2,Zha16_no_2_tors,159731,True,False,False,3,1;3,1,False,ISOGENY_ONLY,True,3,3,1
159805a1,159805.a1,Zha16_no_2_tors,159805,False,False,False,,1,3,True,A3_ONLY,True,1,1,3
160006a1,160006.a2,Zha16_no_2_tors,160006,True,False,False,3,1;3,-2,False,ISOGENY_ONLY,True,6,6,-2
160054a1,160054.a1,Zha16_no_2_tors,160054,False,False,False,,1,-3,True,A3_ONLY,True,7,7,-3
160069b1,160069.b1,Zha16_no_2_tors,160069,False,False,False,,1,-3,True,A3_ONLY,True,7,7,-3
160165a1,160165.a1,Zha16_no_2_tors,160165,False,False,False,,1,3,True,A3_ONLY,True,1,1,3
160238a1,160238.e1,Zha16_no_2_tors,160238,False,False,False,,1,3,True,A3_ONLY,True,1,1,3
160358c1,160358.d1,Zha16_no_2_tors,160358,True,False,False,3,1;3,1,False,ISOGENY_ONLY,True,3,3,1
160363a1,160363.a1,Zha16_no_2_tors,160363,False,False,False,,1,3,True,A3_ONLY,True,1,1,3
160430b1,160430.a2,Zha16_no_2_tors,160430,True,False,False,3,1;3,-2,False,ISOGENY_ONLY,True,6,6,-2
160451d1,160451.d1,Zha16_no_2_tors,160451,False,False,False,,1,3,True,A3_ONLY,True,1,1,3
160610b1,160610.c1,Zha16_no_2_tors,160610,False,False,False,,1,3,True,A3_ONLY,True,1,1,3
160706i1,160706.e1,Zha16_no_2_tors,160706,True,False,False,3,1;3,1,False,ISOGENY_ONLY,True,3,3,1
160742a1,160742.b1,Zha16_no_2_tors,160742,True,False,False,3,1;3,1,False,ISOGENY_ONLY,True,3,3,1
160958b1,160958.a1,Zha16_no_2_tors,160958,False,False,False,,1,-3,True,A3_ONLY,True,7,7,-3
160958d1,160958.c1,Zha16_no_2_tors,160958,False,False,False,,1,3,True,A3_ONLY,True,1,1,3
161027a1,161027.a1,Zha16_no_2_tors,161027,False,False,False,,1,3,True,A3_ONLY,True,1,1,3
161098a1,161098.a2,Zha16_no_2_tors,161098,True,False,False,3,1;3,-2,False,ISOGENY_ONLY,True,6,6,-2
161315a1,161315.a1,Zha16_no_2_tors,161315,False,False,False,,1,-3,True,A3_ONLY,True,7,7,-3
161315g1,161315.g1,Zha16_no_2_tors,161315,False,False,False,,1,3,True,A3_ONLY,True,1,1,3
161482c1,161482.c1,Zha16_no_2_tors,161482,False,False,False,,1,3,True,A3_ONLY,True,1,1,3
161747b1,161747.b1,Zha16_no_2_tors,161747,True,False,False,3,1;3,1,False,ISOGENY_ONLY,True,3,3,1
162110a1,162110.d1,Zha16_no_2_tors,162110,False,False,False,,1,3,True,A3_ONLY,True,1,1,3
162130a1,162130.a2,Zha16_no_2_tors,162130,True,False,False,3,1;3,-2,False,ISOGENY_ONLY,True,6,6,-2
162161a1,162161.a1,Zha16_no_2_tors,162161,False,False,False,,1,-3,True,A3_ONLY,True,7,7,-3
162286a1,162286.a2,Zha16_no_2_tors,162286,True,False,False,3,1;3,-2,False,ISOGENY_ONLY,True,6,6,-2
162467a1,162467.a1,Zha16_no_2_tors,162467,False,False,False,,1,3,True,A3_ONLY,True,1,1,3
162734d1,162734.b1,Zha16_no_2_tors,162734,True,False,False,3,1;3,1,False,ISOGENY_ONLY,True,3,3,1
163058f1,163058.j1,Zha16_no_2_tors,163058,False,False,False,,1,3,True,A3_ONLY,True,1,1,3
163165a1,163165.a2,Zha16_no_2_tors,163165,True,False,False,3,1;3,1,False,ISOGENY_ONLY,True,3,3,1
163282a1,163282.c2,Zha16_no_2_tors,163282,True,False,False,3,1;3,-2,False,ISOGENY_ONLY,True,6,6,-2
163451a1,163451.a2,Zha16_no_2_tors,163451,True,False,False,3,1;3,1,False,ISOGENY_ONLY,True,3,3,1
163486b1,163486.c1,Zha16_no_2_tors,163486,False,False,False,,1,3,True,A3_ONLY,True,1,1,3
163549a1,163549.a1,Zha16_no_2_tors,163549,False,False,False,,1,3,True,A3_ONLY,True,1,1,3
163667b1,163667.b1,Zha16_no_2_tors,163667,False,False,False,,1,3,True,A3_ONLY,True,1,1,3
163742c1,163742.b2,Zha16_no_2_tors,163742,True,False,False,3,1;3,1,False,ISOGENY_ONLY,True,3,3,1
164177a1,164177.a1,Zha16_no_2_tors,164177,False,False,False,,1,-3,True,A3_ONLY,True,7,7,-3
164294a1,164294.e1,Zha16_no_2_tors,164294,False,False,False,,1,-3,True,A3_ONLY,True,7,7,-3
164294e1,164294.a1,Zha16_no_2_tors,164294,False,False,False,,1,-3,True,A3_ONLY,True,7,7,-3
164566a1,164566.a1,Zha16_no_2_tors,164566,False,False,False,,1,-3,True,A3_ONLY,True,7,7,-3
164710b1,164710.w2,Zha16_no_2_tors,164710,True,False,False,3,1;3,-2,False,ISOGENY_ONLY,True,6,6,-2
165011c1,165011.c1,Zha16_no_2_tors,165011,True,False,False,3,1;3,1,False,ISOGENY_ONLY,True,3,3,1
165066d1,165066.v3,Zha16_no_2_tors,165066,False,True,False,5,1;5;25,1,False,ISOGENY_ONLY,False,3,2,-
165310d1,165310.a2,Zha16_no_2_tors,165310,True,False,False,3,1;3,-2,False,ISOGENY_ONLY,True,6,6,-2
165515a1,165515.a1,Zha16_no_2_tors,165515,False,False,False,,1,3,True,A3_ONLY,True,1,1,3
165722c1,165722.b2,Zha16_no_2_tors,165722,True,False,False,3,1;3,1,False,ISOGENY_ONLY,True,3,3,1
165830q1,165830.g1,Zha16_no_2_tors,165830,True,False,False,3,1;3;9,1,False,ISOGENY_ONLY,True,3,3,1
166166m1,166166.h1,Zha16_no_2_tors,166166,True,False,False,3,1;3,1,False,ISOGENY_ONLY,True,3,3,1
166166o1,166166.j1,Zha16_no_2_tors,166166,False,False,False,,1,3,True,A3_ONLY,True,1,1,3
166310b1,166310.a1,Zha16_no_2_tors,166310,False,False,False,,1,-3,True,A3_ONLY,True,7,7,-3
166313a1,166313.a1,Zha16_no_2_tors,166313,False,False,False,,1,3,True,A3_ONLY,True,1,1,3
166315c1,166315.c2,Zha16_no_2_tors,166315,True,False,False,3,1;3,-2,False,ISOGENY_ONLY,True,6,6,-2
166354a1,166354.a1,Zha16_no_2_tors,166354,False,False,False,,1,3,True,A3_ONLY,True,1,1,3
166370e1,166370.a2,Zha16_no_2_tors,166370,True,False,False,3,1;3,-2,False,ISOGENY_ONLY,True,6,6,-2
166411a1,166411.a1,Zha16_no_2_tors,166411,False,False,False,,1,3,True,A3_ONLY,True,1,1,3
166478b1,166478.e1,Zha16_no_2_tors,166478,False,False,False,,1,3,True,A3_ONLY,True,1,1,3
166478c1,166478.f1,Zha16_no_2_tors,166478,False,False,False,,1,3,True,A3_ONLY,True,1,1,3
166754b1,166754.d1,Zha16_no_2_tors,166754,False,False,False,,1,3,True,A3_ONLY,True,1,1,3
166754c1,166754.a1,Zha16_no_2_tors,166754,False,False,False,,1,-3,True,A3_ONLY,True,7,7,-3
166814a1,166814.a1,Zha16_no_2_tors,166814,False,False,False,,1,-3,True,A3_ONLY,True,7,7,-3
166913a1,166913.a1,Zha16_no_2_tors,166913,False,False,False,,1,3,True,A3_ONLY,True,1,1,3
167029a1,167029.a2,Zha16_no_2_tors,167029,False,True,False,5,1;5,-1,False,ISOGENY_ONLY,True,5,5,-1
167302a1,167302.b2,Zha16_no_2_tors,167302,True,False,False,3,1;3,-2,False,ISOGENY_ONLY,True,6,6,-2
167605a1,167605.a1,Zha16_no_2_tors,167605,False,False,False,,1,3,True,A3_ONLY,True,1,1,3
167806a1,167806.a1,Zha16_no_2_tors,167806,False,False,False,,1,3,True,A3_ONLY,True,1,1,3
167867a1,167867.a1,Zha16_no_2_tors,167867,False,False,False,,1,3,True,A3_ONLY,True,1,1,3
167915d1,167915.d1,Zha16_no_2_tors,167915,True,False,False,3,1;3,1,False,ISOGENY_ONLY,True,3,3,1
167926c1,167926.a1,Zha16_no_2_tors,167926,False,False,False,,1,-3,True,A3_ONLY,True,7,7,-3
167962b1,167962.a2,Zha16_no_2_tors,167962,True,False,False,3,1;3,-2,False,ISOGENY_ONLY,True,6,6,-2
168299a1,168299.a2,Zha16_no_2_tors,168299,True,False,False,3,1;3,1,False,ISOGENY_ONLY,True,3,3,1
168370b1,168370.a1,Zha16_no_2_tors,168370,False,False,False,,1,-3,True,A3_ONLY,True,7,7,-3
168515a1,168515.a1,Zha16_no_2_tors,168515,False,False,False,,1,3,True,A3_ONLY,True,1,1,3
168806g1,168806.c1,Zha16_no_2_tors,168806,False,False,False,,1,3,True,A3_ONLY,True,1,1,3
168935d1,168935.d1,Zha16_no_2_tors,168935,False,False,False,,1,3,True,A3_ONLY,True,1,1,3
168986b1,168986.b1,Zha16_no_2_tors,168986,True,False,False,3,1;3,1,False,ISOGENY_ONLY,True,3,3,1
169010b1,169010.a1,Zha16_no_2_tors,169010,False,False,False,,1,-3,True,A3_ONLY,True,7,7,-3
169078e1,169078.d1,Zha16_no_2_tors,169078,False,False,False,,1,3,True,A3_ONLY,True,1,1,3
169195c1,169195.c1,Zha16_no_2_tors,169195,False,False,False,,1,3,True,A3_ONLY,True,1,1,3
169214a1,169214.d1,Zha16_no_2_tors,169214,False,False,False,,1,-3,True,A3_ONLY,True,7,7,-3
169214c1,169214.f2,Zha16_no_2_tors,169214,False,True,False,5,1;5,-1,False,ISOGENY_ONLY,True,5,5,-1
169235c1,169235.c1,Zha16_no_2_tors,169235,True,False,False,3,1;3,1,False,ISOGENY_ONLY,True,3,3,1
169477a1,169477.a1,Zha16_no_2_tors,169477,False,False,False,,1,-3,True,A3_ONLY,True,7,7,-3
169795b1,169795.b2,Zha16_no_2_tors,169795,True,False,False,3,1;3,-2,False,ISOGENY_ONLY,True,6,6,-2
170270e1,170270.c1,Zha16_no_2_tors,170270,False,False,False,,1,3,True,A3_ONLY,True,1,1,3
170738a1,170738.a1,Zha16_no_2_tors,170738,False,False,False,,1,3,True,A3_ONLY,True,1,1,3
170783a1,170783.a1,Zha16_no_2_tors,170783,False,False,False,,1,3,True,A3_ONLY,True,1,1,3
171118b1,171118.a1,Zha16_no_2_tors,171118,False,False,False,,1,-3,True,A3_ONLY,True,7,7,-3
171190i1,171190.b2,Zha16_no_2_tors,171190,True,False,False,3,1;3,-2,False,ISOGENY_ONLY,True,6,6,-2
171347a1,171347.a2,Zha16_no_2_tors,171347,True,False,False,3,1;3,1,False,ISOGENY_ONLY,True,3,3,1
171563a1,171563.a1,Zha16_no_2_tors,171563,False,False,False,,1,3,True,A3_ONLY,True,1,1,3
171746b1,171746.d1,Zha16_no_2_tors,171746,False,False,False,,1,3,True,A3_ONLY,True,1,1,3
171829a1,171829.a1,Zha16_no_2_tors,171829,False,False,False,,1,3,True,A3_ONLY,True,1,1,3
171926a1,171926.d1,Zha16_no_2_tors,171926,False,False,False,,1,-3,True,A3_ONLY,True,7,7,-3
172370b1,172370.c2,Zha16_no_2_tors,172370,True,False,False,3,1;3,-2,False,ISOGENY_ONLY,True,6,6,-2
172419a1,172419.a2,Zha16_no_2_tors,172419,False,True,False,5,1;5,1,False,ISOGENY_ONLY,False,3,2,-
172429a1,172429.a2,Zha16_no_2_tors,172429,True,False,False,3,1;3,1,False,ISOGENY_ONLY,True,3,3,1
172462d1,172462.h1,Zha16_no_2_tors,172462,False,False,False,,1,3,True,A3_ONLY,True,1,1,3
172790e1,172790.s2,Zha16_no_2_tors,172790,True,False,False,3,1;3,1,False,ISOGENY_ONLY,True,3,3,1
173123a1,173123.a1,Zha16_no_2_tors,173123,False,False,False,,1,-3,True,A3_ONLY,True,7,7,-3
173162a1,173162.a1,Zha16_no_2_tors,173162,False,False,False,,1,-3,True,A3_ONLY,True,7,7,-3
173195a1,173195.a1,Zha16_no_2_tors,173195,False,False,False,,1,3,True,A3_ONLY,True,1,1,3
173213b1,173213.b2,Zha16_no_2_tors,173213,True,False,False,3,1;3,-2,False,ISOGENY_ONLY,True,6,6,-2
173234a1,173234.a1,Zha16_no_2_tors,173234,True,False,False,3,1;3,1,False,ISOGENY_ONLY,True,3,3,1
173302a1,173302.b1,Zha16_no_2_tors,173302,False,False,False,,1,3,True,A3_ONLY,True,1,1,3
173446i1,173446.n1,Zha16_no_2_tors,173446,False,False,False,,1,3,True,A3_ONLY,True,1,1,3
173734a1,173734.f2,Zha16_no_2_tors,173734,False,True,False,5,1;5,-1,False,ISOGENY_ONLY,True,5,5,-1
173734h1,173734.e1,Zha16_no_2_tors,173734,False,False,False,,1,3,True,A3_ONLY,True,1,1,3
174058a1,174058.a1,Zha16_no_2_tors,174058,False,False,False,,1,-3,True,A3_ONLY,True,7,7,-3
174059b1,174059.b1,Zha16_no_2_tors,174059,False,False,False,,1,3,True,A3_ONLY,True,1,1,3
174170b1,174170.b1,Zha16_no_2_tors,174170,True,False,False,3,1;3,1,False,ISOGENY_ONLY,True,3,3,1
174515c1,174515.d1,Zha16_no_2_tors,174515,True,False,False,3,1;3,1,False,ISOGENY_ONLY,True,3,3,1
174995a1,174995.a1,Zha16_no_2_tors,174995,False,False,False,,1,-3,True,A3_ONLY,True,7,7,-3
175562a1,175562.b1,Zha16_no_2_tors,175562,False,False,False,,1,-3,True,A3_ONLY,True,7,7,-3
175595c1,175595.c1,Zha16_no_2_tors,175595,False,False,False,,1,3,True,A3_ONLY,True,1,1,3
175826g1,175826.d2,Zha16_no_2_tors,175826,True,False,False,3,1;3,1,False,ISOGENY_ONLY,True,3,3,1
175826i1,175826.f1,Zha16_no_2_tors,175826,False,False,False,,1,3,True,A3_ONLY,True,1,1,3
175913a1,175913.a1,Zha16_no_2_tors,175913,False,False,False,,1,3,True,A3_ONLY,True,1,1,3
176078b1,176078.c1,Zha16_no_2_tors,176078,False,False,False,,1,3,True,A3_ONLY,True,1,1,3
176230a1,176230.a1,Zha16_no_2_tors,176230,True,False,False,3,1;3,-2,False,ISOGENY_ONLY,True,6,6,-2
176291a1,176291.a1,Zha16_no_2_tors,176291,False,False,False,,1,3,True,A3_ONLY,True,1,1,3
176390b1,176390.e2,Zha16_no_2_tors,176390,True,False,False,3,1;3,-2,False,ISOGENY_ONLY,True,6,6,-2
176962a1,176962.a2,Zha16_no_2_tors,176962,True,False,False,3,1;3,-2,False,ISOGENY_ONLY,True,6,6,-2
177134a1,177134.a1,Zha16_no_2_tors,177134,False,False,False,,1,3,True,A3_ONLY,True,1,1,3
177155d1,177155.d1,Zha16_no_2_tors,177155,False,False,False,,1,3,True,A3_ONLY,True,1,1,3
177203a1,177203.a2,Zha16_no_2_tors,177203,True,False,False,3,1;3,1,False,ISOGENY_ONLY,True,3,3,1
177254f1,177254.d1,Zha16_no_2_tors,177254,False,False,False,,1,3,True,A3_ONLY,True,1,1,3
177595c1,177595.c1,Zha16_no_2_tors,177595,False,False,False,,1,3,True,A3_ONLY,True,1,1,3
177694a1,177694.a1,Zha16_no_2_tors,177694,True,False,False,3,1;3,-2,False,ISOGENY_ONLY,True,6,6,-2
177914a1,177914.a1,Zha16_no_2_tors,177914,False,False,False,,1,-3,True,A3_ONLY,True,7,7,-3
178154a1,178154.c1,Zha16_no_2_tors,178154,False,False,False,,1,-3,True,A3_ONLY,True,7,7,-3
178154c1,178154.b1,Zha16_no_2_tors,178154,False,False,False,,1,3,True,A3_ONLY,True,1,1,3
178342d1,178342.d1,Zha16_no_2_tors,178342,False,False,False,,1,3,True,A3_ONLY,True,1,1,3
178378b1,178378.b1,Zha16_no_2_tors,178378,False,False,False,,1,3,True,A3_ONLY,True,1,1,3
178445b1,178445.b2,Zha16_no_2_tors,178445,True,False,False,3,1;3,-2,False,ISOGENY_ONLY,True,6,6,-2
178466b1,178466.k2,Zha16_no_2_tors,178466,False,True,False,5,1;5,-1,False,ISOGENY_ONLY,True,5,5,-1
178466h1,178466.q1,Zha16_no_2_tors,178466,False,False,False,,1,3,True,A3_ONLY,True,1,1,3
178882g1,178882.d1,Zha16_no_2_tors,178882,False,False,False,,1,3,True,A3_ONLY,True,1,1,3
179087a1,179087.a1,Zha16_no_2_tors,179087,False,False,False,,1,3,True,A3_ONLY,True,1,1,3
179386e1,179386.c1,Zha16_no_2_tors,179386,False,False,False,,1,3,True,A3_ONLY,True,1,1,3
179387a1,179387.a1,Zha16_no_2_tors,179387,False,False,False,,1,3,True,A3_ONLY,True,1,1,3
179410i1,179410.c2,Zha16_no_2_tors,179410,True,False,False,3,1;3,-2,False,ISOGENY_ONLY,True,6,6,-2
179477a1,179477.a1,Zha16_no_2_tors,179477,False,False,False,,1,3,True,A3_ONLY,True,1,1,3
179546e1,179546.g1,Zha16_no_2_tors,179546,False,False,False,,1,3,True,A3_ONLY,True,1,1,3
179630g1,179630.e1,Zha16_no_2_tors,179630,True,False,False,3,1;3,1,False,ISOGENY_ONLY,True,3,3,1
179894a1,179894.n2,Zha16_no_2_tors,179894,True,False,False,3,1;3,-2,False,ISOGENY_ONLY,True,6,6,-2
179929d1,179929.d1,Zha16_no_2_tors,179929,False,False,False,,1,3,True,A3_ONLY,True,1,1,3
180006b1,180006.j1,Zha16_no_2_tors,180006,False,True,False,5,1;5,1,False,ISOGENY_ONLY,False,3,2,-
180038b1,180038.a1,Zha16_no_2_tors,180038,False,False,False,,1,-3,True,A3_ONLY,True,7,7,-3
180098c1,180098.c1,Zha16_no_2_tors,180098,False,False,False,,1,3,True,A3_ONLY,True,1,1,3
180182b1,180182.b1,Zha16_no_2_tors,180182,False,False,False,,1,3,True,A3_ONLY,True,1,1,3
180458a1,180458.f1,Zha16_no_2_tors,180458,False,False,False,,1,-3,True,A3_ONLY,True,7,7,-3
180469a1,180469.a1,Zha16_no_2_tors,180469,False,False,False,,1,3,True,A3_ONLY,True,1,1,3
180698b1,180698.e1,Zha16_no_2_tors,180698,True,False,False,3,1;3,1,False,ISOGENY_ONLY,True,3,3,1
180719b1,180719.b1,Zha16_no_2_tors,180719,False,False,False,,1,-3,True,A3_ONLY,True,7,7,-3
180746a1,180746.a1,Zha16_no_2_tors,180746,False,False,False,,1,3,True,A3_ONLY,True,1,1,3
180790g1,180790.c1,Zha16_no_2_tors,180790,False,False,False,,1,3,True,A3_ONLY,True,1,1,3
181021b1,181021.b1,Zha16_no_2_tors,181021,False,False,False,,1,-3,True,A3_ONLY,True,7,7,-3
181255b1,181255.b1,Zha16_no_2_tors,181255,False,False,False,,1,3,True,A3_ONLY,True,1,1,3
181357b1,181357.b1,Zha16_no_2_tors,181357,False,False,False,,1,3,True,A3_ONLY,True,1,1,3
181610v1,181610.m1,Zha16_no_2_tors,181610,True,False,False,3,1;3,1,False,ISOGENY_ONLY,True,3,3,1
181697a1,181697.a1,Zha16_no_2_tors,181697,False,False,False,,1,3,True,A3_ONLY,True,1,1,3
181726a1,181726.a1,Zha16_no_2_tors,181726,False,False,False,,1,3,True,A3_ONLY,True,1,1,3
181907b1,181907.b1,Zha16_no_2_tors,181907,False,False,False,,1,-3,True,A3_ONLY,True,7,7,-3
181918a1,181918.c1,Zha16_no_2_tors,181918,False,False,False,,1,-3,True,A3_ONLY,True,7,7,-3
181963a1,181963.a3,Zha16_no_2_tors,181963,True,False,False,3,1;3;9,-2,False,ISOGENY_ONLY,True,6,6,-2
181970a1,181970.b1,Zha16_no_2_tors,181970,False,False,False,,1,-3,True,A3_ONLY,True,7,7,-3
182245d1,182245.d1,Zha16_no_2_tors,182245,False,False,False,,1,3,True,A3_ONLY,True,1,1,3
182411b1,182411.b1,Zha16_no_2_tors,182411,False,False,False,,1,3,True,A3_ONLY,True,1,1,3
182441a1,182441.a1,Zha16_no_2_tors,182441,False,False,False,,1,3,True,A3_ONLY,True,1,1,3
182647a1,182647.a1,Zha16_no_2_tors,182647,False,False,False,,1,3,True,A3_ONLY,True,1,1,3
182702c1,182702.a1,Zha16_no_2_tors,182702,False,False,False,,1,3,True,A3_ONLY,True,1,1,3
182902b1,182902.a2,Zha16_no_2_tors,182902,True,False,False,3,1;3,1,False,ISOGENY_ONLY,True,3,3,1
183154a1,183154.b1,Zha16_no_2_tors,183154,False,False,False,,1,3,True,A3_ONLY,True,1,1,3
183323a1,183323.a1,Zha16_no_2_tors,183323,False,False,False,,1,-3,True,A3_ONLY,True,7,7,-3
183430o1,183430.w2,Zha16_no_2_tors,183430,True,False,False,3,1;3,1,False,ISOGENY_ONLY,True,3,3,1
183430x1,183430.h2,Zha16_no_2_tors,183430,True,False,False,3,1;3,1,False,ISOGENY_ONLY,True,3,3,1
183635a1,183635.a1,Zha16_no_2_tors,183635,False,False,False,,1,-3,True,A3_ONLY,True,7,7,-3
183997b1,183997.b1,Zha16_no_2_tors,183997,False,False,False,,1,3,True,A3_ONLY,True,1,1,3
184331c1,184331.c1,Zha16_no_2_tors,184331,False,False,False,,1,3,True,A3_ONLY,True,1,1,3
184334c1,184334.e1,Zha16_no_2_tors,184334,False,False,False,,1,3,True,A3_ONLY,True,1,1,3
184334e1,184334.b1,Zha16_no_2_tors,184334,False,False,False,,1,3,True,A3_ONLY,True,1,1,3
184370c1,184370.c1,Zha16_no_2_tors,184370,False,False,False,,1,3,True,A3_ONLY,True,1,1,3
184670b1,184670.d2,Zha16_no_2_tors,184670,True,False,False,3,1;3,1,False,ISOGENY_ONLY,True,3,3,1
184670d1,184670.f1,Zha16_no_2_tors,184670,False,False,False,,1,3,True,A3_ONLY,True,1,1,3
184706a1,184706.a1,Zha16_no_2_tors,184706,False,False,False,,1,-3,True,A3_ONLY,True,7,7,-3
184822a1,184822.b1,Zha16_no_2_tors,184822,False,False,False,,1,-3,True,A3_ONLY,True,7,7,-3
184943d1,184943.d1,Zha16_no_2_tors,184943,False,False,False,,1,3,True,A3_ONLY,True,1,1,3
185093a1,185093.a2,Zha16_no_2_tors,185093,True,False,False,3,1;3,-2,False,ISOGENY_ONLY,True,6,6,-2
185174d1,185174.a1,Zha16_no_2_tors,185174,False,False,False,,1,-3,True,A3_ONLY,True,7,7,-3
185282a1,185282.a1,Zha16_no_2_tors,185282,False,False,False,,1,-3,True,A3_ONLY,True,7,7,-3
185290d1,185290.k2,Zha16_no_2_tors,185290,True,False,False,3,1;3,1,False,ISOGENY_ONLY,True,3,3,1
185290n1,185290.g1,Zha16_no_2_tors,185290,False,False,False,,1,3,True,A3_ONLY,True,1,1,3
185314d1,185314.e1,Zha16_no_2_tors,185314,False,False,False,,1,3,True,A3_ONLY,True,1,1,3
185482a1,185482.a1,Zha16_no_2_tors,185482,False,False,False,,1,-3,True,A3_ONLY,True,7,7,-3
185702g1,185702.e1,Zha16_no_2_tors,185702,True,False,False,3,1;3,1,False,ISOGENY_ONLY,True,3,3,1
185989a1,185989.a2,Zha16_no_2_tors,185989,False,True,False,5,1;5,-1,False,ISOGENY_ONLY,True,5,5,-1
186010a1,186010.w1,Zha16_no_2_tors,186010,False,False,False,,1,-3,True,A3_ONLY,True,7,7,-3
186010bb1,186010.m2,Zha16_no_2_tors,186010,True,False,False,3,1;3,1,False,ISOGENY_ONLY,True,3,3,1
186110f1,186110.i1,Zha16_no_2_tors,186110,True,False,False,3,1;3,1,False,ISOGENY_ONLY,True,3,3,1
186110h1,186110.j1,Zha16_no_2_tors,186110,False,False,False,,1,3,True,A3_ONLY,True,1,1,3
186230f1,186230.m1,Zha16_no_2_tors,186230,False,False,False,,1,3,True,A3_ONLY,True,1,1,3
186626g1,186626.a2,Zha16_no_2_tors,186626,True,False,False,3,1;3,-2,False,ISOGENY_ONLY,True,6,6,-2
186682b1,186682.a2,Zha16_no_2_tors,186682,True,False,False,3,1;3,1,False,ISOGENY_ONLY,True,3,3,1
186758g1,186758.c1,Zha16_no_2_tors,186758,False,False,False,,1,3,True,A3_ONLY,True,1,1,3
186809a1,186809.a1,Zha16_no_2_tors,186809,False,False,False,,1,-3,True,A3_ONLY,True,7,7,-3
186874b1,186874.g1,Zha16_no_2_tors,186874,False,False,False,,1,-3,True,A3_ONLY,True,7,7,-3
186874h1,186874.a1,Zha16_no_2_tors,186874,False,False,False,,1,-3,True,A3_ONLY,True,7,7,-3
186922b1,186922.a1,Zha16_no_2_tors,186922,False,False,False,,1,-3,True,A3_ONLY,True,7,7,-3
187090e1,187090.b1,Zha16_no_2_tors,187090,True,False,False,3,1;3,-2,False,ISOGENY_ONLY,True,6,6,-2
187162b1,187162.d2,Zha16_no_2_tors,187162,True,False,False,3,1;3,1,False,ISOGENY_ONLY,True,3,3,1
187202a1,187202.a1,Zha16_no_2_tors,187202,False,False,False,,1,3,True,A3_ONLY,True,1,1,3
187309a1,187309.a1,Zha16_no_2_tors,187309,False,False,False,,1,3,True,A3_ONLY,True,1,1,3
187534b1,187534.a1,Zha16_no_2_tors,187534,False,False,False,,1,-3,True,A3_ONLY,True,7,7,-3
187619a1,187619.a1,Zha16_no_2_tors,187619,False,False,False,,1,-3,True,A3_ONLY,True,7,7,-3
187646d1,187646.b2,Zha16_no_2_tors,187646,True,False,False,3,1;3,1,False,ISOGENY_ONLY,True,3,3,1
188386e1,188386.d2,Zha16_no_2_tors,188386,True,False,False,3,1;3,1,False,ISOGENY_ONLY,True,3,3,1
188461b1,188461.b1,Zha16_no_2_tors,188461,False,False,False,,1,3,True,A3_ONLY,True,1,1,3
188515c1,188515.c1,Zha16_no_2_tors,188515,True,False,False,3,1;3,-2,False,ISOGENY_ONLY,True,6,6,-2
188555a1,188555.a1,Zha16_no_2_tors,188555,False,False,False,,1,3,True,A3_ONLY,True,1,1,3
188611a1,188611.a1,Zha16_no_2_tors,188611,True,False,False,3,1;3,-2,False,ISOGENY_ONLY,True,6,6,-2
188734n1,188734.bb1,Zha16_no_2_tors,188734,False,False,False,,1,3,True,A3_ONLY,True,1,1,3
188806b1,188806.d1,Zha16_no_2_tors,188806,False,False,False,,1,-3,True,A3_ONLY,True,7,7,-3
188819a1,188819.a1,Zha16_no_2_tors,188819,True,False,False,3,1;3,1,False,ISOGENY_ONLY,True,3,3,1
188821b1,188821.b1,Zha16_no_2_tors,188821,False,False,False,,1,3,True,A3_ONLY,True,1,1,3
188914b1,188914.a2,Zha16_no_2_tors,188914,True,False,False,3,1;3,-2,False,ISOGENY_ONLY,True,6,6,-2
189010d1,189010.a2,Zha16_no_2_tors,189010,True,False,False,3,1;3,-2,False,ISOGENY_ONLY,True,6,6,-2
189037b1,189037.b1,Zha16_no_2_tors,189037,False,False,False,,1,3,True,A3_ONLY,True,1,1,3
189038a1,189038.b1,Zha16_no_2_tors,189038,False,False,False,,1,-3,True,A3_ONLY,True,7,7,-3
189070e1,189070.m2,Zha16_no_2_tors,189070,True,False,False,3,1;3,1,False,ISOGENY_ONLY,True,3,3,1
189070n1,189070.h1,Zha16_no_2_tors,189070,False,False,False,,1,3,True,A3_ONLY,True,1,1,3
189262a1,189262.b1,Zha16_no_2_tors,189262,False,False,False,,1,-3,True,A3_ONLY,True,7,7,-3
189394b1,189394.a1,Zha16_no_2_tors,189394,False,False,False,,1,-3,True,A3_ONLY,True,7,7,-3
189410b1,189410.g2,Zha16_no_2_tors,189410,True,False,False,3,1;3,-2,False,ISOGENY_ONLY,True,6,6,-2
189635a1,189635.a2,Zha16_no_2_tors,189635,True,False,False,3,1;3,1,False,ISOGENY_ONLY,True,3,3,1
189658i1,189658.a2,Zha16_no_2_tors,189658,True,False,False,3,1;3,-2,False,ISOGENY_ONLY,True,6,6,-2
189722b1,189722.b1,Zha16_no_2_tors,189722,False,False,False,,1,3,True,A3_ONLY,True,1,1,3
189794c1,189794.c1,Zha16_no_2_tors,189794,False,False,False,,1,3,True,A3_ONLY,True,1,1,3
189866b1,189866.a1,Zha16_no_2_tors,189866,False,False,False,,1,-3,True,A3_ONLY,True,7,7,-3
189878d1,189878.a2,Zha16_no_2_tors,189878,True,False,False,3,1;3,-2,False,ISOGENY_ONLY,True,6,6,-2
190226a1,190226.a1,Zha16_no_2_tors,190226,False,False,False,,1,3,True,A3_ONLY,True,1,1,3
190498c1,190498.f1,Zha16_no_2_tors,190498,False,False,False,,1,3,True,A3_ONLY,True,1,1,3
190646d1,190646.b1,Zha16_no_2_tors,190646,False,False,False,,1,-3,True,A3_ONLY,True,7,7,-3
190727a1,190727.a1,Zha16_no_2_tors,190727,False,False,False,,1,3,True,A3_ONLY,True,1,1,3
190754d1,190754.a1,Zha16_no_2_tors,190754,False,False,False,,1,-3,True,A3_ONLY,True,7,7,-3
190862b1,190862.b1,Zha16_no_2_tors,190862,False,False,False,,1,3,True,A3_ONLY,True,1,1,3
190883b1,190883.b1,Zha16_no_2_tors,190883,False,False,False,,1,3,True,A3_ONLY,True,1,1,3
191015d1,191015.d1,Zha16_no_2_tors,191015,False,False,False,,1,3,True,A3_ONLY,True,1,1,3
191090a1,191090.b1,Zha16_no_2_tors,191090,False,False,False,,1,-3,True,A3_ONLY,True,7,7,-3
191158a1,191158.a1,Zha16_no_2_tors,191158,False,False,False,,1,-3,True,A3_ONLY,True,7,7,-3
191171a1,191171.a2,Zha16_no_2_tors,191171,True,False,False,3,1;3,1,False,ISOGENY_ONLY,True,3,3,1
191315b1,191315.b1,Zha16_no_2_tors,191315,True,False,False,3,1;3,1,False,ISOGENY_ONLY,True,3,3,1
191555b1,191555.b1,Zha16_no_2_tors,191555,True,False,False,3,1;3,1,False,ISOGENY_ONLY,True,3,3,1
191723b1,191723.b1,Zha16_no_2_tors,191723,False,False,False,,1,3,True,A3_ONLY,True,1,1,3
191822a1,191822.a1,Zha16_no_2_tors,191822,False,False,False,,1,3,True,A3_ONLY,True,1,1,3
191915a1,191915.a1,Zha16_no_2_tors,191915,False,False,False,,1,3,True,A3_ONLY,True,1,1,3
191954d1,191954.g1,Zha16_no_2_tors,191954,False,False,False,,1,3,True,A3_ONLY,True,1,1,3
192062c1,192062.d1,Zha16_no_2_tors,192062,False,False,False,,1,3,True,A3_ONLY,True,1,1,3
192814a1,192814.d1,Zha16_no_2_tors,192814,False,False,False,,1,3,True,A3_ONLY,True,1,1,3
192899b1,192899.b1,Zha16_no_2_tors,192899,False,False,False,,1,-3,True,A3_ONLY,True,7,7,-3
192910b1,192910.a1,Zha16_no_2_tors,192910,True,False,False,3,1;3,-2,False,ISOGENY_ONLY,True,6,6,-2
193157a1,193157.a1,Zha16_no_2_tors,193157,False,False,False,,1,-3,True,A3_ONLY,True,7,7,-3
193318a1,193318.a1,Zha16_no_2_tors,193318,True,False,False,3,1;3,-2,False,ISOGENY_ONLY,True,6,6,-2
193426b1,193426.d1,Zha16_no_2_tors,193426,False,False,False,,1,3,True,A3_ONLY,True,1,1,3
193586a1,193586.a1,Zha16_no_2_tors,193586,False,False,False,,1,3,True,A3_ONLY,True,1,1,3
193715g1,193715.g1,Zha16_no_2_tors,193715,False,False,False,,1,3,True,A3_ONLY,True,1,1,3
193735a1,193735.a1,Zha16_no_2_tors,193735,False,False,False,,1,-3,True,A3_ONLY,True,7,7,-3
193754a1,193754.b1,Zha16_no_2_tors,193754,False,False,False,,1,3,True,A3_ONLY,True,1,1,3
193886a1,193886.f2,Zha16_no_2_tors,193886,False,True,False,5,1;5,-1,False,ISOGENY_ONLY,True,5,5,-1
193966b1,193966.a1,Zha16_no_2_tors,193966,False,False,False,,1,-3,True,A3_ONLY,True,7,7,-3
194293a1,194293.a1,Zha16_no_2_tors,194293,False,False,False,,1,3,True,A3_ONLY,True,1,1,3
194554a1,194554.a1,Zha16_no_2_tors,194554,False,False,False,,1,3,True,A3_ONLY,True,1,1,3
194603a1,194603.a1,Zha16_no_2_tors,194603,False,False,False,,1,-3,True,A3_ONLY,True,7,7,-3
194651a1,194651.a1,Zha16_no_2_tors,194651,False,False,False,,1,-3,True,A3_ONLY,True,7,7,-3
194666a1,194666.a1,Zha16_no_2_tors,194666,False,False,False,,1,-3,True,A3_ONLY,True,7,7,-3
194845a1,194845.a1,Zha16_no_2_tors,194845,False,False,False,,1,3,True,A3_ONLY,True,1,1,3
194978a1,194978.a1,Zha16_no_2_tors,194978,False,False,False,,1,-3,True,A3_ONLY,True,7,7,-3
195011a1,195011.a1,Zha16_no_2_tors,195011,False,False,False,,1,-3,True,A3_ONLY,True,7,7,-3
195085b1,195085.b2,Zha16_no_2_tors,195085,True,False,False,3,1;3,1,False,ISOGENY_ONLY,True,3,3,1
195139a1,195139.a1,Zha16_no_2_tors,195139,True,False,False,3,1;3;9,-2,False,ISOGENY_ONLY,True,6,6,-2
195170e1,195170.a1,Zha16_no_2_tors,195170,False,False,False,,1,-3,True,A3_ONLY,True,7,7,-3
195547a1,195547.a2,Zha16_no_2_tors,195547,True,False,False,3,1;3,-2,False,ISOGENY_ONLY,True,6,6,-2
195635c1,195635.c1,Zha16_no_2_tors,195635,False,False,False,,1,3,True,A3_ONLY,True,1,1,3
195638a1,195638.a1,Zha16_no_2_tors,195638,False,False,False,,1,3,True,A3_ONLY,True,1,1,3
195671a1,195671.a1,Zha16_no_2_tors,195671,False,False,False,,1,3,True,A3_ONLY,True,1,1,3
195769b1,195769.b1,Zha16_no_2_tors,195769,False,False,False,,1,-3,True,A3_ONLY,True,7,7,-3
195830c1,195830.a1,Zha16_no_2_tors,195830,False,False,False,,1,-3,True,A3_ONLY,True,7,7,-3
196214a1,196214.a1,Zha16_no_2_tors,196214,False,False,False,,1,3,True,A3_ONLY,True,1,1,3
196486b1,196486.a1,Zha16_no_2_tors,196486,False,False,False,,1,3,True,A3_ONLY,True,1,1,3
196586a1,196586.a1,Zha16_no_2_tors,196586,True,False,False,3,1;3,1,False,ISOGENY_ONLY,True,3,3,1
196730a1,196730.g1,Zha16_no_2_tors,196730,False,False,False,,1,-3,True,A3_ONLY,True,7,7,-3
196730k1,196730.f1,Zha16_no_2_tors,196730,False,False,False,,1,3,True,A3_ONLY,True,1,1,3
196802a1,196802.a1,Zha16_no_2_tors,196802,False,False,False,,1,-3,True,A3_ONLY,True,7,7,-3
197045a1,197045.a1,Zha16_no_2_tors,197045,False,False,False,,1,3,True,A3_ONLY,True,1,1,3
197747b1,197747.b1,Zha16_no_2_tors,197747,False,False,False,,1,3,True,A3_ONLY,True,1,1,3
197771a1,197771.a1,Zha16_no_2_tors,197771,False,False,False,,1,3,True,A3_ONLY,True,1,1,3
197890h1,197890.q1,Zha16_no_2_tors,197890,False,False,False,,1,3,True,A3_ONLY,True,1,1,3
197974a1,197974.h2,Zha16_no_2_tors,197974,True,False,False,3,1;3,-2,False,ISOGENY_ONLY,True,6,6,-2
198202c1,198202.e1,Zha16_no_2_tors,198202,False,False,False,,1,3,True,A3_ONLY,True,1,1,3
198610f1,198610.b1,Zha16_no_2_tors,198610,False,False,False,,1,3,True,A3_ONLY,True,1,1,3
198730a1,198730.f2,Zha16_no_2_tors,198730,True,False,False,3,1;3,-2,False,ISOGENY_ONLY,True,6,6,-2
198947a1,198947.a1,Zha16_no_2_tors,198947,False,False,False,,1,3,True,A3_ONLY,True,1,1,3
199106b1,199106.b1,Zha16_no_2_tors,199106,False,False,False,,1,3,True,A3_ONLY,True,1,1,3
199178c1,199178.a1,Zha16_no_2_tors,199178,False,False,False,,1,-3,True,A3_ONLY,True,7,7,-3
199226f1,199226.b2,Zha16_no_2_tors,199226,True,False,False,3,1;3,-2,False,ISOGENY_ONLY,True,6,6,-2
199366a1,199366.c1,Zha16_no_2_tors,199366,False,False,False,,1,-3,True,A3_ONLY,True,7,7,-3
199546a1,199546.b1,Zha16_no_2_tors,199546,True,False,False,3,1;3,-2,False,ISOGENY_ONLY,True,6,6,-2
199606a1,199606.a2,Zha16_no_2_tors,199606,True,False,False,3,1;3,-2,False,ISOGENY_ONLY,True,6,6,-2
200090j1,200090.e2,Zha16_no_2_tors,200090,True,False,False,3,1;3,1,False,ISOGENY_ONLY,True,3,3,1
200195b1,200195.b1,Zha16_no_2_tors,200195,False,False,False,,1,3,True,A3_ONLY,True,1,1,3
200222c1,200222.d1,Zha16_no_2_tors,200222,False,False,False,,1,3,True,A3_ONLY,True,1,1,3
200330l1,200330.a1,Zha16_no_2_tors,200330,False,False,False,,1,-3,True,A3_ONLY,True,7,7,-3
200330m1,200330.b1,Zha16_no_2_tors,200330,False,False,False,,1,-3,True,A3_ONLY,True,7,7,-3
200486j1,200486.f1,Zha16_no_2_tors,200486,False,False,False,,1,3,True,A3_ONLY,True,1,1,3
200546c1,200546.c2,Zha16_no_2_tors,200546,True,False,False,3,1;3,1,False,ISOGENY_ONLY,True,3,3,1
200590c1,200590.a1,Zha16_no_2_tors,200590,True,False,False,3,1;3,-2,False,ISOGENY_ONLY,True,6,6,-2
200629a1,200629.a1,Zha16_no_2_tors,200629,False,False,False,,1,3,True,A3_ONLY,True,1,1,3
200702a1,200702.a1,Zha16_no_2_tors,200702,False,False,False,,1,-3,True,A3_ONLY,True,7,7,-3
200746a1,200746.b1,Zha16_no_2_tors,200746,True,False,False,3,1;3,-2,False,ISOGENY_ONLY,True,6,6,-2
200879a1,200879.a1,Zha16_no_2_tors,200879,False,False,False,,1,3,True,A3_ONLY,True,1,1,3
200906d1,200906.d1,Zha16_no_2_tors,200906,False,False,False,,1,3,True,A3_ONLY,True,1,1,3
201041a1,201041.a1,Zha16_no_2_tors,201041,False,False,False,,1,3,True,A3_ONLY,True,1,1,3
201058e1,201058.a1,Zha16_no_2_tors,201058,True,False,False,3,1;3,-2,False,ISOGENY_ONLY,True,6,6,-2
201134g1,201134.b1,Zha16_no_2_tors,201134,False,False,False,,1,3,True,A3_ONLY,True,1,1,3
201218a1,201218.a1,Zha16_no_2_tors,201218,False,False,False,,1,3,True,A3_ONLY,True,1,1,3
201283a1,201283.a2,Zha16_no_2_tors,201283,True,False,False,3,1;3,-2,False,ISOGENY_ONLY,True,6,6,-2
201295b1,201295.b1,Zha16_no_2_tors,201295,False,False,False,,1,3,True,A3_ONLY,True,1,1,3
201362g1,201362.d3,Zha16_no_2_tors,201362,True,False,False,3,1;3;9,1,False,ISOGENY_ONLY,True,3,3,1
201410a1,201410.f3,Zha16_no_2_tors,201410,True,False,False,3,1;3;9,1,False,ISOGENY_ONLY,True,3,3,1
201563b1,201563.b1,Zha16_no_2_tors,201563,False,False,False,,1,3,True,A3_ONLY,True,1,1,3
201670i1,201670.o1,Zha16_no_2_tors,201670,False,False,False,,1,3,True,A3_ONLY,True,1,1,3
202123a1,202123.a2,Zha16_no_2_tors,202123,True,False,False,3,1;3,-2,False,ISOGENY_ONLY,True,6,6,-2
202130o1,202130.bd1,Zha16_no_2_tors,202130,False,False,False,,1,3,True,A3_ONLY,True,1,1,3
202358d1,202358.d1,Zha16_no_2_tors,202358,False,False,False,,1,3,True,A3_ONLY,True,1,1,3
202510n1,202510.g1,Zha16_no_2_tors,202510,True,False,False,3,1;3,-2,False,ISOGENY_ONLY,True,6,6,-2
202651a1,202651.a2,Zha16_no_2_tors,202651,True,False,False,3,1;3,-2,False,ISOGENY_ONLY,True,6,6,-2
202718a1,202718.a1,Zha16_no_2_tors,202718,False,False,False,,1,-3,True,A3_ONLY,True,7,7,-3
202813a1,202813.a1,Zha16_no_2_tors,202813,False,False,False,,1,3,True,A3_ONLY,True,1,1,3
202870a1,202870.a1,Zha16_no_2_tors,202870,False,False,False,,1,3,True,A3_ONLY,True,1,1,3
202910a1,202910.b1,Zha16_no_2_tors,202910,False,False,False,,1,-3,True,A3_ONLY,True,7,7,-3
203315b1,203315.b1,Zha16_no_2_tors,203315,False,False,False,,1,-3,True,A3_ONLY,True,7,7,-3
203374a1,203374.a1,Zha16_no_2_tors,203374,False,False,False,,1,3,True,A3_ONLY,True,1,1,3
203411a1,203411.a1,Zha16_no_2_tors,203411,False,False,False,,1,-3,True,A3_ONLY,True,7,7,-3
203414b1,203414.d2,Zha16_no_2_tors,203414,False,True,False,5,1;5,-1,False,ISOGENY_ONLY,True,5,5,-1
203485a1,203485.a1,Zha16_no_2_tors,203485,False,False,False,,1,3,True,A3_ONLY,True,1,1,3
203510c1,203510.c1,Zha16_no_2_tors,203510,False,False,False,,1,3,True,A3_ONLY,True,1,1,3
203962d1,203962.b2,Zha16_no_2_tors,203962,True,False,False,3,1;3,-2,False,ISOGENY_ONLY,True,6,6,-2
204098a1,204098.a1,Zha16_no_2_tors,204098,False,False,False,,1,-3,True,A3_ONLY,True,7,7,-3
204155b1,204155.b1,Zha16_no_2_tors,204155,False,False,False,,1,3,True,A3_ONLY,True,1,1,3
204171a1,204171.a2,Zha16_no_2_tors,204171,False,True,False,5,1;5,1,False,ISOGENY_ONLY,False,3,2,-
204265a1,204265.a1,Zha16_no_2_tors,204265,False,False,False,,1,3,True,A3_ONLY,True,1,1,3
204358e1,204358.i3,Zha16_no_2_tors,204358,True,False,False,3,1;3;9,1,False,ISOGENY_ONLY,True,3,3,1
204614a1,204614.a1,Zha16_no_2_tors,204614,False,False,False,,1,-3,True,A3_ONLY,True,7,7,-3
204910a1,204910.h1,Zha16_no_2_tors,204910,False,False,False,,1,-3,True,A3_ONLY,True,7,7,-3
204958b1,204958.c1,Zha16_no_2_tors,204958,False,False,False,,1,3,True,A3_ONLY,True,1,1,3
204995d1,204995.d1,Zha16_no_2_tors,204995,False,False,False,,1,-3,True,A3_ONLY,True,7,7,-3
205030b1,205030.l1,Zha16_no_2_tors,205030,True,False,False,3,1;3,-2,False,ISOGENY_ONLY,True,6,6,-2
205270c1,205270.a2,Zha16_no_2_tors,205270,True,False,False,3,1;3,1,False,ISOGENY_ONLY,True,3,3,1
205282f1,205282.b2,Zha16_no_2_tors,205282,True,False,False,3,1;3,-2,False,ISOGENY_ONLY,True,6,6,-2
205406b1,205406.e2,Zha16_no_2_tors,205406,True,False,False,3,1;3,1,False,ISOGENY_ONLY,True,3,3,1
205406e1,205406.h1,Zha16_no_2_tors,205406,False,False,False,,1,3,True,A3_ONLY,True,1,1,3
205406f1,205406.i1,Zha16_no_2_tors,205406,False,False,False,,1,3,True,A3_ONLY,True,1,1,3
205597b1,205597.b1,Zha16_no_2_tors,205597,False,False,False,,1,3,True,A3_ONLY,True,1,1,3
205730c1,205730.a1,Zha16_no_2_tors,205730,False,False,False,,1,-3,True,A3_ONLY,True,7,7,-3
205958h1,205958.e1,Zha16_no_2_tors,205958,False,False,False,,1,3,True,A3_ONLY,True,1,1,3
206029a1,206029.a1,Zha16_no_2_tors,206029,False,False,False,,1,-3,True,A3_ONLY,True,7,7,-3
206330a1,206330.d2,Zha16_no_2_tors,206330,True,False,False,3,1;3,1,False,ISOGENY_ONLY,True,3,3,1
206530a1,206530.b1,Zha16_no_2_tors,206530,True,False,False,3,1;3,-2,False,ISOGENY_ONLY,True,6,6,-2
206646e1,206646.ba1,Zha16_no_2_tors,206646,False,True,False,5,1;5,1,False,ISOGENY_ONLY,False,3,2,-
206690b1,206690.d1,Zha16_no_2_tors,206690,False,False,False,,1,3,True,A3_ONLY,True,1,1,3
207298h1,207298.d1,Zha16_no_2_tors,207298,True,False,False,3,1;3,-2,False,ISOGENY_ONLY,True,6,6,-2
207518f1,207518.e1,Zha16_no_2_tors,207518,False,False,False,,1,3,True,A3_ONLY,True,1,1,3
207530a1,207530.b1,Zha16_no_2_tors,207530,False,False,False,,1,-3,True,A3_ONLY,True,7,7,-3
207538a1,207538.a2,Zha16_no_2_tors,207538,True,False,False,3,1;3,1,False,ISOGENY_ONLY,True,3,3,1
207851a1,207851.a2,Zha16_no_2_tors,207851,False,True,False,5,1;5,-1,False,ISOGENY_ONLY,True,5,5,-1
207914c1,207914.a1,Zha16_no_2_tors,207914,False,False,False,,1,-3,True,A3_ONLY,True,7,7,-3
208078a1,208078.a1,Zha16_no_2_tors,208078,True,False,False,3,1;3;9,-2,False,ISOGENY_ONLY,True,6,6,-2
208171a1,208171.a2,Zha16_no_2_tors,208171,True,False,False,3,1;3,-2,False,ISOGENY_ONLY,True,6,6,-2
208178a1,208178.a1,Zha16_no_2_tors,208178,False,False,False,,1,-3,True,A3_ONLY,True,7,7,-3
208558c1,208558.d1,Zha16_no_2_tors,208558,False,False,False,,1,3,True,A3_ONLY,True,1,1,3
208693b1,208693.b1,Zha16_no_2_tors,208693,False,False,False,,1,-3,True,A3_ONLY,True,7,7,-3
208742a1,208742.e2,Zha16_no_2_tors,208742,True,False,False,3,1;3,-2,False,ISOGENY_ONLY,True,6,6,-2
208894a1,208894.e2,Zha16_no_2_tors,208894,True,False,False,3,1;3,-2,False,ISOGENY_ONLY,True,6,6,-2
209090g1,209090.a1,Zha16_no_2_tors,209090,False,False,False,,1,-3,True,A3_ONLY,True,7,7,-3
209674a1,209674.b1,Zha16_no_2_tors,209674,True,False,False,3,1;3,-2,False,ISOGENY_ONLY,True,6,6,-2
209699a1,209699.a1,Zha16_no_2_tors,209699,False,False,False,,1,-3,True,A3_ONLY,True,7,7,-3
209915c1,209915.c1,Zha16_no_2_tors,209915,False,False,False,,1,-3,True,A3_ONLY,True,7,7,-3
210301b1,210301.b3,Zha16_no_2_tors,210301,True,False,False,3,1;3;9,1,False,ISOGENY_ONLY,True,3,3,1
210410g1,210410.d1,Zha16_no_2_tors,210410,True,False,False,3,1;3,1,False,ISOGENY_ONLY,True,3,3,1
210562b1,210562.c1,Zha16_no_2_tors,210562,False,False,False,,1,3,True,A3_ONLY,True,1,1,3
210562c1,210562.a1,Zha16_no_2_tors,210562,False,False,False,,1,3,True,A3_ONLY,True,1,1,3
210626a1,210626.a1,Zha16_no_2_tors,210626,False,False,False,,1,-3,True,A3_ONLY,True,7,7,-3
210635a1,210635.a1,Zha16_no_2_tors,210635,False,False,False,,1,-3,True,A3_ONLY,True,7,7,-3
210638a1,210638.a1,Zha16_no_2_tors,210638,False,False,False,,1,3,True,A3_ONLY,True,1,1,3
210794a1,210794.a1,Zha16_no_2_tors,210794,False,False,False,,1,-3,True,A3_ONLY,True,7,7,-3
210871a1,210871.a1,Zha16_no_2_tors,210871,False,False,False,,1,3,True,A3_ONLY,True,1,1,3
210947a1,210947.a1,Zha16_no_2_tors,210947,False,False,False,,1,-3,True,A3_ONLY,True,7,7,-3
211042a1,211042.a1,Zha16_no_2_tors,211042,False,False,False,,1,3,True,A3_ONLY,True,1,1,3
211295a1,211295.a1,Zha16_no_2_tors,211295,False,False,False,,1,-3,True,A3_ONLY,True,7,7,-3
211370a1,211370.a1,Zha16_no_2_tors,211370,False,False,False,,1,3,True,A3_ONLY,True,1,1,3
211549b1,211549.b1,Zha16_no_2_tors,211549,False,False,False,,1,3,True,A3_ONLY,True,1,1,3
211610a1,211610.e2,Zha16_no_2_tors,211610,True,False,False,3,1;3,-2,False,ISOGENY_ONLY,True,6,6,-2
211730b1,211730.e2,Zha16_no_2_tors,211730,True,False,False,3,1;3,1,False,ISOGENY_ONLY,True,3,3,1
211790a1,211790.c1,Zha16_no_2_tors,211790,False,False,False,,1,3,True,A3_ONLY,True,1,1,3
211898a1,211898.d1,Zha16_no_2_tors,211898,True,False,False,3,1;3,1,False,ISOGENY_ONLY,True,3,3,1
212221b1,212221.b1,Zha16_no_2_tors,212221,False,False,False,,1,3,True,A3_ONLY,True,1,1,3
212294a1,212294.a1,Zha16_no_2_tors,212294,False,False,False,,1,3,True,A3_ONLY,True,1,1,3
212474b1,212474.a1,Zha16_no_2_tors,212474,False,False,False,,1,-3,True,A3_ONLY,True,7,7,-3
212755b1,212755.b2,Zha16_no_2_tors,212755,True,False,False,3,1;3,-2,False,ISOGENY_ONLY,True,6,6,-2
212890a1,212890.b1,Zha16_no_2_tors,212890,False,False,False,,1,-3,True,A3_ONLY,True,7,7,-3
212890b1,212890.a1,Zha16_no_2_tors,212890,False,False,False,,1,-3,True,A3_ONLY,True,7,7,-3
212933c1,212933.c1,Zha16_no_2_tors,212933,False,False,False,,1,-3,True,A3_ONLY,True,7,7,-3
213034b1,213034.b1,Zha16_no_2_tors,213034,False,False,False,,1,3,True,A3_ONLY,True,1,1,3
213118d1,213118.a1,Zha16_no_2_tors,213118,False,False,False,,1,-3,True,A3_ONLY,True,7,7,-3
213118f1,213118.c2,Zha16_no_2_tors,213118,True,False,False,3,1;3,1,False,ISOGENY_ONLY,True,3,3,1
213662b1,213662.a1,Zha16_no_2_tors,213662,False,False,False,,1,3,True,A3_ONLY,True,1,1,3
213730h1,213730.o1,Zha16_no_2_tors,213730,False,False,False,,1,3,True,A3_ONLY,True,1,1,3
213803a1,213803.a1,Zha16_no_2_tors,213803,False,False,False,,1,3,True,A3_ONLY,True,1,1,3
214190a1,214190.a1,Zha16_no_2_tors,214190,False,False,False,,1,-3,True,A3_ONLY,True,7,7,-3
214361b1,214361.b1,Zha16_no_2_tors,214361,False,False,False,,1,3,True,A3_ONLY,True,1,1,3
214379c1,214379.c1,Zha16_no_2_tors,214379,False,False,False,,1,3,True,A3_ONLY,True,1,1,3
214415c1,214415.c1,Zha16_no_2_tors,214415,False,False,False,,1,-3,True,A3_ONLY,True,7,7,-3
214490n1,214490.m1,Zha16_no_2_tors,214490,False,False,False,,1,3,True,A3_ONLY,True,1,1,3
214558a1,214558.a1,Zha16_no_2_tors,214558,True,False,False,3,1;3,-2,False,ISOGENY_ONLY,True,6,6,-2
214579a1,214579.a1,Zha16_no_2_tors,214579,True,False,False,3,1;3,-2,False,ISOGENY_ONLY,True,6,6,-2
214615b1,214615.b1,Zha16_no_2_tors,214615,False,False,False,,1,3,True,A3_ONLY,True,1,1,3
214642b1,214642.a1,Zha16_no_2_tors,214642,True,False,False,3,1;3,-2,False,ISOGENY_ONLY,True,6,6,-2
214658b1,214658.a1,Zha16_no_2_tors,214658,True,False,False,3,1;3,1,False,ISOGENY_ONLY,True,3,3,1
214730c1,214730.a2,Zha16_no_2_tors,214730,True,False,False,3,1;3,-2,False,ISOGENY_ONLY,True,6,6,-2
214766b1,214766.c2,Zha16_no_2_tors,214766,True,False,False,3,1;3,-2,False,ISOGENY_ONLY,True,6,6,-2
214894a1,214894.a1,Zha16_no_2_tors,214894,False,False,False,,1,3,True,A3_ONLY,True,1,1,3
214894b1,214894.b1,Zha16_no_2_tors,214894,False,False,False,,1,3,True,A3_ONLY,True,1,1,3
214918a1,214918.d1,Zha16_no_2_tors,214918,False,False,False,,1,3,True,A3_ONLY,True,1,1,3
214918d1,214918.c1,Zha16_no_2_tors,214918,False,False,False,,1,3,True,A3_ONLY,True,1,1,3
215083b1,215083.b1,Zha16_no_2_tors,215083,False,False,False,,1,3,True,A3_ONLY,True,1,1,3
215530c1,215530.j2,Zha16_no_2_tors,215530,True,False,False,3,1;3,-2,False,ISOGENY_ONLY,True,6,6,-2
215683a1,215683.a1,Zha16_no_2_tors,215683,False,False,False,,1,-3,True,A3_ONLY,True,7,7,-3
215999a1,215999.a1,Zha16_no_2_tors,215999,False,False,False,,1,-3,True,A3_ONLY,True,7,7,-3
216026a1,216026.a1,Zha16_no_2_tors,216026,False,False,False,,1,3,True,A3_ONLY,True,1,1,3
216098b1,216098.a1,Zha16_no_2_tors,216098,False,False,False,,1,-3,True,A3_ONLY,True,7,7,-3
216266b1,216266.b2,Zha16_no_2_tors,216266,True,False,False,3,1;3,-2,False,ISOGENY_ONLY,True,6,6,-2
216467a1,216467.a1,Zha16_no_2_tors,216467,False,False,False,,1,3,True,A3_ONLY,True,1,1,3
216562f1,216562.c1,Zha16_no_2_tors,216562,False,False,False,,1,3,True,A3_ONLY,True,1,1,3
216818a1,216818.a1,Zha16_no_2_tors,216818,False,False,False,,1,-3,True,A3_ONLY,True,7,7,-3
216862b1,216862.a1,Zha16_no_2_tors,216862,False,False,False,,1,-3,True,A3_ONLY,True,7,7,-3
216886a1,216886.a1,Zha16_no_2_tors,216886,False,False,False,,1,3,True,A3_ONLY,True,1,1,3
216910a1,216910.d1,Zha16_no_2_tors,216910,True,False,False,3,1;3,-2,False,ISOGENY_ONLY,True,6,6,-2
217010a1,217010.a1,Zha16_no_2_tors,217010,False,False,False,,1,-3,True,A3_ONLY,True,7,7,-3
217226a1,217226.a1,Zha16_no_2_tors,217226,True,False,False,3,1;3,1,False,ISOGENY_ONLY,True,3,3,1
217234b1,217234.b1,Zha16_no_2_tors,217234,False,False,False,,1,3,True,A3_ONLY,True,1,1,3
217286d1,217286.b1,Zha16_no_2_tors,217286,False,False,False,,1,3,True,A3_ONLY,True,1,1,3
217294g1,217294.h1,Zha16_no_2_tors,217294,False,False,False,,1,3,True,A3_ONLY,True,1,1,3
217294h1,217294.i1,Zha16_no_2_tors,217294,False,False,False,,1,3,True,A3_ONLY,True,1,1,3
217310a1,217310.b1,Zha16_no_2_tors,217310,False,False,False,,1,-3,True,A3_ONLY,True,7,7,-3
217466a1,217466.a1,Zha16_no_2_tors,217466,False,False,False,,1,-3,True,A3_ONLY,True,7,7,-3
217613b1,217613.b2,Zha16_no_2_tors,217613,True,False,False,3,1;3,-2,False,ISOGENY_ONLY,True,6,6,-2
217622e1,217622.f1,Zha16_no_2_tors,217622,False,False,False,,1,3,True,A3_ONLY,True,1,1,3
217693b1,217693.b1,Zha16_no_2_tors,217693,False,False,False,,1,3,True,A3_ONLY,True,1,1,3
217762b1,217762.b1,Zha16_no_2_tors,217762,False,False,False,,1,3,True,A3_ONLY,True,1,1,3
217931a1,217931.a1,Zha16_no_2_tors,217931,False,False,False,,1,-3,True,A3_ONLY,True,7,7,-3
218006b1,218006.a1,Zha16_no_2_tors,218006,False,False,False,,1,3,True,A3_ONLY,True,1,1,3
218230a1,218230.a1,Zha16_no_2_tors,218230,True,False,False,3,1;3,-2,False,ISOGENY_ONLY,True,6,6,-2
218483b1,218483.b1,Zha16_no_2_tors,218483,False,False,False,,1,3,True,A3_ONLY,True,1,1,3
218818d1,218818.c1,Zha16_no_2_tors,218818,False,False,False,,1,3,True,A3_ONLY,True,1,1,3
218899b1,218899.b1,Zha16_no_2_tors,218899,False,False,False,,1,3,True,A3_ONLY,True,1,1,3
219142a1,219142.b2,Zha16_no_2_tors,219142,True,False,False,3,1;3,-2,False,ISOGENY_ONLY,True,6,6,-2
219178b1,219178.b1,Zha16_no_2_tors,219178,False,False,False,,1,3,True,A3_ONLY,True,1,1,3
219329d1,219329.d1,Zha16_no_2_tors,219329,False,False,False,,1,-3,True,A3_ONLY,True,7,7,-3
219635b1,219635.b1,Zha16_no_2_tors,219635,True,False,False,3,1;3,1,False,ISOGENY_ONLY,True,3,3,1
219802c1,219802.a2,Zha16_no_2_tors,219802,True,False,False,3,1;3,-2,False,ISOGENY_ONLY,True,6,6,-2
220478b1,220478.a2,Zha16_no_2_tors,220478,True,False,False,3,1;3,-2,False,ISOGENY_ONLY,True,6,6,-2
221170e1,221170.d1,Zha16_no_2_tors,221170,False,False,False,,1,3,True,A3_ONLY,True,1,1,3
221230d1,221230.a2,Zha16_no_2_tors,221230,True,False,False,3,1;3,1,False,ISOGENY_ONLY,True,3,3,1
221258a1,221258.a1,Zha16_no_2_tors,221258,False,False,False,,1,3,True,A3_ONLY,True,1,1,3
221306b1,221306.b2,Zha16_no_2_tors,221306,True,False,False,3,1;3,1,False,ISOGENY_ONLY,True,3,3,1
221329b1,221329.b1,Zha16_no_2_tors,221329,False,False,False,,1,3,True,A3_ONLY,True,1,1,3
221387a1,221387.a2,Zha16_no_2_tors,221387,True,False,False,3,1;3,1,False,ISOGENY_ONLY,True,3,3,1
221446a1,221446.b1,Zha16_no_2_tors,221446,False,False,False,,1,3,True,A3_ONLY,True,1,1,3
221474f1,221474.h1,Zha16_no_2_tors,221474,False,False,False,,1,3,True,A3_ONLY,True,1,1,3
221527b1,221527.b1,Zha16_no_2_tors,221527,False,False,False,,1,3,True,A3_ONLY,True,1,1,3
221545a1,221545.a1,Zha16_no_2_tors,221545,False,False,False,,1,-3,True,A3_ONLY,True,7,7,-3
221566b1,221566.c1,Zha16_no_2_tors,221566,False,False,False,,1,3,True,A3_ONLY,True,1,1,3
221597a1,221597.a1,Zha16_no_2_tors,221597,False,False,False,,1,-3,True,A3_ONLY,True,7,7,-3
221618b1,221618.b1,Zha16_no_2_tors,221618,True,False,False,3,1;3,1,False,ISOGENY_ONLY,True,3,3,1
221694a1,221694.c2,Zha16_no_2_tors,221694,False,True,False,5,1;5,1,False,ISOGENY_ONLY,False,3,2,-
221834a1,221834.a1,Zha16_no_2_tors,221834,False,False,False,,1,3,True,A3_ONLY,True,1,1,3
222002b1,222002.d1,Zha16_no_2_tors,222002,False,False,False,,1,3,True,A3_ONLY,True,1,1,3
222110n1,222110.g1,Zha16_no_2_tors,222110,False,False,False,,1,3,True,A3_ONLY,True,1,1,3
222158a1,222158.b2,Zha16_no_2_tors,222158,True,False,False,3,1;3,-2,False,ISOGENY_ONLY,True,6,6,-2
222169a1,222169.a1,Zha16_no_2_tors,222169,False,False,False,,1,3,True,A3_ONLY,True,1,1,3
222401a1,222401.a1,Zha16_no_2_tors,222401,False,False,False,,1,3,True,A3_ONLY,True,1,1,3
222434b1,222434.b1,Zha16_no_2_tors,222434,False,False,False,,1,3,True,A3_ONLY,True,1,1,3
222755d1,222755.d1,Zha16_no_2_tors,222755,False,False,False,,1,-3,True,A3_ONLY,True,7,7,-3
222755g1,222755.g1,Zha16_no_2_tors,222755,False,False,False,,1,3,True,A3_ONLY,True,1,1,3
222806a1,222806.a1,Zha16_no_2_tors,222806,False,False,False,,1,3,True,A3_ONLY,True,1,1,3
222826b1,222826.c1,Zha16_no_2_tors,222826,False,False,False,,1,3,True,A3_ONLY,True,1,1,3
223106b1,223106.b1,Zha16_no_2_tors,223106,False,False,False,,1,3,True,A3_ONLY,True,1,1,3
223210k1,223210.e2,Zha16_no_2_tors,223210,True,False,False,3,1;3,-2,False,ISOGENY_ONLY,True,6,6,-2
223226a1,223226.a1,Zha16_no_2_tors,223226,False,False,False,,1,-3,True,A3_ONLY,True,7,7,-3
223390h1,223390.f2,Zha16_no_2_tors,223390,True,False,False,3,1;3,1,False,ISOGENY_ONLY,True,3,3,1
223445c1,223445.c2,Zha16_no_2_tors,223445,True,False,False,3,1;3,-2,False,ISOGENY_ONLY,True,6,6,-2
223630l1,223630.b1,Zha16_no_2_tors,223630,True,False,False,3,1;3,-2,False,ISOGENY_ONLY,True,6,6,-2
223715c1,223715.c2,Zha16_no_2_tors,223715,True,False,False,3,1;3,1,False,ISOGENY_ONLY,True,3,3,1
223739b1,223739.b1,Zha16_no_2_tors,223739,False,False,False,,1,3,True,A3_ONLY,True,1,1,3
223790f1,223790.a1,Zha16_no_2_tors,223790,False,False,False,,1,-3,True,A3_ONLY,True,7,7,-3
223814b1,223814.a1,Zha16_no_2_tors,223814,False,False,False,,1,3,True,A3_ONLY,True,1,1,3
224894a1,224894.a1,Zha16_no_2_tors,224894,False,False,False,,1,3,True,A3_ONLY,True,1,1,3
225134e1,225134.a1,Zha16_no_2_tors,225134,True,False,False,3,1;3,1,False,ISOGENY_ONLY,True,3,3,1
225323a1,225323.a1,Zha16_no_2_tors,225323,False,False,False,,1,3,True,A3_ONLY,True,1,1,3
225470e1,225470.l1,Zha16_no_2_tors,225470,True,False,False,3,1;3,1,False,ISOGENY_ONLY,True,3,3,1
225470h1,225470.a1,Zha16_no_2_tors,225470,False,False,False,,1,-3,True,A3_ONLY,True,7,7,-3
226018b1,226018.c1,Zha16_no_2_tors,226018,False,False,False,,1,3,True,A3_ONLY,True,1,1,3
226034a1,226034.a1,Zha16_no_2_tors,226034,False,False,False,,1,-3,True,A3_ONLY,True,7,7,-3
226190a1,226190.b1,Zha16_no_2_tors,226190,False,False,False,,1,-3,True,A3_ONLY,True,7,7,-3
226238b1,226238.h2,Zha16_no_2_tors,226238,True,False,False,3,1;3,-2,False,ISOGENY_ONLY,True,6,6,-2
226610k1,226610.d2,Zha16_no_2_tors,226610,True,False,False,3,1;3,-2,False,ISOGENY_ONLY,True,6,6,-2
226954j1,226954.c3,Zha16_no_2_tors,226954,True,False,False,3,1;3;9,1,False,ISOGENY_ONLY,True,3,3,1
226974h1,226974.ba2,Zha16_no_2_tors,226974,False,True,False,5,1;5,1,False,ISOGENY_ONLY,False,3,2,-
227006e1,227006.c1,Zha16_no_2_tors,227006,False,False,False,,1,3,True,A3_ONLY,True,1,1,3
227114a1,227114.a1,Zha16_no_2_tors,227114,False,False,False,,1,3,True,A3_ONLY,True,1,1,3
227446b1,227446.b1,Zha16_no_2_tors,227446,False,False,False,,1,3,True,A3_ONLY,True,1,1,3
227530g1,227530.a1,Zha16_no_2_tors,227530,False,False,False,,1,-3,True,A3_ONLY,True,7,7,-3
227678c1,227678.a1,Zha16_no_2_tors,227678,False,False,False,,1,-3,True,A3_ONLY,True,7,7,-3
227878a1,227878.c1,Zha16_no_2_tors,227878,False,False,False,,1,-3,True,A3_ONLY,True,7,7,-3
228053a1,228053.a2,Zha16_no_2_tors,228053,True,False,False,3,1;3,-2,False,ISOGENY_ONLY,True,6,6,-2
228094a1,228094.a1,Zha16_no_2_tors,228094,False,False,False,,1,-3,True,A3_ONLY,True,7,7,-3
228430f1,228430.g1,Zha16_no_2_tors,228430,False,False,False,,1,3,True,A3_ONLY,True,1,1,3
228430g1,228430.a2,Zha16_no_2_tors,228430,True,False,False,3,1;3,1,False,ISOGENY_ONLY,True,3,3,1
228499a1,228499.a1,Zha16_no_2_tors,228499,True,False,False,3,1;3,-2,False,ISOGENY_ONLY,True,6,6,-2
228574a1,228574.b1,Zha16_no_2_tors,228574,True,False,False,3,1;3,-2,False,ISOGENY_ONLY,True,6,6,-2
228653a1,228653.a1,Zha16_no_2_tors,228653,False,False,False,,1,3,True,A3_ONLY,True,1,1,3
228866a1,228866.a2,Zha16_no_2_tors,228866,True,False,False,3,1;3,1,False,ISOGENY_ONLY,True,3,3,1
228998m1,228998.g1,Zha16_no_2_tors,228998,False,False,False,,1,3,True,A3_ONLY,True,1,1,3
229034b1,229034.g1,Zha16_no_2_tors,229034,False,False,False,,1,3,True,A3_ONLY,True,1,1,3
229166a1,229166.a1,Zha16_no_2_tors,229166,False,False,False,,1,-3,True,A3_ONLY,True,7,7,-3
229190e1,229190.d1,Zha16_no_2_tors,229190,True,False,False,3,1;3,1,False,ISOGENY_ONLY,True,3,3,1
229405a1,229405.a1,Zha16_no_2_tors,229405,False,False,False,,1,3,True,A3_ONLY,True,1,1,3
229411a1,229411.a1,Zha16_no_2_tors,229411,True,False,False,3,1;3,-2,False,ISOGENY_ONLY,True,6,6,-2
229477a1,229477.a1,Zha16_no_2_tors,229477,False,False,False,,1,-3,True,A3_ONLY,True,7,7,-3
229670k1,229670.b1,Zha16_no_2_tors,229670,False,False,False,,1,-3,True,A3_ONLY,True,7,7,-3
230066a1,230066.a1,Zha16_no_2_tors,230066,False,False,False,,1,-3,True,A3_ONLY,True,7,7,-3
230147a1,230147.a1,Zha16_no_2_tors,230147,False,False,False,,1,-3,True,A3_ONLY,True,7,7,-3
230258a1,230258.a1,Zha16_no_2_tors,230258,False,False,False,,1,-3,True,A3_ONLY,True,7,7,-3
230410d1,230410.d2,Zha16_no_2_tors,230410,True,False,False,3,1;3,1,False,ISOGENY_ONLY,True,3,3,1
230510b1,230510.b1,Zha16_no_2_tors,230510,True,False,False,3,1;3,1,False,ISOGENY_ONLY,True,3,3,1
230510g1,230510.g1,Zha16_no_2_tors,230510,False,False,False,,1,3,True,A3_ONLY,True,1,1,3
230555a1,230555.a1,Zha16_no_2_tors,230555,False,False,False,,1,-3,True,A3_ONLY,True,7,7,-3
230782a1,230782.a1,Zha16_no_2_tors,230782,False,False,False,,1,-3,True,A3_ONLY,True,7,7,-3
230845b1,230845.b1,Zha16_no_2_tors,230845,False,False,False,,1,3,True,A3_ONLY,True,1,1,3
230885a1,230885.a1,Zha16_no_2_tors,230885,False,False,False,,1,-3,True,A3_ONLY,True,7,7,-3
230926e1,230926.e1,Zha16_no_2_tors,230926,False,False,False,,1,3,True,A3_ONLY,True,1,1,3
231438f1,231438.f1,Zha16_no_2_tors,231438,False,True,False,5,1;5,1,False,ISOGENY_ONLY,False,3,2,-
231539a1,231539.a1,Zha16_no_2_tors,231539,False,False,False,,1,3,True,A3_ONLY,True,1,1,3
231587a1,231587.a1,Zha16_no_2_tors,231587,False,False,False,,1,3,True,A3_ONLY,True,1,1,3
231803a1,231803.a2,Zha16_no_2_tors,231803,False,True,False,5,1;5,-1,False,ISOGENY_ONLY,True,5,5,-1
232042a1,232042.a1,Zha16_no_2_tors,232042,True,False,False,3,1;3,-2,False,ISOGENY_ONLY,True,6,6,-2
232058c1,232058.c1,Zha16_no_2_tors,232058,False,True,False,5,1;5,-1,False,ISOGENY_ONLY,True,5,5,-1
232165d1,232165.d1,Zha16_no_2_tors,232165,False,False,False,,1,3,True,A3_ONLY,True,1,1,3
232534a1,232534.a1,Zha16_no_2_tors,232534,False,False,False,,1,3,True,A3_ONLY,True,1,1,3
232595c1,232595.c1,Zha16_no_2_tors,232595,False,False,False,,1,3,True,A3_ONLY,True,1,1,3
232606b1,232606.b1,Zha16_no_2_tors,232606,False,False,False,,1,-3,True,A3_ONLY,True,7,7,-3
233390c1,233390.c1,Zha16_no_2_tors,233390,False,False,False,,1,3,True,A3_ONLY,True,1,1,3
233570b1,233570.b2,Zha16_no_2_tors,233570,True,False,False,3,1;3,-2,False,ISOGENY_ONLY,True,6,6,-2
233618d1,233618.d1,Zha16_no_2_tors,233618,False,False,False,,1,3,True,A3_ONLY,True,1,1,3
233705a1,233705.a1,Zha16_no_2_tors,233705,False,False,False,,1,3,True,A3_ONLY,True,1,1,3
233846a1,233846.a1,Zha16_no_2_tors,233846,False,False,False,,1,3,True,A3_ONLY,True,1,1,3
233870b1,233870.b2,Zha16_no_2_tors,233870,True,False,False,3,1;3,-2,False,ISOGENY_ONLY,True,6,6,-2
234101a1,234101.a2,Zha16_no_2_tors,234101,True,False,False,3,1;3,-2,False,ISOGENY_ONLY,True,6,6,-2
234278b1,234278.b1,Zha16_no_2_tors,234278,True,False,False,3,1;3,1,False,ISOGENY_ONLY,True,3,3,1
234766e1,234766.e1,Zha16_no_2_tors,234766,False,False,False,,1,3,True,A3_ONLY,True,1,1,3
234814c1,234814.c1,Zha16_no_2_tors,234814,False,False,False,,1,3,True,A3_ONLY,True,1,1,3
234854c1,234854.c1,Zha16_no_2_tors,234854,False,False,False,,1,3,True,A3_ONLY,True,1,1,3
234938d1,234938.d1,Zha16_no_2_tors,234938,False,False,False,,1,-3,True,A3_ONLY,True,7,7,-3
234962c1,234962.c1,Zha16_no_2_tors,234962,True,False,False,3,1;3,1,False,ISOGENY_ONLY,True,3,3,1
235059d1,235059.d2,Zha16_no_2_tors,235059,False,True,False,5,1;5,1,False,ISOGENY_ONLY,False,3,2,-
235090d1,235090.d1,Zha16_no_2_tors,235090,False,False,False,,1,3,True,A3_ONLY,True,1,1,3
235154a1,235154.a1,Zha16_no_2_tors,235154,False,False,False,,1,3,True,A3_ONLY,True,1,1,3
235235d1,235235.d2,Zha16_no_2_tors,235235,True,False,False,3,1;3,1,False,ISOGENY_ONLY,True,3,3,1
235259a1,235259.a1,Zha16_no_2_tors,235259,False,False,False,,1,-3,True,A3_ONLY,True,7,7,-3
235510q1,235510.q1,Zha16_no_2_tors,235510,False,False,False,,1,3,True,A3_ONLY,True,1,1,3
235646a1,235646.a1,Zha16_no_2_tors,235646,False,False,False,,1,3,True,A3_ONLY,True,1,1,3
235790m1,235790.m1,Zha16_no_2_tors,235790,False,False,False,,1,3,True,A3_ONLY,True,1,1,3
235802b1,235802.b1,Zha16_no_2_tors,235802,False,False,False,,1,3,True,A3_ONLY,True,1,1,3
235994c1,235994.c2,Zha16_no_2_tors,235994,True,False,False,3,1;3,1,False,ISOGENY_ONLY,True,3,3,1
236009a1,236009.a1,Zha16_no_2_tors,236009,False,False,False,,1,3,True,A3_ONLY,True,1,1,3
236135c1,236135.c1,Zha16_no_2_tors,236135,False,False,False,,1,3,True,A3_ONLY,True,1,1,3
236194c1,236194.c1,Zha16_no_2_tors,236194,False,False,False,,1,3,True,A3_ONLY,True,1,1,3
236197c1,236197.c1,Zha16_no_2_tors,236197,False,False,False,,1,3,True,A3_ONLY,True,1,1,3
236210d1,236210.d2,Zha16_no_2_tors,236210,True,False,False,3,1;3,1,False,ISOGENY_ONLY,True,3,3,1
236330a1,236330.a1,Zha16_no_2_tors,236330,False,False,False,,1,-3,True,A3_ONLY,True,7,7,-3
236390d1,236390.d3,Zha16_no_2_tors,236390,True,False,False,3,1;3;9,-2,False,ISOGENY_ONLY,True,6,6,-2
236530l1,236530.l3,Zha16_no_2_tors,236530,True,False,False,3,1;3;9,1,False,ISOGENY_ONLY,True,3,3,1
236570b1,236570.b1,Zha16_no_2_tors,236570,False,False,False,,1,3,True,A3_ONLY,True,1,1,3
236722c1,236722.c1,Zha16_no_2_tors,236722,False,False,False,,1,3,True,A3_ONLY,True,1,1,3
236755b1,236755.b1,Zha16_no_2_tors,236755,False,False,False,,1,3,True,A3_ONLY,True,1,1,3
236782e1,236782.e1,Zha16_no_2_tors,236782,False,False,False,,1,3,True,A3_ONLY,True,1,1,3
237026c1,237026.c1,Zha16_no_2_tors,237026,True,False,False,3,1;3,1,False,ISOGENY_ONLY,True,3,3,1
237083a1,237083.a1,Zha16_no_2_tors,237083,True,False,False,3,1;3,1,False,ISOGENY_ONLY,True,3,3,1
237194a1,237194.a1,Zha16_no_2_tors,237194,False,False,False,,1,3,True,A3_ONLY,True,1,1,3
237595b1,237595.b2,Zha16_no_2_tors,237595,True,False,False,3,1;3,-2,False,ISOGENY_ONLY,True,6,6,-2
237746b1,237746.b1,Zha16_no_2_tors,237746,False,False,False,,1,-3,True,A3_ONLY,True,7,7,-3
237898a1,237898.a1,Zha16_no_2_tors,237898,False,False,False,,1,3,True,A3_ONLY,True,1,1,3
237922a1,237922.a1,Zha16_no_2_tors,237922,True,False,False,3,1;3,-2,False,ISOGENY_ONLY,True,6,6,-2
238051b1,238051.b1,Zha16_no_2_tors,238051,False,False,False,,1,3,True,A3_ONLY,True,1,1,3
238118f1,238118.f1,Zha16_no_2_tors,238118,False,False,False,,1,3,True,A3_ONLY,True,1,1,3
238210l1,238210.l2,Zha16_no_2_tors,238210,True,False,False,3,1;3,1,False,ISOGENY_ONLY,True,3,3,1
238355c1,238355.c1,Zha16_no_2_tors,238355,True,False,False,3,1;3;9,1,False,ISOGENY_ONLY,True,3,3,1
238595a1,238595.a1,Zha16_no_2_tors,238595,True,False,False,3,1;3,1,False,ISOGENY_ONLY,True,3,3,1
238595b1,238595.b1,Zha16_no_2_tors,238595,False,False,False,,1,3,True,A3_ONLY,True,1,1,3
238666a1,238666.a1,Zha16_no_2_tors,238666,True,False,False,3,1;3,-2,False,ISOGENY_ONLY,True,6,6,-2
238862g1,238862.g1,Zha16_no_2_tors,238862,False,False,False,,1,3,True,A3_ONLY,True,1,1,3
239030j1,239030.j1,Zha16_no_2_tors,239030,True,False,False,3,1;3,1,False,ISOGENY_ONLY,True,3,3,1
239122a1,239122.a2,Zha16_no_2_tors,239122,True,False,False,3,1;3,-2,False,ISOGENY_ONLY,True,6,6,-2
239309a1,239309.a1,Zha16_no_2_tors,239309,False,False,False,,1,3,True,A3_ONLY,True,1,1,3
239366a1,239366.a1,Zha16_no_2_tors,239366,False,False,False,,1,-3,True,A3_ONLY,True,7,7,-3
239437a1,239437.a1,Zha16_no_2_tors,239437,False,False,False,,1,3,True,A3_ONLY,True,1,1,3
239470h1,239470.h1,Zha16_no_2_tors,239470,True,False,False,3,1;3,-2,False,ISOGENY_ONLY,True,6,6,-2
239510d1,239510.d2,Zha16_no_2_tors,239510,True,False,False,3,1;3,-2,False,ISOGENY_ONLY,True,6,6,-2
239635b1,239635.b2,Zha16_no_2_tors,239635,True,False,False,3,1;3,-2,False,ISOGENY_ONLY,True,6,6,-2
239918b1,239918.b1,Zha16_no_2_tors,239918,True,False,False,3,1;3,1,False,ISOGENY_ONLY,True,3,3,1
240026a1,240026.a1,Zha16_no_2_tors,240026,False,True,False,5,1;5,-1,False,ISOGENY_ONLY,True,5,5,-1
240106a1,240106.a1,Zha16_no_2_tors,240106,True,False,False,3,1;3,-2,False,ISOGENY_ONLY,True,6,6,-2
240386a1,240386.a1,Zha16_no_2_tors,240386,False,False,False,,1,-3,True,A3_ONLY,True,7,7,-3
240422c1,240422.c1,Zha16_no_2_tors,240422,False,False,False,,1,3,True,A3_ONLY,True,1,1,3
240634d1,240634.d1,Zha16_no_2_tors,240634,False,False,False,,1,-3,True,A3_ONLY,True,7,7,-3
240653a1,240653.a1,Zha16_no_2_tors,240653,False,False,False,,1,-3,True,A3_ONLY,True,7,7,-3
240670a1,240670.a1,Zha16_no_2_tors,240670,False,False,False,,1,-3,True,A3_ONLY,True,7,7,-3
240674a1,240674.a1,Zha16_no_2_tors,240674,False,False,False,,1,-3,True,A3_ONLY,True,7,7,-3
240674b1,240674.b2,Zha16_no_2_tors,240674,True,False,False,3,1;3,1,False,ISOGENY_ONLY,True,3,3,1
240709a1,240709.a1,Zha16_no_2_tors,240709,False,False,False,,1,3,True,A3_ONLY,True,1,1,3
240802a1,240802.a1,Zha16_no_2_tors,240802,False,False,False,,1,3,True,A3_ONLY,True,1,1,3
240890s1,240890.s1,Zha16_no_2_tors,240890,False,False,False,,1,3,True,A3_ONLY,True,1,1,3
240931a1,240931.a2,Zha16_no_2_tors,240931,True,False,False,3,1;3,-2,False,ISOGENY_ONLY,True,6,6,-2
241046f1,241046.f1,Zha16_no_2_tors,241046,True,False,False,3,1;3,1,False,ISOGENY_ONLY,True,3,3,1
241190b1,241190.b2,Zha16_no_2_tors,241190,True,False,False,3,1;3,-2,False,ISOGENY_ONLY,True,6,6,-2
241285a1,241285.a1,Zha16_no_2_tors,241285,False,False,False,,1,3,True,A3_ONLY,True,1,1,3
241285f1,241285.f1,Zha16_no_2_tors,241285,False,False,False,,1,3,True,A3_ONLY,True,1,1,3
241306c1,241306.c1,Zha16_no_2_tors,241306,False,False,False,,1,3,True,A3_ONLY,True,1,1,3
241355a1,241355.a1,Zha16_no_2_tors,241355,False,False,False,,1,3,True,A3_ONLY,True,1,1,3
241379a1,241379.a1,Zha16_no_2_tors,241379,False,False,False,,1,-3,True,A3_ONLY,True,7,7,-3
241490e1,241490.e2,Zha16_no_2_tors,241490,True,False,False,3,1;3,1,False,ISOGENY_ONLY,True,3,3,1
241490i1,241490.i1,Zha16_no_2_tors,241490,False,False,False,,1,3,True,A3_ONLY,True,1,1,3
241654e1,241654.e2,Zha16_no_2_tors,241654,True,False,False,3,1;3,-2,False,ISOGENY_ONLY,True,6,6,-2
241669a1,241669.a1,Zha16_no_2_tors,241669,False,False,False,,1,3,True,A3_ONLY,True,1,1,3
242042a1,242042.a1,Zha16_no_2_tors,242042,False,False,False,,1,-3,True,A3_ONLY,True,7,7,-3
242270g1,242270.g1,Zha16_no_2_tors,242270,False,False,False,,1,-3,True,A3_ONLY,True,7,7,-3
242315a1,242315.a1,Zha16_no_2_tors,242315,False,False,False,,1,3,True,A3_ONLY,True,1,1,3
242558a1,242558.a1,Zha16_no_2_tors,242558,False,False,False,,1,-3,True,A3_ONLY,True,7,7,-3
242894b1,242894.b1,Zha16_no_2_tors,242894,False,False,False,,1,3,True,A3_ONLY,True,1,1,3
243170c1,243170.c1,Zha16_no_2_tors,243170,False,False,False,,1,3,True,A3_ONLY,True,1,1,3
243254b1,243254.b1,Zha16_no_2_tors,243254,False,False,False,,1,-3,True,A3_ONLY,True,7,7,-3
243901a1,243901.a1,Zha16_no_2_tors,243901,False,False,False,,1,-3,True,A3_ONLY,True,7,7,-3
244166a1,244166.a1,Zha16_no_2_tors,244166,False,False,False,,1,3,True,A3_ONLY,True,1,1,3
244187a1,244187.a1,Zha16_no_2_tors,244187,False,False,False,,1,-3,True,A3_ONLY,True,7,7,-3
244214a1,244214.a1,Zha16_no_2_tors,244214,False,False,False,,1,3,True,A3_ONLY,True,1,1,3
244271a1,244271.a1,Zha16_no_2_tors,244271,False,False,False,,1,3,True,A3_ONLY,True,1,1,3
244330k1,244330.k1,Zha16_no_2_tors,244330,False,False,False,,1,3,True,A3_ONLY,True,1,1,3
244435a1,244435.a1,Zha16_no_2_tors,244435,True,False,False,3,1;3,-2,False,ISOGENY_ONLY,True,6,6,-2
244453a1,244453.a1,Zha16_no_2_tors,244453,False,False,False,,1,3,True,A3_ONLY,True,1,1,3
244549a1,244549.a2,Zha16_no_2_tors,244549,False,True,False,5,1;5,-1,False,ISOGENY_ONLY,True,5,5,-1
244621a1,244621.a1,Zha16_no_2_tors,244621,False,False,False,,1,3,True,A3_ONLY,True,1,1,3
244739b1,244739.b1,Zha16_no_2_tors,244739,True,False,False,3,1;3,1,False,ISOGENY_ONLY,True,3,3,1
245014h1,245014.h2,Zha16_no_2_tors,245014,True,False,False,3,1;3,1,False,ISOGENY_ONLY,True,3,3,1
245063a1,245063.a1,Zha16_no_2_tors,245063,False,False,False,,1,-3,True,A3_ONLY,True,7,7,-3
245162a1,245162.a1,Zha16_no_2_tors,245162,False,False,False,,1,-3,True,A3_ONLY,True,7,7,-3
245378a1,245378.a1,Zha16_no_2_tors,245378,False,False,False,,1,-3,True,A3_ONLY,True,7,7,-3
245558c1,245558.c1,Zha16_no_2_tors,245558,False,False,False,,1,3,True,A3_ONLY,True,1,1,3
245651a1,245651.a1,Zha16_no_2_tors,245651,False,False,False,,1,-3,True,A3_ONLY,True,7,7,-3
245987a1,245987.a1,Zha16_no_2_tors,245987,False,False,False,,1,3,True,A3_ONLY,True,1,1,3
246062a1,246062.a1,Zha16_no_2_tors,246062,False,False,False,,1,3,True,A3_ONLY,True,1,1,3
246198b1,246198.b2,Zha16_no_2_tors,246198,False,True,False,5,1;5,1,False,ISOGENY_ONLY,False,3,2,-
246314c1,246314.c1,Zha16_no_2_tors,246314,False,False,False,,1,-3,True,A3_ONLY,True,7,7,-3
246478f1,246478.f1,Zha16_no_2_tors,246478,False,False,False,,1,3,True,A3_ONLY,True,1,1,3
246635c1,246635.c1,Zha16_no_2_tors,246635,False,False,False,,1,-3,True,A3_ONLY,True,7,7,-3
246670a1,246670.a1,Zha16_no_2_tors,246670,True,False,False,3,1;3,-2,False,ISOGENY_ONLY,True,6,6,-2
246790j1,246790.j1,Zha16_no_2_tors,246790,False,False,False,,1,3,True,A3_ONLY,True,1,1,3
246818b1,246818.b2,Zha16_no_2_tors,246818,True,False,False,3,1;3,1,False,ISOGENY_ONLY,True,3,3,1
247022i1,247022.i1,Zha16_no_2_tors,247022,False,False,False,,1,3,True,A3_ONLY,True,1,1,3
247834e1,247834.e1,Zha16_no_2_tors,247834,False,False,False,,1,3,True,A3_ONLY,True,1,1,3
247835d1,247835.d2,Zha16_no_2_tors,247835,True,False,False,3,1;3,1,False,ISOGENY_ONLY,True,3,3,1
247861a1,247861.a1,Zha16_no_2_tors,247861,False,False,False,,1,-3,True,A3_ONLY,True,7,7,-3
247963b1,247963.b1,Zha16_no_2_tors,247963,False,False,False,,1,-3,True,A3_ONLY,True,7,7,-3
248030a1,248030.a3,Zha16_no_2_tors,248030,True,False,False,3,1;3;9,1,False,ISOGENY_ONLY,True,3,3,1
248315a1,248315.a1,Zha16_no_2_tors,248315,False,False,False,,1,-3,True,A3_ONLY,True,7,7,-3
248345b1,248345.b1,Zha16_no_2_tors,248345,False,False,False,,1,-3,True,A3_ONLY,True,7,7,-3
248417a1,248417.a1,Zha16_no_2_tors,248417,False,False,False,,1,3,True,A3_ONLY,True,1,1,3
248795a1,248795.a1,Zha16_no_2_tors,248795,False,False,False,,1,3,True,A3_ONLY,True,1,1,3
249326e1,249326.e2,Zha16_no_2_tors,249326,False,True,False,5,1;5,-1,False,ISOGENY_ONLY,True,5,5,-1
250046d1,250046.d1,Zha16_no_2_tors,250046,False,False,False,,1,3,True,A3_ONLY,True,1,1,3
250222c1,250222.c2,Zha16_no_2_tors,250222,True,False,False,3,1;3,-2,False,ISOGENY_ONLY,True,6,6,-2
250226a1,250226.a1,Zha16_no_2_tors,250226,False,False,False,,1,-3,True,A3_ONLY,True,7,7,-3
250766a1,250766.a1,Zha16_no_2_tors,250766,False,False,False,,1,-3,True,A3_ONLY,True,7,7,-3
250910f1,250910.f1,Zha16_no_2_tors,250910,False,False,False,,1,3,True,A3_ONLY,True,1,1,3
250982i1,250982.i1,Zha16_no_2_tors,250982,False,False,False,,1,3,True,A3_ONLY,True,1,1,3
251114b1,251114.b2,Zha16_no_2_tors,251114,True,False,False,3,1;3,1,False,ISOGENY_ONLY,True,3,3,1
251363a1,251363.a1,Zha16_no_2_tors,251363,False,False,False,,1,3,True,A3_ONLY,True,1,1,3
251486a1,251486.a1,Zha16_no_2_tors,251486,False,False,False,,1,-3,True,A3_ONLY,True,7,7,-3
251522a1,251522.a1,Zha16_no_2_tors,251522,False,False,False,,1,-3,True,A3_ONLY,True,7,7,-3
251749a1,251749.a1,Zha16_no_2_tors,251749,False,False,False,,1,-3,True,A3_ONLY,True,7,7,-3
252098b1,252098.b2,Zha16_no_2_tors,252098,True,False,False,3,1;3,-2,False,ISOGENY_ONLY,True,6,6,-2
252179a1,252179.a1,Zha16_no_2_tors,252179,False,False,False,,1,3,True,A3_ONLY,True,1,1,3
252397a1,252397.a1,Zha16_no_2_tors,252397,False,False,False,,1,3,True,A3_ONLY,True,1,1,3
252530a1,252530.a1,Zha16_no_2_tors,252530,True,False,False,3,1;3,1,False,ISOGENY_ONLY,True,3,3,1
252703a1,252703.a1,Zha16_no_2_tors,252703,False,False,False,,1,3,True,A3_ONLY,True,1,1,3
252758a1,252758.a1,Zha16_no_2_tors,252758,False,False,False,,1,-3,True,A3_ONLY,True,7,7,-3
252973a1,252973.a1,Zha16_no_2_tors,252973,False,False,False,,1,-3,True,A3_ONLY,True,7,7,-3
253130e1,253130.e1,Zha16_no_2_tors,253130,False,False,False,,1,3,True,A3_ONLY,True,1,1,3
253421a1,253421.a1,Zha16_no_2_tors,253421,False,False,False,,1,3,True,A3_ONLY,True,1,1,3
253630a1,253630.a1,Zha16_no_2_tors,253630,False,False,False,,1,3,True,A3_ONLY,True,1,1,3
253691b1,253691.b1,Zha16_no_2_tors,253691,False,False,False,,1,3,True,A3_ONLY,True,1,1,3
253814b1,253814.b2,Zha16_no_2_tors,253814,True,False,False,3,1;3,1,False,ISOGENY_ONLY,True,3,3,1
254290a1,254290.a2,Zha16_no_2_tors,254290,True,False,False,3,1;3,-2,False,ISOGENY_ONLY,True,6,6,-2
254554a1,254554.a1,Zha16_no_2_tors,254554,False,False,False,,1,3,True,A3_ONLY,True,1,1,3
254562bo1,254562.bo2,Zha16_no_2_tors,254562,False,True,False,5,1;5,1,False,ISOGENY_ONLY,False,3,2,-
254606d1,254606.d2,Zha16_no_2_tors,254606,True,False,False,3,1;3,-2,False,ISOGENY_ONLY,True,6,6,-2
254707a1,254707.a1,Zha16_no_2_tors,254707,True,False,False,3,1;3,-2,False,ISOGENY_ONLY,True,6,6,-2
254710c1,254710.c2,Zha16_no_2_tors,254710,True,False,False,3,1;3,1,False,ISOGENY_ONLY,True,3,3,1
254770c1,254770.c2,Zha16_no_2_tors,254770,True,False,False,3,1;3,-2,False,ISOGENY_ONLY,True,6,6,-2
254786g1,254786.g1,Zha16_no_2_tors,254786,False,False,False,,1,3,True,A3_ONLY,True,1,1,3
254822a1,254822.a1,Zha16_no_2_tors,254822,False,False,False,,1,3,True,A3_ONLY,True,1,1,3
254870a1,254870.a1,Zha16_no_2_tors,254870,False,False,False,,1,-3,True,A3_ONLY,True,7,7,-3
255010b1,255010.b1,Zha16_no_2_tors,255010,True,False,False,3,1;3,-2,False,ISOGENY_ONLY,True,6,6,-2
255490c1,255490.c1,Zha16_no_2_tors,255490,False,False,False,,1,3,True,A3_ONLY,True,1,1,3
255710i1,255710.i1,Zha16_no_2_tors,255710,True,False,False,3,1;3,1,False,ISOGENY_ONLY,True,3,3,1
255779a1,255779.a1,Zha16_no_2_tors,255779,False,False,False,,1,3,True,A3_ONLY,True,1,1,3
255782c1,255782.c1,Zha16_no_2_tors,255782,False,False,False,,1,3,True,A3_ONLY,True,1,1,3
255842b1,255842.b1,Zha16_no_2_tors,255842,False,False,False,,1,3,True,A3_ONLY,True,1,1,3
255883a1,255883.a1,Zha16_no_2_tors,255883,True,False,False,3,1;3,-2,False,ISOGENY_ONLY,True,6,6,-2
256013b1,256013.b1,Zha16_no_2_tors,256013,False,False,False,,1,3,True,A3_ONLY,True,1,1,3
256078a1,256078.a1,Zha16_no_2_tors,256078,False,False,False,,1,-3,True,A3_ONLY,True,7,7,-3
256501a1,256501.a1,Zha16_no_2_tors,256501,False,False,False,,1,3,True,A3_ONLY,True,1,1,3
256658a1,256658.a1,Zha16_no_2_tors,256658,False,False,False,,1,3,True,A3_ONLY,True,1,1,3
256715b1,256715.b1,Zha16_no_2_tors,256715,False,False,False,,1,3,True,A3_ONLY,True,1,1,3
256954a1,256954.a1,Zha16_no_2_tors,256954,False,False,False,,1,3,True,A3_ONLY,True,1,1,3
257066b1,257066.b1,Zha16_no_2_tors,257066,False,False,False,,1,3,True,A3_ONLY,True,1,1,3
257162b1,257162.b1,Zha16_no_2_tors,257162,False,False,False,,1,3,True,A3_ONLY,True,1,1,3
257257b1,257257.b1,Zha16_no_2_tors,257257,False,False,False,,1,3,True,A3_ONLY,True,1,1,3
257291a1,257291.a1,Zha16_no_2_tors,257291,False,False,False,,1,3,True,A3_ONLY,True,1,1,3
257365f1,257365.f1,Zha16_no_2_tors,257365,False,False,False,,1,3,True,A3_ONLY,True,1,1,3
257422b1,257422.b1,Zha16_no_2_tors,257422,True,False,False,3,1;3,-2,False,ISOGENY_ONLY,True,6,6,-2
257426d1,257426.d2,Zha16_no_2_tors,257426,True,False,False,3,1;3,1,False,ISOGENY_ONLY,True,3,3,1
257462b1,257462.b1,Zha16_no_2_tors,257462,True,False,False,3,1;3,1,False,ISOGENY_ONLY,True,3,3,1
257581a1,257581.a1,Zha16_no_2_tors,257581,False,False,False,,1,-3,True,A3_ONLY,True,7,7,-3
257599a1,257599.a1,Zha16_no_2_tors,257599,False,False,False,,1,3,True,A3_ONLY,True,1,1,3
257822a1,257822.a2,Zha16_no_2_tors,257822,True,False,False,3,1;3,-2,False,ISOGENY_ONLY,True,6,6,-2
257834a1,257834.a2,Zha16_no_2_tors,257834,True,False,False,3,1;3,-2,False,ISOGENY_ONLY,True,6,6,-2
258227a1,258227.a1,Zha16_no_2_tors,258227,False,False,False,,1,-3,True,A3_ONLY,True,7,7,-3
258470c1,258470.c1,Zha16_no_2_tors,258470,False,False,False,,1,-3,True,A3_ONLY,True,7,7,-3
258614a1,258614.a2,Zha16_no_2_tors,258614,True,False,False,3,1;3,1,False,ISOGENY_ONLY,True,3,3,1
258658a1,258658.a2,Zha16_no_2_tors,258658,True,False,False,3,1;3,-2,False,ISOGENY_ONLY,True,6,6,-2
258665b1,258665.b1,Zha16_no_2_tors,258665,False,False,False,,1,-3,True,A3_ONLY,True,7,7,-3
259037a1,259037.a2,Zha16_no_2_tors,259037,True,False,False,3,1;3,-2,False,ISOGENY_ONLY,True,6,6,-2
259187a1,259187.a1,Zha16_no_2_tors,259187,True,False,False,3,1;3,1,False,ISOGENY_ONLY,True,3,3,1
259314i1,259314.i1,Zha16_no_2_tors,259314,False,True,False,5,1;5,1,False,ISOGENY_ONLY,False,3,2,-
259435c1,259435.c1,Zha16_no_2_tors,259435,True,False,False,3,1;3,-2,False,ISOGENY_ONLY,True,6,6,-2
259490v1,259490.v1,Zha16_no_2_tors,259490,False,False,False,,1,3,True,A3_ONLY,True,1,1,3
259523c1,259523.c1,Zha16_no_2_tors,259523,False,False,False,,1,3,True,A3_ONLY,True,1,1,3
259597a1,259597.a1,Zha16_no_2_tors,259597,False,False,False,,1,3,True,A3_ONLY,True,1,1,3
259730e1,259730.e1,Zha16_no_2_tors,259730,False,False,False,,1,3,True,A3_ONLY,True,1,1,3
259790a1,259790.a1,Zha16_no_2_tors,259790,False,False,False,,1,-3,True,A3_ONLY,True,7,7,-3
259822a1,259822.a2,Zha16_no_2_tors,259822,True,False,False,3,1;3,-2,False,ISOGENY_ONLY,True,6,6,-2
260054a1,260054.a1,Zha16_no_2_tors,260054,False,False,False,,1,-3,True,A3_ONLY,True,7,7,-3
260054c1,260054.c1,Zha16_no_2_tors,260054,False,False,False,,1,3,True,A3_ONLY,True,1,1,3
260054e1,260054.e1,Zha16_no_2_tors,260054,False,False,False,,1,3,True,A3_ONLY,True,1,1,3
260351a1,260351.a1,Zha16_no_2_tors,260351,False,False,False,,1,3,True,A3_ONLY,True,1,1,3
260438c1,260438.c1,Zha16_no_2_tors,260438,False,False,False,,1,3,True,A3_ONLY,True,1,1,3
260891a1,260891.a1,Zha16_no_2_tors,260891,False,False,False,,1,3,True,A3_ONLY,True,1,1,3
261058b1,261058.b1,Zha16_no_2_tors,261058,True,False,False,3,1;3,-2,False,ISOGENY_ONLY,True,6,6,-2
261469a1,261469.a1,Zha16_no_2_tors,261469,False,False,False,,1,3,True,A3_ONLY,True,1,1,3
261978d1,261978.d2,Zha16_no_2_tors,261978,False,True,False,5,1;5,1,False,ISOGENY_ONLY,False,3,2,-
262010i1,262010.i1,Zha16_no_2_tors,262010,True,False,False,3,1;3,1,False,ISOGENY_ONLY,True,3,3,1
262946c1,262946.c1,Zha16_no_2_tors,262946,True,False,False,3,1;3;9,1,False,ISOGENY_ONLY,True,3,3,1
263246a1,263246.a1,Zha16_no_2_tors,263246,False,False,False,,1,3,True,A3_ONLY,True,1,1,3
263270n1,263270.n1,Zha16_no_2_tors,263270,False,False,False,,1,3,True,A3_ONLY,True,1,1,3
263410h1,263410.h2,Zha16_no_2_tors,263410,True,False,False,3,1;3,1,False,ISOGENY_ONLY,True,3,3,1
263410n1,263410.n2,Zha16_no_2_tors,263410,True,False,False,3,1;3,1,False,ISOGENY_ONLY,True,3,3,1
263461a1,263461.a1,Zha16_no_2_tors,263461,False,False,False,,1,3,True,A3_ONLY,True,1,1,3
263570a1,263570.a1,Zha16_no_2_tors,263570,False,False,False,,1,3,True,A3_ONLY,True,1,1,3
263930a1,263930.a2,Zha16_no_2_tors,263930,True,False,False,3,1;3,-2,False,ISOGENY_ONLY,True,6,6,-2
264166a1,264166.a1,Zha16_no_2_tors,264166,False,False,False,,1,-3,True,A3_ONLY,True,7,7,-3
264418e1,264418.e1,Zha16_no_2_tors,264418,True,False,False,3,1;3,-2,False,ISOGENY_ONLY,True,6,6,-2
264526a1,264526.a1,Zha16_no_2_tors,264526,False,False,False,,1,3,True,A3_ONLY,True,1,1,3
264626b1,264626.b1,Zha16_no_2_tors,264626,False,False,False,,1,3,True,A3_ONLY,True,1,1,3
265034a1,265034.a1,Zha16_no_2_tors,265034,False,False,False,,1,-3,True,A3_ONLY,True,7,7,-3
265366a1,265366.a1,Zha16_no_2_tors,265366,False,False,False,,1,3,True,A3_ONLY,True,1,1,3
265537a1,265537.a1,Zha16_no_2_tors,265537,False,False,False,,1,3,True,A3_ONLY,True,1,1,3
265610a1,265610.a1,Zha16_no_2_tors,265610,False,False,False,,1,3,True,A3_ONLY,True,1,1,3
265649a1,265649.a1,Zha16_no_2_tors,265649,False,False,False,,1,-3,True,A3_ONLY,True,7,7,-3
266113a1,266113.a1,Zha16_no_2_tors,266113,False,False,False,,1,3,True,A3_ONLY,True,1,1,3
266446a1,266446.a2,Zha16_no_2_tors,266446,True,False,False,3,1;3,-2,False,ISOGENY_ONLY,True,6,6,-2
266594a1,266594.a2,Zha16_no_2_tors,266594,False,True,False,5,1;5,-1,False,ISOGENY_ONLY,True,5,5,-1
266594d1,266594.d1,Zha16_no_2_tors,266594,False,False,False,,1,3,True,A3_ONLY,True,1,1,3
266755b1,266755.b1,Zha16_no_2_tors,266755,False,False,False,,1,3,True,A3_ONLY,True,1,1,3
266954a1,266954.a1,Zha16_no_2_tors,266954,False,False,False,,1,-3,True,A3_ONLY,True,7,7,-3
267014e1,267014.e2,Zha16_no_2_tors,267014,True,False,False,3,1;3,1,False,ISOGENY_ONLY,True,3,3,1
267155c1,267155.c1,Zha16_no_2_tors,267155,False,False,False,,1,3,True,A3_ONLY,True,1,1,3
267851b1,267851.b1,Zha16_no_2_tors,267851,True,False,False,3,1;3,1,False,ISOGENY_ONLY,True,3,3,1
267938a1,267938.a1,Zha16_no_2_tors,267938,False,False,False,,1,-3,True,A3_ONLY,True,7,7,-3
268181a1,268181.a1,Zha16_no_2_tors,268181,False,False,False,,1,3,True,A3_ONLY,True,1,1,3
268402a1,268402.a1,Zha16_no_2_tors,268402,True,False,False,3,1;3,-2,False,ISOGENY_ONLY,True,6,6,-2
268565a1,268565.a1,Zha16_no_2_tors,268565,False,False,False,,1,3,True,A3_ONLY,True,1,1,3
268702d1,268702.d1,Zha16_no_2_tors,268702,False,False,False,,1,3,True,A3_ONLY,True,1,1,3
268963a1,268963.a2,Zha16_no_2_tors,268963,True,False,False,3,1;3,-2,False,ISOGENY_ONLY,True,6,6,-2
269027a1,269027.a1,Zha16_no_2_tors,269027,False,False,False,,1,3,True,A3_ONLY,True,1,1,3
269570e1,269570.e1,Zha16_no_2_tors,269570,False,False,False,,1,-3,True,A3_ONLY,True,7,7,-3
269606b1,269606.b1,Zha16_no_2_tors,269606,True,False,False,3,1;3,1,False,ISOGENY_ONLY,True,3,3,1
270010m1,270010.m2,Zha16_no_2_tors,270010,True,False,False,3,1;3;9,-2,False,ISOGENY_ONLY,True,6,6,-2
270134a1,270134.a1,Zha16_no_2_tors,270134,False,False,False,,1,3,True,A3_ONLY,True,1,1,3
270190c1,270190.c1,Zha16_no_2_tors,270190,False,False,False,,1,3,True,A3_ONLY,True,1,1,3
270253a1,270253.a1,Zha16_no_2_tors,270253,False,False,False,,1,-3,True,A3_ONLY,True,7,7,-3
270362d1,270362.d1,Zha16_no_2_tors,270362,False,False,False,,1,3,True,A3_ONLY,True,1,1,3
270374a1,270374.a1,Zha16_no_2_tors,270374,False,False,False,,1,-3,True,A3_ONLY,True,7,7,-3
270469a1,270469.a1,Zha16_no_2_tors,270469,False,False,False,,1,3,True,A3_ONLY,True,1,1,3
270521a1,270521.a1,Zha16_no_2_tors,270521,False,False,False,,1,3,True,A3_ONLY,True,1,1,3
270670a1,270670.a2,Zha16_no_2_tors,270670,True,False,False,3,1;3,1,False,ISOGENY_ONLY,True,3,3,1
270827b1,270827.b1,Zha16_no_2_tors,270827,False,False,False,,1,3,True,A3_ONLY,True,1,1,3
270830c1,270830.c1,Zha16_no_2_tors,270830,False,False,False,,1,3,True,A3_ONLY,True,1,1,3
270854a1,270854.a1,Zha16_no_2_tors,270854,False,False,False,,1,3,True,A3_ONLY,True,1,1,3
271078c1,271078.c1,Zha16_no_2_tors,271078,False,False,False,,1,3,True,A3_ONLY,True,1,1,3
271115a1,271115.a1,Zha16_no_2_tors,271115,False,False,False,,1,-3,True,A3_ONLY,True,7,7,-3
271405a1,271405.a1,Zha16_no_2_tors,271405,False,False,False,,1,-3,True,A3_ONLY,True,7,7,-3
271882a1,271882.a1,Zha16_no_2_tors,271882,False,False,False,,1,-3,True,A3_ONLY,True,7,7,-3
272074a1,272074.a2,Zha16_no_2_tors,272074,True,False,False,3,1;3,-2,False,ISOGENY_ONLY,True,6,6,-2
272098b1,272098.b1,Zha16_no_2_tors,272098,False,False,False,,1,3,True,A3_ONLY,True,1,1,3
272429a1,272429.a1,Zha16_no_2_tors,272429,False,False,False,,1,-3,True,A3_ONLY,True,7,7,-3
272494a1,272494.a1,Zha16_no_2_tors,272494,False,False,False,,1,3,True,A3_ONLY,True,1,1,3
272918d1,272918.d2,Zha16_no_2_tors,272918,True,False,False,3,1;3,1,False,ISOGENY_ONLY,True,3,3,1
272926c1,272926.c1,Zha16_no_2_tors,272926,False,False,False,,1,3,True,A3_ONLY,True,1,1,3
273203c1,273203.c1,Zha16_no_2_tors,273203,False,False,False,,1,-3,True,A3_ONLY,True,7,7,-3
273398a1,273398.a1,Zha16_no_2_tors,273398,False,False,False,,1,-3,True,A3_ONLY,True,7,7,-3
273454f1,273454.f1,Zha16_no_2_tors,273454,False,False,False,,1,3,True,A3_ONLY,True,1,1,3
273685a1,273685.a1,Zha16_no_2_tors,273685,False,False,False,,1,3,True,A3_ONLY,True,1,1,3
273914b1,273914.b1,Zha16_no_2_tors,273914,False,False,False,,1,-3,True,A3_ONLY,True,7,7,-3
273938d1,273938.d1,Zha16_no_2_tors,273938,False,False,False,,1,3,True,A3_ONLY,True,1,1,3
273947a1,273947.a1,Zha16_no_2_tors,273947,True,False,False,3,1;3,1,False,ISOGENY_ONLY,True,3,3,1
274043a1,274043.a1,Zha16_no_2_tors,274043,False,False,False,,1,3,True,A3_ONLY,True,1,1,3
274045c1,274045.c1,Zha16_no_2_tors,274045,False,False,False,,1,3,True,A3_ONLY,True,1,1,3
274045g1,274045.g1,Zha16_no_2_tors,274045,False,False,False,,1,3,True,A3_ONLY,True,1,1,3
274078b1,274078.b1,Zha16_no_2_tors,274078,False,False,False,,1,3,True,A3_ONLY,True,1,1,3
274286a1,274286.a1,Zha16_no_2_tors,274286,False,False,False,,1,3,True,A3_ONLY,True,1,1,3
274598a1,274598.a3,Zha16_no_2_tors,274598,True,False,False,3,1;3;9,-2,False,ISOGENY_ONLY,True,6,6,-2
274619c1,274619.c1,Zha16_no_2_tors,274619,False,False,False,,1,3,True,A3_ONLY,True,1,1,3
274858a1,274858.a2,Zha16_no_2_tors,274858,True,False,False,3,1;3,-2,False,ISOGENY_ONLY,True,6,6,-2
274862c1,274862.c1,Zha16_no_2_tors,274862,False,False,False,,1,3,True,A3_ONLY,True,1,1,3
275162a1,275162.a1,Zha16_no_2_tors,275162,False,False,False,,1,3,True,A3_ONLY,True,1,1,3
275326a1,275326.a2,Zha16_no_2_tors,275326,True,False,False,3,1;3,-2,False,ISOGENY_ONLY,True,6,6,-2
275954a1,275954.a1,Zha16_no_2_tors,275954,False,False,False,,1,-3,True,A3_ONLY,True,7,7,-3
275990l1,275990.l1,Zha16_no_2_tors,275990,False,False,False,,1,3,True,A3_ONLY,True,1,1,3
275990p1,275990.p2,Zha16_no_2_tors,275990,True,False,False,3,1;3,1,False,ISOGENY_ONLY,True,3,3,1
276069a1,276069.a2,Zha16_no_2_tors,276069,False,True,False,5,1;5,1,False,ISOGENY_ONLY,False,3,2,-
276586a1,276586.a1,Zha16_no_2_tors,276586,False,False,False,,1,3,True,A3_ONLY,True,1,1,3
276706a1,276706.a1,Zha16_no_2_tors,276706,False,False,False,,1,-3,True,A3_ONLY,True,7,7,-3
276710a1,276710.a1,Zha16_no_2_tors,276710,False,False,False,,1,3,True,A3_ONLY,True,1,1,3
276758e1,276758.e1,Zha16_no_2_tors,276758,False,False,False,,1,-3,True,A3_ONLY,True,7,7,-3
277030d1,277030.d1,Zha16_no_2_tors,277030,False,False,False,,1,3,True,A3_ONLY,True,1,1,3
277310d1,277310.d1,Zha16_no_2_tors,277310,False,False,False,,1,3,True,A3_ONLY,True,1,1,3
277433a1,277433.a1,Zha16_no_2_tors,277433,False,False,False,,1,-3,True,A3_ONLY,True,7,7,-3
277478b1,277478.b1,Zha16_no_2_tors,277478,False,False,False,,1,3,True,A3_ONLY,True,1,1,3
277562a1,277562.a1,Zha16_no_2_tors,277562,False,False,False,,1,-3,True,A3_ONLY,True,7,7,-3
278014b1,278014.b2,Zha16_no_2_tors,278014,True,False,False,3,1;3,1,False,ISOGENY_ONLY,True,3,3,1
278090b1,278090.b1,Zha16_no_2_tors,278090,False,False,False,,1,3,True,A3_ONLY,True,1,1,3
278389a1,278389.a1,Zha16_no_2_tors,278389,False,False,False,,1,3,True,A3_ONLY,True,1,1,3
278411a1,278411.a1,Zha16_no_2_tors,278411,False,False,False,,1,3,True,A3_ONLY,True,1,1,3
278590e1,278590.e1,Zha16_no_2_tors,278590,True,False,False,3,1;3,-2,False,ISOGENY_ONLY,True,6,6,-2
278635b1,278635.b2,Zha16_no_2_tors,278635,True,False,False,3,1;3,-2,False,ISOGENY_ONLY,True,6,6,-2
278654d1,278654.d1,Zha16_no_2_tors,278654,False,False,False,,1,3,True,A3_ONLY,True,1,1,3
278677a1,278677.a1,Zha16_no_2_tors,278677,False,False,False,,1,3,True,A3_ONLY,True,1,1,3
278773a1,278773.a1,Zha16_no_2_tors,278773,False,False,False,,1,3,True,A3_ONLY,True,1,1,3
278938d1,278938.d2,Zha16_no_2_tors,278938,True,False,False,3,1;3,-2,False,ISOGENY_ONLY,True,6,6,-2
279062b1,279062.b2,Zha16_no_2_tors,279062,True,False,False,3,1;3,1,False,ISOGENY_ONLY,True,3,3,1
279338b1,279338.b1,Zha16_no_2_tors,279338,False,False,False,,1,3,True,A3_ONLY,True,1,1,3
279338d1,279338.d2,Zha16_no_2_tors,279338,False,True,False,5,1;5,-1,False,ISOGENY_ONLY,True,5,5,-1
279370h1,279370.h1,Zha16_no_2_tors,279370,False,False,False,,1,-3,True,A3_ONLY,True,7,7,-3
279470a1,279470.a1,Zha16_no_2_tors,279470,False,False,False,,1,3,True,A3_ONLY,True,1,1,3
279734d1,279734.d2,Zha16_no_2_tors,279734,True,False,False,3,1;3,-2,False,ISOGENY_ONLY,True,6,6,-2
279851b1,279851.b2,Zha16_no_2_tors,279851,True,False,False,3,1;3,1,False,ISOGENY_ONLY,True,3,3,1
279939a1,279939.a2,Zha16_no_2_tors,279939,False,True,False,5,1;5,1,False,ISOGENY_ONLY,False,3,2,-
279973c1,279973.c1,Zha16_no_2_tors,279973,False,False,False,,1,3,True,A3_ONLY,True,1,1,3
279998a1,279998.a1,Zha16_no_2_tors,279998,False,False,False,,1,-3,True,A3_ONLY,True,7,7,-3
280021a1,280021.a1,Zha16_no_2_tors,280021,False,False,False,,1,3,True,A3_ONLY,True,1,1,3
280462m1,280462.m1,Zha16_no_2_tors,280462,False,False,False,,1,3,True,A3_ONLY,True,1,1,3
280742e1,280742.e1,Zha16_no_2_tors,280742,True,False,False,3,1;3,1,False,ISOGENY_ONLY,True,3,3,1
280763a1,280763.a1,Zha16_no_2_tors,280763,False,False,False,,1,3,True,A3_ONLY,True,1,1,3
281105b1,281105.b1,Zha16_no_2_tors,281105,False,False,False,,1,3,True,A3_ONLY,True,1,1,3
281155b1,281155.b2,Zha16_no_2_tors,281155,True,False,False,3,1;3,-2,False,ISOGENY_ONLY,True,6,6,-2
281165b1,281165.b2,Zha16_no_2_tors,281165,True,False,False,3,1;3,-2,False,ISOGENY_ONLY,True,6,6,-2
281267a1,281267.a1,Zha16_no_2_tors,281267,False,False,False,,1,3,True,A3_ONLY,True,1,1,3
281294d1,281294.d1,Zha16_no_2_tors,281294,False,False,False,,1,3,True,A3_ONLY,True,1,1,3
281590g1,281590.g2,Zha16_no_2_tors,281590,True,False,False,3,1;3,-2,False,ISOGENY_ONLY,True,6,6,-2
281918f1,281918.f1,Zha16_no_2_tors,281918,False,False,False,,1,3,True,A3_ONLY,True,1,1,3
282310l1,282310.l1,Zha16_no_2_tors,282310,False,False,False,,1,-3,True,A3_ONLY,True,7,7,-3
282347c1,282347.c1,Zha16_no_2_tors,282347,False,False,False,,1,3,True,A3_ONLY,True,1,1,3
282637a1,282637.a1,Zha16_no_2_tors,282637,False,False,False,,1,3,True,A3_ONLY,True,1,1,3
282755e1,282755.e1,Zha16_no_2_tors,282755,False,False,False,,1,-3,True,A3_ONLY,True,7,7,-3
282758d1,282758.d1,Zha16_no_2_tors,282758,True,False,False,3,1;3,1,False,ISOGENY_ONLY,True,3,3,1
282970c1,282970.c1,Zha16_no_2_tors,282970,False,False,False,,1,3,True,A3_ONLY,True,1,1,3
283090b1,283090.b1,Zha16_no_2_tors,283090,False,False,False,,1,3,True,A3_ONLY,True,1,1,3
283199a1,283199.a1,Zha16_no_2_tors,283199,False,False,False,,1,3,True,A3_ONLY,True,1,1,3
283310c1,283310.c2,Zha16_no_2_tors,283310,True,False,False,3,1;3;9,1,False,ISOGENY_ONLY,True,3,3,1
283310d1,283310.d1,Zha16_no_2_tors,283310,False,False,False,,1,3,True,A3_ONLY,True,1,1,3
283354b1,283354.b2,Zha16_no_2_tors,283354,True,False,False,3,1;3,-2,False,ISOGENY_ONLY,True,6,6,-2
283427a1,283427.a1,Zha16_no_2_tors,283427,False,False,False,,1,3,True,A3_ONLY,True,1,1,3
283466b1,283466.b1,Zha16_no_2_tors,283466,False,False,False,,1,-3,True,A3_ONLY,True,7,7,-3
283787a1,283787.a1,Zha16_no_2_tors,283787,False,False,False,,1,3,True,A3_ONLY,True,1,1,3
283926k1,283926.k2,Zha16_no_2_tors,283926,False,True,False,5,1;5,1,False,ISOGENY_ONLY,False,3,2,-
284363a1,284363.a1,Zha16_no_2_tors,284363,False,False,False,,1,3,True,A3_ONLY,True,1,1,3
284879a1,284879.a1,Zha16_no_2_tors,284879,False,False,False,,1,-3,True,A3_ONLY,True,7,7,-3
285122b1,285122.b1,Zha16_no_2_tors,285122,False,False,False,,1,3,True,A3_ONLY,True,1,1,3
285374e1,285374.e1,Zha16_no_2_tors,285374,False,False,False,,1,3,True,A3_ONLY,True,1,1,3
285382c1,285382.c2,Zha16_no_2_tors,285382,True,False,False,3,1;3,1,False,ISOGENY_ONLY,True,3,3,1
285518a1,285518.a1,Zha16_no_2_tors,285518,False,False,False,,1,3,True,A3_ONLY,True,1,1,3
285619a1,285619.a2,Zha16_no_2_tors,285619,True,False,False,3,1;3,-2,False,ISOGENY_ONLY,True,6,6,-2
285934e1,285934.e2,Zha16_no_2_tors,285934,True,False,False,3,1;3,1,False,ISOGENY_ONLY,True,3,3,1
285974a1,285974.a1,Zha16_no_2_tors,285974,False,False,False,,1,-3,True,A3_ONLY,True,7,7,-3
285986b1,285986.b1,Zha16_no_2_tors,285986,False,False,False,,1,3,True,A3_ONLY,True,1,1,3
286085a1,286085.a2,Zha16_no_2_tors,286085,True,False,False,3,1;3,-2,False,ISOGENY_ONLY,True,6,6,-2
286090f1,286090.f1,Zha16_no_2_tors,286090,True,False,False,3,1;3,-2,False,ISOGENY_ONLY,True,6,6,-2
286114b1,286114.b2,Zha16_no_2_tors,286114,True,False,False,3,1;3,-2,False,ISOGENY_ONLY,True,6,6,-2
286645a1,286645.a1,Zha16_no_2_tors,286645,False,False,False,,1,3,True,A3_ONLY,True,1,1,3
286714a1,286714.a1,Zha16_no_2_tors,286714,False,False,False,,1,3,True,A3_ONLY,True,1,1,3
286730d1,286730.d1,Zha16_no_2_tors,286730,False,False,False,,1,-3,True,A3_ONLY,True,7,7,-3
287090b1,287090.b1,Zha16_no_2_tors,287090,True,False,False,3,1;3,1,False,ISOGENY_ONLY,True,3,3,1
287110c1,287110.c2,Zha16_no_2_tors,287110,True,False,False,3,1;3,1,False,ISOGENY_ONLY,True,3,3,1
287171a1,287171.a1,Zha16_no_2_tors,287171,False,False,False,,1,-3,True,A3_ONLY,True,7,7,-3
287267a1,287267.a1,Zha16_no_2_tors,287267,True,False,False,3,1;3,1,False,ISOGENY_ONLY,True,3,3,1
287314a1,287314.a1,Zha16_no_2_tors,287314,True,False,False,3,1;3,-2,False,ISOGENY_ONLY,True,6,6,-2
287345c1,287345.c1,Zha16_no_2_tors,287345,False,False,False,,1,3,True,A3_ONLY,True,1,1,3
287354a1,287354.a1,Zha16_no_2_tors,287354,False,False,False,,1,3,True,A3_ONLY,True,1,1,3
287474d1,287474.d1,Zha16_no_2_tors,287474,False,False,False,,1,3,True,A3_ONLY,True,1,1,3
287678a1,287678.a1,Zha16_no_2_tors,287678,False,False,False,,1,3,True,A3_ONLY,True,1,1,3
287714i1,287714.i1,Zha16_no_2_tors,287714,False,False,False,,1,3,True,A3_ONLY,True,1,1,3
288035a1,288035.a1,Zha16_no_2_tors,288035,False,False,False,,1,-3,True,A3_ONLY,True,7,7,-3
288106n1,288106.n1,Zha16_no_2_tors,288106,False,False,False,,1,3,True,A3_ONLY,True,1,1,3
288106o1,288106.o1,Zha16_no_2_tors,288106,False,False,False,,1,3,True,A3_ONLY,True,1,1,3
288190m1,288190.m2,Zha16_no_2_tors,288190,True,False,False,3,1;3,1,False,ISOGENY_ONLY,True,3,3,1
288206a1,288206.a1,Zha16_no_2_tors,288206,False,False,False,,1,-3,True,A3_ONLY,True,7,7,-3
288211c1,288211.c2,Zha16_no_2_tors,288211,True,False,False,3,1;3,-2,False,ISOGENY_ONLY,True,6,6,-2
288662a1,288662.a1,Zha16_no_2_tors,288662,False,False,False,,1,-3,True,A3_ONLY,True,7,7,-3
288811a1,288811.a2,Zha16_no_2_tors,288811,True,False,False,3,1;3,-2,False,ISOGENY_ONLY,True,6,6,-2
288865a1,288865.a1,Zha16_no_2_tors,288865,False,False,False,,1,-3,True,A3_ONLY,True,7,7,-3
289115a1,289115.a1,Zha16_no_2_tors,289115,False,False,False,,1,-3,True,A3_ONLY,True,7,7,-3
289370a1,289370.a1,Zha16_no_2_tors,289370,False,False,False,,1,-3,True,A3_ONLY,True,7,7,-3
289370e1,289370.e1,Zha16_no_2_tors,289370,False,False,False,,1,-3,True,A3_ONLY,True,7,7,-3
289501c1,289501.c1,Zha16_no_2_tors,289501,False,False,False,,1,3,True,A3_ONLY,True,1,1,3
289646i1,289646.i1,Zha16_no_2_tors,289646,False,False,False,,1,-3,True,A3_ONLY,True,7,7,-3
289691a1,289691.a1,Zha16_no_2_tors,289691,False,False,False,,1,3,True,A3_ONLY,True,1,1,3
289739b1,289739.b1,Zha16_no_2_tors,289739,False,False,False,,1,3,True,A3_ONLY,True,1,1,3
289814e1,289814.e2,Zha16_no_2_tors,289814,True,False,False,3,1;3,1,False,ISOGENY_ONLY,True,3,3,1
290122k1,290122.k2,Zha16_no_2_tors,290122,True,False,False,3,1;3,-2,False,ISOGENY_ONLY,True,6,6,-2
290162a1,290162.a1,Zha16_no_2_tors,290162,False,False,False,,1,-3,True,A3_ONLY,True,7,7,-3
290507a1,290507.a1,Zha16_no_2_tors,290507,False,False,False,,1,3,True,A3_ONLY,True,1,1,3
290507d1,290507.d2,Zha16_no_2_tors,290507,True,False,False,3,1;3,1,False,ISOGENY_ONLY,True,3,3,1
290554a1,290554.a1,Zha16_no_2_tors,290554,True,False,False,3,1;3,-2,False,ISOGENY_ONLY,True,6,6,-2
290582a1,290582.a1,Zha16_no_2_tors,290582,False,False,False,,1,3,True,A3_ONLY,True,1,1,3
290746a1,290746.a1,Zha16_no_2_tors,290746,True,False,False,3,1;3,-2,False,ISOGENY_ONLY,True,6,6,-2
290830c1,290830.c1,Zha16_no_2_tors,290830,True,False,False,3,1;3,-2,False,ISOGENY_ONLY,True,6,6,-2
290846a1,290846.a1,Zha16_no_2_tors,290846,False,False,False,,1,-3,True,A3_ONLY,True,7,7,-3
290894a1,290894.a1,Zha16_no_2_tors,290894,False,False,False,,1,-3,True,A3_ONLY,True,7,7,-3
290906a1,290906.a1,Zha16_no_2_tors,290906,False,False,False,,1,-3,True,A3_ONLY,True,7,7,-3
290989b1,290989.b2,Zha16_no_2_tors,290989,True,False,False,3,1;3,1,False,ISOGENY_ONLY,True,3,3,1
291098a1,291098.a1,Zha16_no_2_tors,291098,False,False,False,,1,-3,True,A3_ONLY,True,7,7,-3
291110d1,291110.d1,Zha16_no_2_tors,291110,False,False,False,,1,3,True,A3_ONLY,True,1,1,3
291130q1,291130.q3,Zha16_no_2_tors,291130,True,False,False,3,1;3;9,1,False,ISOGENY_ONLY,True,3,3,1
291130s1,291130.s1,Zha16_no_2_tors,291130,False,False,False,,1,3,True,A3_ONLY,True,1,1,3
291226c1,291226.c2,Zha16_no_2_tors,291226,True,False,False,3,1;3,-2,False,ISOGENY_ONLY,True,6,6,-2
291235c1,291235.c1,Zha16_no_2_tors,291235,True,False,False,3,1;3;9,-2,False,ISOGENY_ONLY,True,6,6,-2
291422c1,291422.c1,Zha16_no_2_tors,291422,False,False,False,,1,3,True,A3_ONLY,True,1,1,3
291445d1,291445.d1,Zha16_no_2_tors,291445,False,False,False,,1,3,True,A3_ONLY,True,1,1,3
291470c1,291470.c1,Zha16_no_2_tors,291470,False,False,False,,1,3,True,A3_ONLY,True,1,1,3
291478a1,291478.a2,Zha16_no_2_tors,291478,True,False,False,3,1;3,1,False,ISOGENY_ONLY,True,3,3,1
291515a1,291515.a1,Zha16_no_2_tors,291515,False,False,False,,1,-3,True,A3_ONLY,True,7,7,-3
291533a1,291533.a1,Zha16_no_2_tors,291533,False,False,False,,1,-3,True,A3_ONLY,True,7,7,-3
291874b1,291874.b3,Zha16_no_2_tors,291874,True,False,False,3,1;3;9,1,False,ISOGENY_ONLY,True,3,3,1
291874c1,291874.c1,Zha16_no_2_tors,291874,False,False,False,,1,3,True,A3_ONLY,True,1,1,3
291970g1,291970.g2,Zha16_no_2_tors,291970,True,False,False,3,1;3;9,-2,False,ISOGENY_ONLY,True,6,6,-2
292130a1,292130.a1,Zha16_no_2_tors,292130,False,False,False,,1,-3,True,A3_ONLY,True,7,7,-3
292190d1,292190.d1,Zha16_no_2_tors,292190,False,False,False,,1,3,True,A3_ONLY,True,1,1,3
292955a1,292955.a1,Zha16_no_2_tors,292955,False,False,False,,1,3,True,A3_ONLY,True,1,1,3
293035a1,293035.a1,Zha16_no_2_tors,293035,True,False,False,3,1;3,-2,False,ISOGENY_ONLY,True,6,6,-2
293347a1,293347.a1,Zha16_no_2_tors,293347,False,False,False,,1,-3,True,A3_ONLY,True,7,7,-3
293410ba1,293410.ba1,Zha16_no_2_tors,293410,False,False,False,,1,3,True,A3_ONLY,True,1,1,3
293410y1,293410.y2,Zha16_no_2_tors,293410,True,False,False,3,1;3,1,False,ISOGENY_ONLY,True,3,3,1
293798a1,293798.a1,Zha16_no_2_tors,293798,False,False,False,,1,-3,True,A3_ONLY,True,7,7,-3
294203a1,294203.a2,Zha16_no_2_tors,294203,True,False,False,3,1;3;9,1,False,ISOGENY_ONLY,True,3,3,1
294470f1,294470.f1,Zha16_no_2_tors,294470,True,False,False,3,1;3,1,False,ISOGENY_ONLY,True,3,3,1
294610a1,294610.a2,Zha16_no_2_tors,294610,True,False,False,3,1;3,-2,False,ISOGENY_ONLY,True,6,6,-2
294658f1,294658.f1,Zha16_no_2_tors,294658,False,False,False,,1,3,True,A3_ONLY,True,1,1,3
294749c1,294749.c1,Zha16_no_2_tors,294749,False,False,False,,1,-3,True,A3_ONLY,True,7,7,-3
295046a1,295046.a1,Zha16_no_2_tors,295046,False,False,False,,1,3,True,A3_ONLY,True,1,1,3
295115a1,295115.a1,Zha16_no_2_tors,295115,False,False,False,,1,3,True,A3_ONLY,True,1,1,3
295586a1,295586.a1,Zha16_no_2_tors,295586,False,False,False,,1,-3,True,A3_ONLY,True,7,7,-3
295714b1,295714.b2,Zha16_no_2_tors,295714,True,False,False,3,1;3,1,False,ISOGENY_ONLY,True,3,3,1
295757b1,295757.b2,Zha16_no_2_tors,295757,True,False,False,3,1;3,-2,False,ISOGENY_ONLY,True,6,6,-2
295898a1,295898.a1,Zha16_no_2_tors,295898,False,False,False,,1,-3,True,A3_ONLY,True,7,7,-3
295910l1,295910.l1,Zha16_no_2_tors,295910,False,False,False,,1,3,True,A3_ONLY,True,1,1,3
296101a1,296101.a1,Zha16_no_2_tors,296101,False,False,False,,1,-3,True,A3_ONLY,True,7,7,-3
296338o1,296338.o1,Zha16_no_2_tors,296338,False,False,False,,1,3,True,A3_ONLY,True,1,1,3
296534c1,296534.c1,Zha16_no_2_tors,296534,False,False,False,,1,3,True,A3_ONLY,True,1,1,3
296605d1,296605.d1,Zha16_no_2_tors,296605,False,False,False,,1,-3,True,A3_ONLY,True,7,7,-3
297115b1,297115.b2,Zha16_no_2_tors,297115,True,False,False,3,1;3,-2,False,ISOGENY_ONLY,True,6,6,-2
297310b1,297310.b1,Zha16_no_2_tors,297310,False,False,False,,1,3,True,A3_ONLY,True,1,1,3
297482b1,297482.b1,Zha16_no_2_tors,297482,False,False,False,,1,3,True,A3_ONLY,True,1,1,3
298090m1,298090.m2,Zha16_no_2_tors,298090,True,False,False,3,1;3,1,False,ISOGENY_ONLY,True,3,3,1
298202a1,298202.a1,Zha16_no_2_tors,298202,False,False,False,,1,-3,True,A3_ONLY,True,7,7,-3
298277b1,298277.b1,Zha16_no_2_tors,298277,False,False,False,,1,-3,True,A3_ONLY,True,7,7,-3
298657a1,298657.a1,Zha16_no_2_tors,298657,False,False,False,,1,3,True,A3_ONLY,True,1,1,3
298670a1,298670.a1,Zha16_no_2_tors,298670,False,False,False,,1,-3,True,A3_ONLY,True,7,7,-3
298811a1,298811.a1,Zha16_no_2_tors,298811,False,False,False,,1,3,True,A3_ONLY,True,1,1,3
299051a1,299051.a1,Zha16_no_2_tors,299051,False,False,False,,1,3,True,A3_ONLY,True,1,1,3
299315a1,299315.a1,Zha16_no_2_tors,299315,False,False,False,,1,3,True,A3_ONLY,True,1,1,3
299437b1,299437.b1,Zha16_no_2_tors,299437,False,False,False,,1,3,True,A3_ONLY,True,1,1,3
299519a1,299519.a1,Zha16_no_2_tors,299519,False,False,False,,1,3,True,A3_ONLY,True,1,1,3
299606a1,299606.a1,Zha16_no_2_tors,299606,False,False,False,,1,3,True,A3_ONLY,True,1,1,3
299690d1,299690.d2,Zha16_no_2_tors,299690,True,False,False,3,1;3,-2,False,ISOGENY_ONLY,True,6,6,-2
299719b1,299719.b1,Zha16_no_2_tors,299719,False,False,False,,1,-3,True,A3_ONLY,True,7,7,-3
299794c1,299794.c2,Zha16_no_2_tors,299794,True,False,False,3,1;3,-2,False,ISOGENY_ONLY,True,6,6,-2
299845a1,299845.a2,Zha16_no_2_tors,299845,True,False,False,3,1;3,1,False,ISOGENY_ONLY,True,3,3,1
299990c1,299990.c1,Zha16_no_2_tors,299990,False,False,False,,1,3,True,A3_ONLY,True,1,1,3
300014c1,300014.c1,Zha16_no_2_tors,300014,False,False,False,,1,-3,True,A3_ONLY,True,7,7,-3
300058i1,300058.i1,Zha16_no_2_tors,300058,False,False,False,,1,3,True,A3_ONLY,True,1,1,3
300107a1,300107.a1,Zha16_no_2_tors,300107,False,False,False,,1,3,True,A3_ONLY,True,1,1,3
300133a1,300133.a1,Zha16_no_2_tors,300133,False,False,False,,1,3,True,A3_ONLY,True,1,1,3
300166c1,300166.c2,Zha16_no_2_tors,300166,True,False,False,3,1;3,1,False,ISOGENY_ONLY,True,3,3,1
300494a1,300494.a1,Zha16_no_2_tors,300494,False,False,False,,1,3,True,A3_ONLY,True,1,1,3
300670n1,300670.n1,Zha16_no_2_tors,300670,False,False,False,,1,3,True,A3_ONLY,True,1,1,3
300706a1,300706.a1,Zha16_no_2_tors,300706,False,False,False,,1,-3,True,A3_ONLY,True,7,7,-3
301178a1,301178.a1,Zha16_no_2_tors,301178,False,False,False,,1,3,True,A3_ONLY,True,1,1,3
301402a1,301402.a1,Zha16_no_2_tors,301402,False,False,False,,1,3,True,A3_ONLY,True,1,1,3
301571a1,301571.a1,Zha16_no_2_tors,301571,False,False,False,,1,3,True,A3_ONLY,True,1,1,3
301630h1,301630.h2,Zha16_no_2_tors,301630,True,False,False,3,1;3,1,False,ISOGENY_ONLY,True,3,3,1
301630k1,301630.k1,Zha16_no_2_tors,301630,False,False,False,,1,3,True,A3_ONLY,True,1,1,3
301726a1,301726.a2,Zha16_no_2_tors,301726,True,False,False,3,1;3,-2,False,ISOGENY_ONLY,True,6,6,-2
302029d1,302029.d1,Zha16_no_2_tors,302029,False,False,False,,1,-3,True,A3_ONLY,True,7,7,-3
302135a1,302135.a1,Zha16_no_2_tors,302135,False,False,False,,1,3,True,A3_ONLY,True,1,1,3
302389a1,302389.a2,Zha16_no_2_tors,302389,False,True,False,5,1;5,-1,False,ISOGENY_ONLY,True,5,5,-1
302414c1,302414.c1,Zha16_no_2_tors,302414,False,False,False,,1,3,True,A3_ONLY,True,1,1,3
302498i1,302498.i1,Zha16_no_2_tors,302498,False,False,False,,1,3,True,A3_ONLY,True,1,1,3
302653a1,302653.a1,Zha16_no_2_tors,302653,False,False,False,,1,3,True,A3_ONLY,True,1,1,3
302867c1,302867.c1,Zha16_no_2_tors,302867,True,False,False,3,1;3,1,False,ISOGENY_ONLY,True,3,3,1
302926a1,302926.a1,Zha16_no_2_tors,302926,False,False,False,,1,3,True,A3_ONLY,True,1,1,3
302938h1,302938.h1,Zha16_no_2_tors,302938,False,False,False,,1,3,True,A3_ONLY,True,1,1,3
303346a1,303346.a1,Zha16_no_2_tors,303346,False,False,False,,1,-3,True,A3_ONLY,True,7,7,-3
303382c1,303382.c1,Zha16_no_2_tors,303382,False,False,False,,1,3,True,A3_ONLY,True,1,1,3
303410c1,303410.c1,Zha16_no_2_tors,303410,False,False,False,,1,3,True,A3_ONLY,True,1,1,3
303422b1,303422.b1,Zha16_no_2_tors,303422,True,False,False,3,1;3,1,False,ISOGENY_ONLY,True,3,3,1
303515a1,303515.a1,Zha16_no_2_tors,303515,False,False,False,,1,-3,True,A3_ONLY,True,7,7,-3
303842c1,303842.c1,Zha16_no_2_tors,303842,False,False,False,,1,3,True,A3_ONLY,True,1,1,3
304030b1,304030.b1,Zha16_no_2_tors,304030,False,False,False,,1,3,True,A3_ONLY,True,1,1,3
304078a1,304078.a1,Zha16_no_2_tors,304078,False,False,False,,1,-3,True,A3_ONLY,True,7,7,-3
304178c1,304178.c2,Zha16_no_2_tors,304178,True,False,False,3,1;3,1,False,ISOGENY_ONLY,True,3,3,1
304283a1,304283.a1,Zha16_no_2_tors,304283,False,False,False,,1,-3,True,A3_ONLY,True,7,7,-3
304451a1,304451.a1,Zha16_no_2_tors,304451,False,False,False,,1,-3,True,A3_ONLY,True,7,7,-3
304466b1,304466.b1,Zha16_no_2_tors,304466,False,True,False,5,1;5,-1,False,ISOGENY_ONLY,True,5,5,-1
304526e1,304526.e2,Zha16_no_2_tors,304526,True,False,False,3,1;3,1,False,ISOGENY_ONLY,True,3,3,1
304595b1,304595.b1,Zha16_no_2_tors,304595,False,False,False,,1,-3,True,A3_ONLY,True,7,7,-3
304790g1,304790.g1,Zha16_no_2_tors,304790,False,False,False,,1,3,True,A3_ONLY,True,1,1,3
304810j1,304810.j2,Zha16_no_2_tors,304810,True,False,False,3,1;3,1,False,ISOGENY_ONLY,True,3,3,1
304834a1,304834.a1,Zha16_no_2_tors,304834,False,False,False,,1,3,True,A3_ONLY,True,1,1,3
305086b1,305086.b2,Zha16_no_2_tors,305086,False,True,False,5,1;5,-1,False,ISOGENY_ONLY,True,5,5,-1
305167a1,305167.a1,Zha16_no_2_tors,305167,False,False,False,,1,-3,True,A3_ONLY,True,7,7,-3
305195c1,305195.c1,Zha16_no_2_tors,305195,False,False,False,,1,-3,True,A3_ONLY,True,7,7,-3
305426a1,305426.a2,Zha16_no_2_tors,305426,True,False,False,3,1;3,1,False,ISOGENY_ONLY,True,3,3,1
305510e1,305510.e1,Zha16_no_2_tors,305510,False,False,False,,1,-3,True,A3_ONLY,True,7,7,-3
305510i1,305510.i1,Zha16_no_2_tors,305510,False,False,False,,1,3,True,A3_ONLY,True,1,1,3
305666a1,305666.a1,Zha16_no_2_tors,305666,False,False,False,,1,3,True,A3_ONLY,True,1,1,3
305938a1,305938.a1,Zha16_no_2_tors,305938,False,False,False,,1,-3,True,A3_ONLY,True,7,7,-3
306218f1,306218.f1,Zha16_no_2_tors,306218,False,False,False,,1,3,True,A3_ONLY,True,1,1,3
306458c1,306458.c2,Zha16_no_2_tors,306458,True,False,False,3,1;3,1,False,ISOGENY_ONLY,True,3,3,1
306546h1,306546.h1,Zha16_no_2_tors,306546,False,True,False,5,1;5,1,False,ISOGENY_ONLY,False,3,2,-
306670t1,306670.t1,Zha16_no_2_tors,306670,False,False,False,,1,3,True,A3_ONLY,True,1,1,3
306955a1,306955.a1,Zha16_no_2_tors,306955,True,False,False,3,1;3,-2,False,ISOGENY_ONLY,True,6,6,-2
306962b1,306962.b1,Zha16_no_2_tors,306962,False,False,False,,1,-3,True,A3_ONLY,True,7,7,-3
307162a1,307162.a2,Zha16_no_2_tors,307162,True,False,False,3,1;3,-2,False,ISOGENY_ONLY,True,6,6,-2
307342c1,307342.c2,Zha16_no_2_tors,307342,True,False,False,3,1;3,1,False,ISOGENY_ONLY,True,3,3,1
307477a1,307477.a1,Zha16_no_2_tors,307477,False,False,False,,1,3,True,A3_ONLY,True,1,1,3
307490a1,307490.a1,Zha16_no_2_tors,307490,False,False,False,,1,-3,True,A3_ONLY,True,7,7,-3
307658a1,307658.a1,Zha16_no_2_tors,307658,False,False,False,,1,3,True,A3_ONLY,True,1,1,3
307702a1,307702.a1,Zha16_no_2_tors,307702,False,False,False,,1,3,True,A3_ONLY,True,1,1,3
307730b1,307730.b1,Zha16_no_2_tors,307730,False,False,False,,1,3,True,A3_ONLY,True,1,1,3
307763b1,307763.b1,Zha16_no_2_tors,307763,False,False,False,,1,-3,True,A3_ONLY,True,7,7,-3
307898a1,307898.a1,Zha16_no_2_tors,307898,False,False,False,,1,-3,True,A3_ONLY,True,7,7,-3
308195a1,308195.a1,Zha16_no_2_tors,308195,False,False,False,,1,3,True,A3_ONLY,True,1,1,3
308267a1,308267.a2,Zha16_no_2_tors,308267,True,False,False,3,1;3,1,False,ISOGENY_ONLY,True,3,3,1
308345a1,308345.a1,Zha16_no_2_tors,308345,False,False,False,,1,-3,True,A3_ONLY,True,7,7,-3
308414a1,308414.a1,Zha16_no_2_tors,308414,False,False,False,,1,-3,True,A3_ONLY,True,7,7,-3
308618c1,308618.c1,Zha16_no_2_tors,308618,False,False,False,,1,3,True,A3_ONLY,True,1,1,3
308659a1,308659.a1,Zha16_no_2_tors,308659,False,False,False,,1,-3,True,A3_ONLY,True,7,7,-3
308710c1,308710.c1,Zha16_no_2_tors,308710,True,False,False,3,1;3,-2,False,ISOGENY_ONLY,True,6,6,-2
308771g1,308771.g1,Zha16_no_2_tors,308771,False,False,False,,1,3,True,A3_ONLY,True,1,1,3
308858d1,308858.d1,Zha16_no_2_tors,308858,False,False,False,,1,3,True,A3_ONLY,True,1,1,3
308918b1,308918.b1,Zha16_no_2_tors,308918,False,False,False,,1,3,True,A3_ONLY,True,1,1,3
308986a1,308986.a1,Zha16_no_2_tors,308986,False,False,False,,1,3,True,A3_ONLY,True,1,1,3
309110a1,309110.a1,Zha16_no_2_tors,309110,False,False,False,,1,-3,True,A3_ONLY,True,7,7,-3
309335b1,309335.b1,Zha16_no_2_tors,309335,False,False,False,,1,-3,True,A3_ONLY,True,7,7,-3
309542b1,309542.b2,Zha16_no_2_tors,309542,True,False,False,3,1;3,1,False,ISOGENY_ONLY,True,3,3,1
309979a1,309979.a1,Zha16_no_2_tors,309979,True,False,False,3,1;3,-2,False,ISOGENY_ONLY,True,6,6,-2
310315b1,310315.b1,Zha16_no_2_tors,310315,False,False,False,,1,3,True,A3_ONLY,True,1,1,3
310319a1,310319.a1,Zha16_no_2_tors,310319,False,False,False,,1,-3,True,A3_ONLY,True,7,7,-3
310394a1,310394.a1,Zha16_no_2_tors,310394,False,False,False,,1,-3,True,A3_ONLY,True,7,7,-3
310694a1,310694.a2,Zha16_no_2_tors,310694,True,False,False,3,1;3,-2,False,ISOGENY_ONLY,True,6,6,-2
310859a1,310859.a1,Zha16_no_2_tors,310859,False,False,False,,1,-3,True,A3_ONLY,True,7,7,-3
310942a1,310942.a1,Zha16_no_2_tors,310942,False,False,False,,1,3,True,A3_ONLY,True,1,1,3
310958a1,310958.a1,Zha16_no_2_tors,310958,False,False,False,,1,-3,True,A3_ONLY,True,7,7,-3
311198a1,311198.a1,Zha16_no_2_tors,311198,False,False,False,,1,3,True,A3_ONLY,True,1,1,3
311234e1,311234.e1,Zha16_no_2_tors,311234,True,False,False,3,1;3,1,False,ISOGENY_ONLY,True,3,3,1
311455a1,311455.a1,Zha16_no_2_tors,311455,False,False,False,,1,3,True,A3_ONLY,True,1,1,3
311530b1,311530.b1,Zha16_no_2_tors,311530,False,False,False,,1,3,True,A3_ONLY,True,1,1,3
311558c1,311558.c2,Zha16_no_2_tors,311558,True,False,False,3,1;3,1,False,ISOGENY_ONLY,True,3,3,1
311854a1,311854.a2,Zha16_no_2_tors,311854,True,False,False,3,1;3,-2,False,ISOGENY_ONLY,True,6,6,-2
312115a1,312115.a2,Zha16_no_2_tors,312115,True,False,False,3,1;3,-2,False,ISOGENY_ONLY,True,6,6,-2
312286f1,312286.f1,Zha16_no_2_tors,312286,False,False,False,,1,3,True,A3_ONLY,True,1,1,3
312446b1,312446.b1,Zha16_no_2_tors,312446,False,False,False,,1,3,True,A3_ONLY,True,1,1,3
312733a1,312733.a1,Zha16_no_2_tors,312733,False,False,False,,1,-3,True,A3_ONLY,True,7,7,-3
312970n1,312970.n2,Zha16_no_2_tors,312970,True,False,False,3,1;3,-2,False,ISOGENY_ONLY,True,6,6,-2
313030h1,313030.h1,Zha16_no_2_tors,313030,False,False,False,,1,3,True,A3_ONLY,True,1,1,3
313117a1,313117.a1,Zha16_no_2_tors,313117,False,False,False,,1,-3,True,A3_ONLY,True,7,7,-3
313222c1,313222.c1,Zha16_no_2_tors,313222,True,False,False,3,1;3,-2,False,ISOGENY_ONLY,True,6,6,-2
313235a1,313235.a1,Zha16_no_2_tors,313235,False,False,False,,1,3,True,A3_ONLY,True,1,1,3
313235d1,313235.d1,Zha16_no_2_tors,313235,False,False,False,,1,3,True,A3_ONLY,True,1,1,3
313246a1,313246.a1,Zha16_no_2_tors,313246,False,False,False,,1,3,True,A3_ONLY,True,1,1,3
313418b1,313418.b1,Zha16_no_2_tors,313418,False,False,False,,1,3,True,A3_ONLY,True,1,1,3
313595b1,313595.b1,Zha16_no_2_tors,313595,False,False,False,,1,3,True,A3_ONLY,True,1,1,3
313622a1,313622.a1,Zha16_no_2_tors,313622,False,False,False,,1,-3,True,A3_ONLY,True,7,7,-3
313643a1,313643.a1,Zha16_no_2_tors,313643,False,False,False,,1,-3,True,A3_ONLY,True,7,7,-3
313742d1,313742.d2,Zha16_no_2_tors,313742,True,False,False,3,1;3,1,False,ISOGENY_ONLY,True,3,3,1
313838a1,313838.a1,Zha16_no_2_tors,313838,False,False,False,,1,3,True,A3_ONLY,True,1,1,3
313838b1,313838.b1,Zha16_no_2_tors,313838,False,False,False,,1,-3,True,A3_ONLY,True,7,7,-3
313978a1,313978.a1,Zha16_no_2_tors,313978,False,False,False,,1,-3,True,A3_ONLY,True,7,7,-3
313978d1,313978.d1,Zha16_no_2_tors,313978,False,False,False,,1,3,True,A3_ONLY,True,1,1,3
314027a1,314027.a1,Zha16_no_2_tors,314027,False,False,False,,1,-3,True,A3_ONLY,True,7,7,-3
314158a1,314158.a1,Zha16_no_2_tors,314158,True,False,False,3,1;3,-2,False,ISOGENY_ONLY,True,6,6,-2
314405c1,314405.c3,Zha16_no_2_tors,314405,True,False,False,3,1;3;9,-2,False,ISOGENY_ONLY,True,6,6,-2
314470c1,314470.c2,Zha16_no_2_tors,314470,True,False,False,3,1;3,1,False,ISOGENY_ONLY,True,3,3,1
314474a1,314474.a2,Zha16_no_2_tors,314474,True,False,False,3,1;3,-2,False,ISOGENY_ONLY,True,6,6,-2
314587b1,314587.b1,Zha16_no_2_tors,314587,True,False,False,3,1;3,-2,False,ISOGENY_ONLY,True,6,6,-2
314594a1,314594.a1,Zha16_no_2_tors,314594,False,False,False,,1,-3,True,A3_ONLY,True,7,7,-3
314770a1,314770.a1,Zha16_no_2_tors,314770,True,False,False,3,1;3,-2,False,ISOGENY_ONLY,True,6,6,-2
315035a1,315035.a1,Zha16_no_2_tors,315035,False,False,False,,1,3,True,A3_ONLY,True,1,1,3
315110a1,315110.a2,Zha16_no_2_tors,315110,True,False,False,3,1;3,-2,False,ISOGENY_ONLY,True,6,6,-2
315202a1,315202.a1,Zha16_no_2_tors,315202,False,False,False,,1,-3,True,A3_ONLY,True,7,7,-3
315302a1,315302.a1,Zha16_no_2_tors,315302,False,False,False,,1,3,True,A3_ONLY,True,1,1,3
315314b1,315314.b1,Zha16_no_2_tors,315314,False,False,False,,1,3,True,A3_ONLY,True,1,1,3
315406a1,315406.a1,Zha16_no_2_tors,315406,False,False,False,,1,-3,True,A3_ONLY,True,7,7,-3
315755a1,315755.a1,Zha16_no_2_tors,315755,False,False,False,,1,3,True,A3_ONLY,True,1,1,3
315818e1,315818.e1,Zha16_no_2_tors,315818,False,False,False,,1,3,True,A3_ONLY,True,1,1,3
315827c1,315827.c1,Zha16_no_2_tors,315827,False,False,False,,1,-3,True,A3_ONLY,True,7,7,-3
316029a1,316029.a2,Zha16_no_2_tors,316029,False,True,False,5,1;5,1,False,ISOGENY_ONLY,False,3,2,-
316510b1,316510.b2,Zha16_no_2_tors,316510,True,False,False,3,1;3,-2,False,ISOGENY_ONLY,True,6,6,-2
316678a1,316678.a1,Zha16_no_2_tors,316678,False,False,False,,1,-3,True,A3_ONLY,True,7,7,-3
317006a1,317006.a1,Zha16_no_2_tors,317006,False,False,False,,1,3,True,A3_ONLY,True,1,1,3
317086f1,317086.f1,Zha16_no_2_tors,317086,True,False,False,3,1;3,-2,False,ISOGENY_ONLY,True,6,6,-2
317174l1,317174.l1,Zha16_no_2_tors,317174,True,False,False,3,1;3,1,False,ISOGENY_ONLY,True,3,3,1
317206d1,317206.d1,Zha16_no_2_tors,317206,False,False,False,,1,3,True,A3_ONLY,True,1,1,3
317555b1,317555.b1,Zha16_no_2_tors,317555,True,False,False,3,1;3;9,1,False,ISOGENY_ONLY,True,3,3,1
317630b1,317630.b2,Zha16_no_2_tors,317630,True,False,False,3,1;3,1,False,ISOGENY_ONLY,True,3,3,1
317699a1,317699.a1,Zha16_no_2_tors,317699,False,False,False,,1,-3,True,A3_ONLY,True,7,7,-3
317906e1,317906.e1,Zha16_no_2_tors,317906,False,False,False,,1,3,True,A3_ONLY,True,1,1,3
317914b1,317914.b1,Zha16_no_2_tors,317914,False,False,False,,1,3,True,A3_ONLY,True,1,1,3
317926e1,317926.e1,Zha16_no_2_tors,317926,False,False,False,,1,3,True,A3_ONLY,True,1,1,3
318238a1,318238.a1,Zha16_no_2_tors,318238,True,False,False,3,1;3,-2,False,ISOGENY_ONLY,True,6,6,-2
318437a1,318437.a1,Zha16_no_2_tors,318437,False,False,False,,1,3,True,A3_ONLY,True,1,1,3
318449b1,318449.b1,Zha16_no_2_tors,318449,False,False,False,,1,3,True,A3_ONLY,True,1,1,3
318707c1,318707.c1,Zha16_no_2_tors,318707,False,False,False,,1,3,True,A3_ONLY,True,1,1,3
318770c1,318770.c1,Zha16_no_2_tors,318770,False,False,False,,1,3,True,A3_ONLY,True,1,1,3
318830a1,318830.a1,Zha16_no_2_tors,318830,False,False,False,,1,-3,True,A3_ONLY,True,7,7,-3
318995a1,318995.a1,Zha16_no_2_tors,318995,False,False,False,,1,-3,True,A3_ONLY,True,7,7,-3
319154f1,319154.f1,Zha16_no_2_tors,319154,False,False,False,,1,3,True,A3_ONLY,True,1,1,3
319285a1,319285.a1,Zha16_no_2_tors,319285,False,False,False,,1,3,True,A3_ONLY,True,1,1,3
319330f1,319330.f1,Zha16_no_2_tors,319330,False,False,False,,1,-3,True,A3_ONLY,True,7,7,-3
319370b1,319370.b2,Zha16_no_2_tors,319370,True,False,False,3,1;3,1,False,ISOGENY_ONLY,True,3,3,1
319574a1,319574.a1,Zha16_no_2_tors,319574,False,False,False,,1,3,True,A3_ONLY,True,1,1,3
319718d1,319718.d2,Zha16_no_2_tors,319718,True,False,False,3,1;3,1,False,ISOGENY_ONLY,True,3,3,1
319915a1,319915.a2,Zha16_no_2_tors,319915,True,False,False,3,1;3,-2,False,ISOGENY_ONLY,True,6,6,-2
319918a1,319918.a1,Zha16_no_2_tors,319918,False,False,False,,1,-3,True,A3_ONLY,True,7,7,-3
319978a1,319978.a1,Zha16_no_2_tors,319978,False,False,False,,1,3,True,A3_ONLY,True,1,1,3
320005c1,320005.c2,Zha16_no_2_tors,320005,True,False,False,3,1;3,1,False,ISOGENY_ONLY,True,3,3,1
320054b1,320054.b2,Zha16_no_2_tors,320054,True,False,False,3,1;3,1,False,ISOGENY_ONLY,True,3,3,1
320222h1,320222.h1,Zha16_no_2_tors,320222,False,False,False,,1,3,True,A3_ONLY,True,1,1,3
320474a1,320474.a1,Zha16_no_2_tors,320474,False,False,False,,1,-3,True,A3_ONLY,True,7,7,-3
320642e1,320642.e1,Zha16_no_2_tors,320642,False,False,False,,1,3,True,A3_ONLY,True,1,1,3
320662h1,320662.h1,Zha16_no_2_tors,320662,False,False,False,,1,3,True,A3_ONLY,True,1,1,3
320723a1,320723.a1,Zha16_no_2_tors,320723,False,False,False,,1,-3,True,A3_ONLY,True,7,7,-3
320849c1,320849.c1,Zha16_no_2_tors,320849,False,False,False,,1,3,True,A3_ONLY,True,1,1,3
320978f1,320978.f1,Zha16_no_2_tors,320978,False,False,False,,1,3,True,A3_ONLY,True,1,1,3
321049a1,321049.a1,Zha16_no_2_tors,321049,False,False,False,,1,-3,True,A3_ONLY,True,7,7,-3
321218a1,321218.a2,Zha16_no_2_tors,321218,True,False,False,3,1;3,1,False,ISOGENY_ONLY,True,3,3,1
321362a1,321362.a1,Zha16_no_2_tors,321362,False,False,False,,1,-3,True,A3_ONLY,True,7,7,-3
321398d1,321398.d1,Zha16_no_2_tors,321398,False,False,False,,1,3,True,A3_ONLY,True,1,1,3
321422a1,321422.a1,Zha16_no_2_tors,321422,False,False,False,,1,3,True,A3_ONLY,True,1,1,3
321470l1,321470.l2,Zha16_no_2_tors,321470,True,False,False,3,1;3,-2,False,ISOGENY_ONLY,True,6,6,-2
321530a1,321530.a1,Zha16_no_2_tors,321530,False,False,False,,1,-3,True,A3_ONLY,True,7,7,-3
321530p1,321530.p1,Zha16_no_2_tors,321530,False,False,False,,1,3,True,A3_ONLY,True,1,1,3
321745a1,321745.a1,Zha16_no_2_tors,321745,False,False,False,,1,3,True,A3_ONLY,True,1,1,3
322430c1,322430.c1,Zha16_no_2_tors,322430,False,False,False,,1,3,True,A3_ONLY,True,1,1,3
322498b1,322498.b1,Zha16_no_2_tors,322498,True,False,False,3,1;3,-2,False,ISOGENY_ONLY,True,6,6,-2
322811a1,322811.a1,Zha16_no_2_tors,322811,False,False,False,,1,3,True,A3_ONLY,True,1,1,3
322958a1,322958.a1,Zha16_no_2_tors,322958,False,False,False,,1,3,True,A3_ONLY,True,1,1,3
323074b1,323074.b1,Zha16_no_2_tors,323074,False,False,False,,1,3,True,A3_ONLY,True,1,1,3
323147a1,323147.a1,Zha16_no_2_tors,323147,False,False,False,,1,-3,True,A3_ONLY,True,7,7,-3
323170a1,323170.a2,Zha16_no_2_tors,323170,True,False,False,3,1;3,-2,False,ISOGENY_ONLY,True,6,6,-2
323270a1,323270.a1,Zha16_no_2_tors,323270,False,False,False,,1,-3,True,A3_ONLY,True,7,7,-3
323270b1,323270.b1,Zha16_no_2_tors,323270,False,False,False,,1,-3,True,A3_ONLY,True,7,7,-3
323282a1,323282.a1,Zha16_no_2_tors,323282,False,False,False,,1,3,True,A3_ONLY,True,1,1,3
323642a1,323642.a1,Zha16_no_2_tors,323642,False,False,False,,1,-3,True,A3_ONLY,True,7,7,-3
323771a1,323771.a3,Zha16_no_2_tors,323771,True,False,False,3,1;3;9,1,False,ISOGENY_ONLY,True,3,3,1
324085a1,324085.a1,Zha16_no_2_tors,324085,False,False,False,,1,3,True,A3_ONLY,True,1,1,3
324095a1,324095.a1,Zha16_no_2_tors,324095,False,False,False,,1,-3,True,A3_ONLY,True,7,7,-3
324434a1,324434.a2,Zha16_no_2_tors,324434,True,False,False,3,1;3,-2,False,ISOGENY_ONLY,True,6,6,-2
324445b1,324445.b1,Zha16_no_2_tors,324445,False,False,False,,1,3,True,A3_ONLY,True,1,1,3
324782a1,324782.a1,Zha16_no_2_tors,324782,False,False,False,,1,-3,True,A3_ONLY,True,7,7,-3
324938b1,324938.b2,Zha16_no_2_tors,324938,True,False,False,3,1;3,-2,False,ISOGENY_ONLY,True,6,6,-2
325154a1,325154.a1,Zha16_no_2_tors,325154,False,False,False,,1,3,True,A3_ONLY,True,1,1,3
325214a1,325214.a2,Zha16_no_2_tors,325214,True,False,False,3,1;3,1,False,ISOGENY_ONLY,True,3,3,1
325402d1,325402.d1,Zha16_no_2_tors,325402,True,False,False,3,1;3;9,-2,False,ISOGENY_ONLY,True,6,6,-2
325810c1,325810.c1,Zha16_no_2_tors,325810,False,False,False,,1,-3,True,A3_ONLY,True,7,7,-3
325838c1,325838.c2,Zha16_no_2_tors,325838,True,False,False,3,1;3,-2,False,ISOGENY_ONLY,True,6,6,-2
325955b1,325955.b1,Zha16_no_2_tors,325955,True,False,False,3,1;3,1,False,ISOGENY_ONLY,True,3,3,1
326054a1,326054.a1,Zha16_no_2_tors,326054,False,False,False,,1,3,True,A3_ONLY,True,1,1,3
326365c1,326365.c1,Zha16_no_2_tors,326365,False,False,False,,1,-3,True,A3_ONLY,True,7,7,-3
326402a1,326402.a2,Zha16_no_2_tors,326402,True,False,False,3,1;3,-2,False,ISOGENY_ONLY,True,6,6,-2
326462c1,326462.c1,Zha16_no_2_tors,326462,False,False,False,,1,3,True,A3_ONLY,True,1,1,3
326531a1,326531.a1,Zha16_no_2_tors,326531,False,False,False,,1,3,True,A3_ONLY,True,1,1,3
326590c1,326590.c2,Zha16_no_2_tors,326590,True,False,False,3,1;3,-2,False,ISOGENY_ONLY,True,6,6,-2
326806a1,326806.a1,Zha16_no_2_tors,326806,False,False,False,,1,3,True,A3_ONLY,True,1,1,3
326965b1,326965.b1,Zha16_no_2_tors,326965,False,False,False,,1,3,True,A3_ONLY,True,1,1,3
326978a1,326978.a1,Zha16_no_2_tors,326978,False,False,False,,1,-3,True,A3_ONLY,True,7,7,-3
327097d1,327097.d1,Zha16_no_2_tors,327097,False,False,False,,1,3,True,A3_ONLY,True,1,1,3
327107a1,327107.a1,Zha16_no_2_tors,327107,False,False,False,,1,-3,True,A3_ONLY,True,7,7,-3
327238d1,327238.d1,Zha16_no_2_tors,327238,False,False,False,,1,3,True,A3_ONLY,True,1,1,3
327358a1,327358.a1,Zha16_no_2_tors,327358,False,False,False,,1,-3,True,A3_ONLY,True,7,7,-3
327631b1,327631.b1,Zha16_no_2_tors,327631,False,False,False,,1,3,True,A3_ONLY,True,1,1,3
327635e1,327635.e1,Zha16_no_2_tors,327635,False,False,False,,1,-3,True,A3_ONLY,True,7,7,-3
327746c1,327746.c1,Zha16_no_2_tors,327746,False,False,False,,1,-3,True,A3_ONLY,True,7,7,-3
327866b1,327866.b1,Zha16_no_2_tors,327866,False,True,False,5,1;5,-1,False,ISOGENY_ONLY,True,5,5,-1
328486f1,328486.f1,Zha16_no_2_tors,328486,False,False,False,,1,3,True,A3_ONLY,True,1,1,3
328547c1,328547.c1,Zha16_no_2_tors,328547,False,False,False,,1,-3,True,A3_ONLY,True,7,7,-3
329794c1,329794.c1,Zha16_no_2_tors,329794,False,False,False,,1,3,True,A3_ONLY,True,1,1,3
329987d1,329987.d1,Zha16_no_2_tors,329987,False,False,False,,1,-3,True,A3_ONLY,True,7,7,-3
330299c1,330299.c1,Zha16_no_2_tors,330299,False,False,False,,1,-3,True,A3_ONLY,True,7,7,-3
330434e1,330434.e1,Zha16_no_2_tors,330434,True,False,False,3,1;3,1,False,ISOGENY_ONLY,True,3,3,1
330638a1,330638.a1,Zha16_no_2_tors,330638,False,False,False,,1,-3,True,A3_ONLY,True,7,7,-3
330638d1,330638.d2,Zha16_no_2_tors,330638,True,False,False,3,1;3,1,False,ISOGENY_ONLY,True,3,3,1
330638h1,330638.h1,Zha16_no_2_tors,330638,False,False,False,,1,3,True,A3_ONLY,True,1,1,3
330638m1,330638.m1,Zha16_no_2_tors,330638,True,False,False,3,1;3,1,False,ISOGENY_ONLY,True,3,3,1
330682b1,330682.b2,Zha16_no_2_tors,330682,True,False,False,3,1;3,1,False,ISOGENY_ONLY,True,3,3,1
330803c1,330803.c1,Zha16_no_2_tors,330803,False,False,False,,1,-3,True,A3_ONLY,True,7,7,-3
330806a1,330806.a1,Zha16_no_2_tors,330806,False,False,False,,1,-3,True,A3_ONLY,True,7,7,-3
330890d1,330890.d1,Zha16_no_2_tors,330890,False,False,False,,1,3,True,A3_ONLY,True,1,1,3
330986b1,330986.b1,Zha16_no_2_tors,330986,False,False,False,,1,3,True,A3_ONLY,True,1,1,3
331058f1,331058.f1,Zha16_no_2_tors,331058,False,False,False,,1,3,True,A3_ONLY,True,1,1,3
331117a1,331117.a1,Zha16_no_2_tors,331117,False,False,False,,1,-3,True,A3_ONLY,True,7,7,-3
331246a1,331246.a1,Zha16_no_2_tors,331246,False,False,False,,1,-3,True,A3_ONLY,True,7,7,-3
331310k1,331310.k1,Zha16_no_2_tors,331310,False,False,False,,1,3,True,A3_ONLY,True,1,1,3
331453a1,331453.a1,Zha16_no_2_tors,331453,False,False,False,,1,-3,True,A3_ONLY,True,7,7,-3
331630a1,331630.a1,Zha16_no_2_tors,331630,False,False,False,,1,-3,True,A3_ONLY,True,7,7,-3
331669a1,331669.a1,Zha16_no_2_tors,331669,False,False,False,,1,3,True,A3_ONLY,True,1,1,3
331835d1,331835.d1,Zha16_no_2_tors,331835,False,False,False,,1,-3,True,A3_ONLY,True,7,7,-3
331870a1,331870.a1,Zha16_no_2_tors,331870,False,False,False,,1,-3,True,A3_ONLY,True,7,7,-3
332018a1,332018.a1,Zha16_no_2_tors,332018,False,False,False,,1,-3,True,A3_ONLY,True,7,7,-3
332066k1,332066.k1,Zha16_no_2_tors,332066,False,False,False,,1,3,True,A3_ONLY,True,1,1,3
332606b1,332606.b1,Zha16_no_2_tors,332606,False,False,False,,1,-3,True,A3_ONLY,True,7,7,-3
332630e1,332630.e1,Zha16_no_2_tors,332630,True,False,False,3,1;3,1,False,ISOGENY_ONLY,True,3,3,1
332630k1,332630.k2,Zha16_no_2_tors,332630,True,False,False,3,1;3,1,False,ISOGENY_ONLY,True,3,3,1
332642c1,332642.c2,Zha16_no_2_tors,332642,True,False,False,3,1;3,-2,False,ISOGENY_ONLY,True,6,6,-2
332969a1,332969.a1,Zha16_no_2_tors,332969,False,False,False,,1,3,True,A3_ONLY,True,1,1,3
332990h1,332990.h1,Zha16_no_2_tors,332990,True,False,False,3,1;3,1,False,ISOGENY_ONLY,True,3,3,1
333146c1,333146.c2,Zha16_no_2_tors,333146,True,False,False,3,1;3,1,False,ISOGENY_ONLY,True,3,3,1
333182e1,333182.e1,Zha16_no_2_tors,333182,True,False,False,3,1;3;9,1,False,ISOGENY_ONLY,True,3,3,1
333230b1,333230.b1,Zha16_no_2_tors,333230,False,False,False,,1,3,True,A3_ONLY,True,1,1,3
333371a1,333371.a2,Zha16_no_2_tors,333371,True,False,False,3,1;3,1,False,ISOGENY_ONLY,True,3,3,1
333610a1,333610.a1,Zha16_no_2_tors,333610,False,False,False,,1,-3,True,A3_ONLY,True,7,7,-3
333995a1,333995.a2,Zha16_no_2_tors,333995,True,False,False,3,1;3,1,False,ISOGENY_ONLY,True,3,3,1
334115a1,334115.a1,Zha16_no_2_tors,334115,False,False,False,,1,-3,True,A3_ONLY,True,7,7,-3
334222b1,334222.b1,Zha16_no_2_tors,334222,False,False,False,,1,3,True,A3_ONLY,True,1,1,3
334478b1,334478.b1,Zha16_no_2_tors,334478,True,False,False,3,1;3,1,False,ISOGENY_ONLY,True,3,3,1
335030b1,335030.b1,Zha16_no_2_tors,335030,False,False,False,,1,3,True,A3_ONLY,True,1,1,3
335110c1,335110.c1,Zha16_no_2_tors,335110,True,False,False,3,1;3,-2,False,ISOGENY_ONLY,True,6,6,-2
335413a1,335413.a1,Zha16_no_2_tors,335413,False,False,False,,1,3,True,A3_ONLY,True,1,1,3
335422a1,335422.a1,Zha16_no_2_tors,335422,False,False,False,,1,3,True,A3_ONLY,True,1,1,3
335447a1,335447.a1,Zha16_no_2_tors,335447,False,False,False,,1,-3,True,A3_ONLY,True,7,7,-3
335513a1,335513.a1,Zha16_no_2_tors,335513,False,False,False,,1,-3,True,A3_ONLY,True,7,7,-3
335657a1,335657.a1,Zha16_no_2_tors,335657,False,False,False,,1,-3,True,A3_ONLY,True,7,7,-3
335938c1,335938.c1,Zha16_no_2_tors,335938,False,False,False,,1,3,True,A3_ONLY,True,1,1,3
336154e1,336154.e2,Zha16_no_2_tors,336154,True,False,False,3,1;3,1,False,ISOGENY_ONLY,True,3,3,1
336514c1,336514.c1,Zha16_no_2_tors,336514,False,False,False,,1,3,True,A3_ONLY,True,1,1,3
336673c1,336673.c1,Zha16_no_2_tors,336673,False,False,False,,1,3,True,A3_ONLY,True,1,1,3
336709a1,336709.a1,Zha16_no_2_tors,336709,False,False,False,,1,3,True,A3_ONLY,True,1,1,3
336971a1,336971.a1,Zha16_no_2_tors,336971,False,False,False,,1,-3,True,A3_ONLY,True,7,7,-3
336995a1,336995.a1,Zha16_no_2_tors,336995,False,False,False,,1,-3,True,A3_ONLY,True,7,7,-3
337141a1,337141.a1,Zha16_no_2_tors,337141,False,False,False,,1,3,True,A3_ONLY,True,1,1,3
337430a1,337430.a1,Zha16_no_2_tors,337430,False,False,False,,1,3,True,A3_ONLY,True,1,1,3
337441a1,337441.a1,Zha16_no_2_tors,337441,False,False,False,,1,3,True,A3_ONLY,True,1,1,3
337514d1,337514.d1,Zha16_no_2_tors,337514,False,True,False,5,1;5,-1,False,ISOGENY_ONLY,True,5,5,-1
337573c1,337573.c1,Zha16_no_2_tors,337573,False,False,False,,1,3,True,A3_ONLY,True,1,1,3
337811a1,337811.a2,Zha16_no_2_tors,337811,True,False,False,3,1;3,1,False,ISOGENY_ONLY,True,3,3,1
337870a1,337870.a1,Zha16_no_2_tors,337870,False,False,False,,1,-3,True,A3_ONLY,True,7,7,-3
337922a1,337922.a1,Zha16_no_2_tors,337922,False,False,False,,1,-3,True,A3_ONLY,True,7,7,-3
338011a1,338011.a1,Zha16_no_2_tors,338011,False,False,False,,1,-3,True,A3_ONLY,True,7,7,-3
338470c1,338470.c2,Zha16_no_2_tors,338470,True,False,False,3,1;3,1,False,ISOGENY_ONLY,True,3,3,1
338509e1,338509.e1,Zha16_no_2_tors,338509,False,False,False,,1,-3,True,A3_ONLY,True,7,7,-3
338662a1,338662.a1,Zha16_no_2_tors,338662,False,False,False,,1,3,True,A3_ONLY,True,1,1,3
338945a1,338945.a1,Zha16_no_2_tors,338945,False,False,False,,1,-3,True,A3_ONLY,True,7,7,-3
339226a1,339226.a1,Zha16_no_2_tors,339226,True,False,False,3,1;3,-2,False,ISOGENY_ONLY,True,6,6,-2
339569b1,339569.b1,Zha16_no_2_tors,339569,False,False,False,,1,3,True,A3_ONLY,True,1,1,3
339598a1,339598.a1,Zha16_no_2_tors,339598,False,False,False,,1,-3,True,A3_ONLY,True,7,7,-3
339878a1,339878.a1,Zha16_no_2_tors,339878,False,False,False,,1,-3,True,A3_ONLY,True,7,7,-3
339890a1,339890.a2,Zha16_no_2_tors,339890,True,False,False,3,1;3,-2,False,ISOGENY_ONLY,True,6,6,-2
340270f1,340270.f1,Zha16_no_2_tors,340270,False,False,False,,1,-3,True,A3_ONLY,True,7,7,-3
340390e1,340390.e1,Zha16_no_2_tors,340390,False,False,False,,1,3,True,A3_ONLY,True,1,1,3
340562b1,340562.b1,Zha16_no_2_tors,340562,False,False,False,,1,3,True,A3_ONLY,True,1,1,3
340667d1,340667.d1,Zha16_no_2_tors,340667,False,False,False,,1,3,True,A3_ONLY,True,1,1,3
341110l1,341110.l1,Zha16_no_2_tors,341110,True,False,False,3,1;3,-2,False,ISOGENY_ONLY,True,6,6,-2
341297a1,341297.a1,Zha16_no_2_tors,341297,False,False,False,,1,3,True,A3_ONLY,True,1,1,3
341297b1,341297.b1,Zha16_no_2_tors,341297,False,False,False,,1,3,True,A3_ONLY,True,1,1,3
341558b1,341558.b1,Zha16_no_2_tors,341558,False,False,False,,1,3,True,A3_ONLY,True,1,1,3
341642a1,341642.a1,Zha16_no_2_tors,341642,False,False,False,,1,-3,True,A3_ONLY,True,7,7,-3
341822c1,341822.c1,Zha16_no_2_tors,341822,False,False,False,,1,-3,True,A3_ONLY,True,7,7,-3
342146a1,342146.a1,Zha16_no_2_tors,342146,False,False,False,,1,3,True,A3_ONLY,True,1,1,3
342470b1,342470.b1,Zha16_no_2_tors,342470,False,False,False,,1,3,True,A3_ONLY,True,1,1,3
342566a1,342566.a1,Zha16_no_2_tors,342566,False,False,False,,1,-3,True,A3_ONLY,True,7,7,-3
342586a1,342586.a1,Zha16_no_2_tors,342586,False,False,False,,1,3,True,A3_ONLY,True,1,1,3
342830a1,342830.a1,Zha16_no_2_tors,342830,False,False,False,,1,-3,True,A3_ONLY,True,7,7,-3
343027e1,343027.e1,Zha16_no_2_tors,343027,True,False,False,3,1;3;9,-2,False,ISOGENY_ONLY,True,6,6,-2
343154a1,343154.a2,Zha16_no_2_tors,343154,True,False,False,3,1;3,-2,False,ISOGENY_ONLY,True,6,6,-2
343214b1,343214.b1,Zha16_no_2_tors,343214,False,False,False,,1,3,True,A3_ONLY,True,1,1,3
343286a1,343286.a1,Zha16_no_2_tors,343286,False,False,False,,1,-3,True,A3_ONLY,True,7,7,-3
343370b1,343370.b2,Zha16_no_2_tors,343370,True,False,False,3,1;3,-2,False,ISOGENY_ONLY,True,6,6,-2
343691c1,343691.c1,Zha16_no_2_tors,343691,True,False,False,3,1;3,1,False,ISOGENY_ONLY,True,3,3,1
343859a1,343859.a2,Zha16_no_2_tors,343859,True,False,False,3,1;3,1,False,ISOGENY_ONLY,True,3,3,1
343978g1,343978.g1,Zha16_no_2_tors,343978,False,False,False,,1,3,True,A3_ONLY,True,1,1,3
344002b1,344002.b1,Zha16_no_2_tors,344002,False,False,False,,1,3,True,A3_ONLY,True,1,1,3
344030a1,344030.a1,Zha16_no_2_tors,344030,False,False,False,,1,3,True,A3_ONLY,True,1,1,3
344123a1,344123.a1,Zha16_no_2_tors,344123,False,False,False,,1,3,True,A3_ONLY,True,1,1,3
344195a1,344195.a1,Zha16_no_2_tors,344195,True,False,False,3,1;3,1,False,ISOGENY_ONLY,True,3,3,1
344266a1,344266.a1,Zha16_no_2_tors,344266,False,False,False,,1,3,True,A3_ONLY,True,1,1,3
344659c1,344659.c1,Zha16_no_2_tors,344659,False,False,False,,1,-3,True,A3_ONLY,True,7,7,-3
344699a1,344699.a1,Zha16_no_2_tors,344699,False,False,False,,1,3,True,A3_ONLY,True,1,1,3
344998c1,344998.c1,Zha16_no_2_tors,344998,False,False,False,,1,3,True,A3_ONLY,True,1,1,3
345230b1,345230.b2,Zha16_no_2_tors,345230,True,False,False,3,1;3,-2,False,ISOGENY_ONLY,True,6,6,-2
345299a1,345299.a1,Zha16_no_2_tors,345299,False,False,False,,1,3,True,A3_ONLY,True,1,1,3
345419b1,345419.b1,Zha16_no_2_tors,345419,False,False,False,,1,3,True,A3_ONLY,True,1,1,3
345590c1,345590.c1,Zha16_no_2_tors,345590,False,False,False,,1,-3,True,A3_ONLY,True,7,7,-3
345590n1,345590.n1,Zha16_no_2_tors,345590,False,False,False,,1,-3,True,A3_ONLY,True,7,7,-3
346486b1,346486.b1,Zha16_no_2_tors,346486,False,False,False,,1,3,True,A3_ONLY,True,1,1,3
346731e1,346731.e2,Zha16_no_2_tors,346731,False,True,False,5,1;5,1,False,ISOGENY_ONLY,False,3,2,-
346922a1,346922.a1,Zha16_no_2_tors,346922,False,False,False,,1,-3,True,A3_ONLY,True,7,7,-3
346955b1,346955.b1,Zha16_no_2_tors,346955,False,False,False,,1,3,True,A3_ONLY,True,1,1,3
347326b1,347326.b1,Zha16_no_2_tors,347326,False,False,False,,1,3,True,A3_ONLY,True,1,1,3
347630a1,347630.a1,Zha16_no_2_tors,347630,False,False,False,,1,-3,True,A3_ONLY,True,7,7,-3
347930a1,347930.a1,Zha16_no_2_tors,347930,False,False,False,,1,-3,True,A3_ONLY,True,7,7,-3
348110b1,348110.b2,Zha16_no_2_tors,348110,True,False,False,3,1;3,-2,False,ISOGENY_ONLY,True,6,6,-2
348157b1,348157.b2,Zha16_no_2_tors,348157,True,False,False,3,1;3,1,False,ISOGENY_ONLY,True,3,3,1
348274d1,348274.d1,Zha16_no_2_tors,348274,False,False,False,,1,3,True,A3_ONLY,True,1,1,3
348301b1,348301.b1,Zha16_no_2_tors,348301,False,False,False,,1,-3,True,A3_ONLY,True,7,7,-3
348370f1,348370.f1,Zha16_no_2_tors,348370,False,False,False,,1,3,True,A3_ONLY,True,1,1,3
348418d1,348418.d1,Zha16_no_2_tors,348418,False,False,False,,1,3,True,A3_ONLY,True,1,1,3
348502b1,348502.b1,Zha16_no_2_tors,348502,False,False,False,,1,-3,True,A3_ONLY,True,7,7,-3
348502l1,348502.l1,Zha16_no_2_tors,348502,False,False,False,,1,3,True,A3_ONLY,True,1,1,3
348535b1,348535.b1,Zha16_no_2_tors,348535,False,False,False,,1,-3,True,A3_ONLY,True,7,7,-3
348986a1,348986.a1,Zha16_no_2_tors,348986,False,False,False,,1,3,True,A3_ONLY,True,1,1,3
349195a1,349195.a2,Zha16_no_2_tors,349195,True,False,False,3,1;3,-2,False,ISOGENY_ONLY,True,6,6,-2
349622a1,349622.a1,Zha16_no_2_tors,349622,False,False,False,,1,-3,True,A3_ONLY,True,7,7,-3
349706a1,349706.a1,Zha16_no_2_tors,349706,False,False,False,,1,-3,True,A3_ONLY,True,7,7,-3
349918c1,349918.c1,Zha16_no_2_tors,349918,False,False,False,,1,3,True,A3_ONLY,True,1,1,3
349982a1,349982.a1,Zha16_no_2_tors,349982,False,False,False,,1,-3,True,A3_ONLY,True,7,7,-3
350051a1,350051.a1,Zha16_no_2_tors,350051,False,False,False,,1,3,True,A3_ONLY,True,1,1,3
350366b1,350366.b1,Zha16_no_2_tors,350366,False,False,False,,1,3,True,A3_ONLY,True,1,1,3
350402a1,350402.a1,Zha16_no_2_tors,350402,False,False,False,,1,3,True,A3_ONLY,True,1,1,3
350426a1,350426.a2,Zha16_no_2_tors,350426,True,False,False,3,1;3,-2,False,ISOGENY_ONLY,True,6,6,-2
351206a1,351206.a1,Zha16_no_2_tors,351206,False,False,False,,1,-3,True,A3_ONLY,True,7,7,-3
351395a1,351395.a1,Zha16_no_2_tors,351395,False,False,False,,1,-3,True,A3_ONLY,True,7,7,-3
351554b1,351554.b1,Zha16_no_2_tors,351554,False,False,False,,1,3,True,A3_ONLY,True,1,1,3
352351b1,352351.b1,Zha16_no_2_tors,352351,False,False,False,,1,3,True,A3_ONLY,True,1,1,3
352454a1,352454.a1,Zha16_no_2_tors,352454,False,False,False,,1,-3,True,A3_ONLY,True,7,7,-3
352510a1,352510.a1,Zha16_no_2_tors,352510,False,False,False,,1,3,True,A3_ONLY,True,1,1,3
352513a1,352513.a1,Zha16_no_2_tors,352513,False,False,False,,1,-3,True,A3_ONLY,True,7,7,-3
353030i1,353030.i1,Zha16_no_2_tors,353030,False,False,False,,1,3,True,A3_ONLY,True,1,1,3
353086a1,353086.a1,Zha16_no_2_tors,353086,False,False,False,,1,-3,True,A3_ONLY,True,7,7,-3
353231a1,353231.a1,Zha16_no_2_tors,353231,False,False,False,,1,3,True,A3_ONLY,True,1,1,3
353242b1,353242.b2,Zha16_no_2_tors,353242,True,False,False,3,1;3,-2,False,ISOGENY_ONLY,True,6,6,-2
353258a1,353258.a1,Zha16_no_2_tors,353258,False,False,False,,1,-3,True,A3_ONLY,True,7,7,-3
353366a1,353366.a1,Zha16_no_2_tors,353366,False,False,False,,1,3,True,A3_ONLY,True,1,1,3
353555a1,353555.a1,Zha16_no_2_tors,353555,False,False,False,,1,-3,True,A3_ONLY,True,7,7,-3
353758a1,353758.a2,Zha16_no_2_tors,353758,True,False,False,3,1;3,1,False,ISOGENY_ONLY,True,3,3,1
353830c1,353830.c1,Zha16_no_2_tors,353830,False,False,False,,1,3,True,A3_ONLY,True,1,1,3
353945a1,353945.a1,Zha16_no_2_tors,353945,False,False,False,,1,-3,True,A3_ONLY,True,7,7,-3
353990l1,353990.l2,Zha16_no_2_tors,353990,True,False,False,3,1;3,-2,False,ISOGENY_ONLY,True,6,6,-2
354034a1,354034.a1,Zha16_no_2_tors,354034,True,False,False,3,1;3,-2,False,ISOGENY_ONLY,True,6,6,-2
354133b1,354133.b1,Zha16_no_2_tors,354133,False,False,False,,1,3,True,A3_ONLY,True,1,1,3
354277d1,354277.d1,Zha16_no_2_tors,354277,False,False,False,,1,-3,True,A3_ONLY,True,7,7,-3
355094a1,355094.a1,Zha16_no_2_tors,355094,False,False,False,,1,3,True,A3_ONLY,True,1,1,3
355154a1,355154.a2,Zha16_no_2_tors,355154,True,False,False,3,1;3,-2,False,ISOGENY_ONLY,True,6,6,-2
355426a1,355426.a2,Zha16_no_2_tors,355426,True,False,False,3,1;3,-2,False,ISOGENY_ONLY,True,6,6,-2
355510b1,355510.b2,Zha16_no_2_tors,355510,True,False,False,3,1;3,-2,False,ISOGENY_ONLY,True,6,6,-2
355606c1,355606.c1,Zha16_no_2_tors,355606,False,False,False,,1,3,True,A3_ONLY,True,1,1,3
355754a1,355754.a1,Zha16_no_2_tors,355754,False,False,False,,1,-3,True,A3_ONLY,True,7,7,-3
355762b1,355762.b1,Zha16_no_2_tors,355762,False,False,False,,1,-3,True,A3_ONLY,True,7,7,-3
356035b1,356035.b1,Zha16_no_2_tors,356035,True,False,False,3,1;3,-2,False,ISOGENY_ONLY,True,6,6,-2
356066a1,356066.a1,Zha16_no_2_tors,356066,False,False,False,,1,-3,True,A3_ONLY,True,7,7,-3
356317a1,356317.a1,Zha16_no_2_tors,356317,False,False,False,,1,3,True,A3_ONLY,True,1,1,3
356510y1,356510.y1,Zha16_no_2_tors,356510,False,False,False,,1,3,True,A3_ONLY,True,1,1,3
356585b1,356585.b1,Zha16_no_2_tors,356585,False,False,False,,1,3,True,A3_ONLY,True,1,1,3
356618c1,356618.c2,Zha16_no_2_tors,356618,True,False,False,3,1;3,1,False,ISOGENY_ONLY,True,3,3,1
357011c1,357011.c1,Zha16_no_2_tors,357011,False,False,False,,1,3,True,A3_ONLY,True,1,1,3
357299a1,357299.a2,Zha16_no_2_tors,357299,True,False,False,3,1;3,1,False,ISOGENY_ONLY,True,3,3,1
357371e1,357371.e1,Zha16_no_2_tors,357371,False,False,False,,1,3,True,A3_ONLY,True,1,1,3
357826b1,357826.b2,Zha16_no_2_tors,357826,True,False,False,3,1;3,1,False,ISOGENY_ONLY,True,3,3,1
357866a1,357866.a1,Zha16_no_2_tors,357866,False,False,False,,1,-3,True,A3_ONLY,True,7,7,-3
357938a1,357938.a1,Zha16_no_2_tors,357938,True,False,False,3,1;3;9,1,False,ISOGENY_ONLY,True,3,3,1
357995c1,357995.c1,Zha16_no_2_tors,357995,True,False,False,3,1;3,1,False,ISOGENY_ONLY,True,3,3,1
358130e1,358130.e1,Zha16_no_2_tors,358130,False,False,False,,1,3,True,A3_ONLY,True,1,1,3
358234b1,358234.b1,Zha16_no_2_tors,358234,False,False,False,,1,3,True,A3_ONLY,True,1,1,3
358466a1,358466.a1,Zha16_no_2_tors,358466,False,False,False,,1,-3,True,A3_ONLY,True,7,7,-3
358514a1,358514.a1,Zha16_no_2_tors,358514,False,False,False,,1,-3,True,A3_ONLY,True,7,7,-3
358577a1,358577.a1,Zha16_no_2_tors,358577,False,False,False,,1,-3,True,A3_ONLY,True,7,7,-3
358658a1,358658.a1,Zha16_no_2_tors,358658,True,False,False,3,1;3,1,False,ISOGENY_ONLY,True,3,3,1
358883b1,358883.b1,Zha16_no_2_tors,358883,False,False,False,,1,-3,True,A3_ONLY,True,7,7,-3
359326d1,359326.d1,Zha16_no_2_tors,359326,False,False,False,,1,3,True,A3_ONLY,True,1,1,3
359387a1,359387.a1,Zha16_no_2_tors,359387,False,False,False,,1,3,True,A3_ONLY,True,1,1,3
359714c1,359714.c2,Zha16_no_2_tors,359714,True,False,False,3,1;3,-2,False,ISOGENY_ONLY,True,6,6,-2
359795a1,359795.a1,Zha16_no_2_tors,359795,False,False,False,,1,3,True,A3_ONLY,True,1,1,3
359813a1,359813.a2,Zha16_no_2_tors,359813,True,False,False,3,1;3,-2,False,ISOGENY_ONLY,True,6,6,-2
359855a1,359855.a1,Zha16_no_2_tors,359855,False,False,False,,1,-3,True,A3_ONLY,True,7,7,-3
359855b1,359855.b1,Zha16_no_2_tors,359855,False,False,False,,1,3,True,A3_ONLY,True,1,1,3
359986b1,359986.b1,Zha16_no_2_tors,359986,True,False,False,3,1;3,-2,False,ISOGENY_ONLY,True,6,6,-2
360022b1,360022.b2,Zha16_no_2_tors,360022,True,False,False,3,1;3,-2,False,ISOGENY_ONLY,True,6,6,-2
360314b1,360314.b2,Zha16_no_2_tors,360314,True,False,False,3,1;3,1,False,ISOGENY_ONLY,True,3,3,1
360349b1,360349.b1,Zha16_no_2_tors,360349,False,False,False,,1,-3,True,A3_ONLY,True,7,7,-3
360398b1,360398.b1,Zha16_no_2_tors,360398,True,False,False,3,1;3;9,1,False,ISOGENY_ONLY,True,3,3,1
360578a1,360578.a1,Zha16_no_2_tors,360578,False,False,False,,1,3,True,A3_ONLY,True,1,1,3
360854c1,360854.c2,Zha16_no_2_tors,360854,True,False,False,3,1;3,1,False,ISOGENY_ONLY,True,3,3,1
361214a1,361214.a1,Zha16_no_2_tors,361214,False,False,False,,1,-3,True,A3_ONLY,True,7,7,-3
361369b1,361369.b1,Zha16_no_2_tors,361369,False,False,False,,1,3,True,A3_ONLY,True,1,1,3
361369c1,361369.c1,Zha16_no_2_tors,361369,False,False,False,,1,3,True,A3_ONLY,True,1,1,3
361690b1,361690.b1,Zha16_no_2_tors,361690,True,False,False,3,1;3;9,-2,False,ISOGENY_ONLY,True,6,6,-2
361802b1,361802.b2,Zha16_no_2_tors,361802,True,False,False,3,1;3,1,False,ISOGENY_ONLY,True,3,3,1
361966b1,361966.b1,Zha16_no_2_tors,361966,False,False,False,,1,3,True,A3_ONLY,True,1,1,3
362030b1,362030.b1,Zha16_no_2_tors,362030,False,False,False,,1,3,True,A3_ONLY,True,1,1,3
362270c1,362270.c1,Zha16_no_2_tors,362270,False,False,False,,1,3,True,A3_ONLY,True,1,1,3
362411a1,362411.a1,Zha16_no_2_tors,362411,False,True,False,5,1;5,-1,False,ISOGENY_ONLY,True,5,5,-1
362594a1,362594.a1,Zha16_no_2_tors,362594,False,False,False,,1,-3,True,A3_ONLY,True,7,7,-3
362654a1,362654.a2,Zha16_no_2_tors,362654,True,False,False,3,1;3,-2,False,ISOGENY_ONLY,True,6,6,-2
362986a1,362986.a2,Zha16_no_2_tors,362986,True,False,False,3,1;3,-2,False,ISOGENY_ONLY,True,6,6,-2
363011a1,363011.a2,Zha16_no_2_tors,363011,True,False,False,3,1;3,1,False,ISOGENY_ONLY,True,3,3,1
363070a1,363070.a1,Zha16_no_2_tors,363070,False,False,False,,1,-3,True,A3_ONLY,True,7,7,-3
363290b1,363290.b1,Zha16_no_2_tors,363290,True,False,False,3,1;3,1,False,ISOGENY_ONLY,True,3,3,1
363370n1,363370.n1,Zha16_no_2_tors,363370,True,False,False,3,1;3,-2,False,ISOGENY_ONLY,True,6,6,-2
363467a1,363467.a1,Zha16_no_2_tors,363467,False,False,False,,1,-3,True,A3_ONLY,True,7,7,-3
363662a1,363662.a1,Zha16_no_2_tors,363662,False,False,False,,1,-3,True,A3_ONLY,True,7,7,-3
363686c1,363686.c1,Zha16_no_2_tors,363686,True,False,False,3,1;3,1,False,ISOGENY_ONLY,True,3,3,1
363715c1,363715.c1,Zha16_no_2_tors,363715,True,False,False,3,1;3,-2,False,ISOGENY_ONLY,True,6,6,-2
364126d1,364126.d2,Zha16_no_2_tors,364126,True,False,False,3,1;3,1,False,ISOGENY_ONLY,True,3,3,1
364202a1,364202.a1,Zha16_no_2_tors,364202,False,False,False,,1,3,True,A3_ONLY,True,1,1,3
364394a1,364394.a2,Zha16_no_2_tors,364394,True,False,False,3,1;3,-2,False,ISOGENY_ONLY,True,6,6,-2
364435b1,364435.b1,Zha16_no_2_tors,364435,True,False,False,3,1;3,-2,False,ISOGENY_ONLY,True,6,6,-2
364562b1,364562.b1,Zha16_no_2_tors,364562,False,False,False,,1,3,True,A3_ONLY,True,1,1,3
364726a1,364726.a1,Zha16_no_2_tors,364726,False,False,False,,1,-3,True,A3_ONLY,True,7,7,-3
365118s1,365118.s2,Zha16_no_2_tors,365118,False,True,False,5,1;5,1,False,ISOGENY_ONLY,False,3,2,-
365135a1,365135.a1,Zha16_no_2_tors,365135,False,False,False,,1,-3,True,A3_ONLY,True,7,7,-3
365237a1,365237.a1,Zha16_no_2_tors,365237,False,False,False,,1,-3,True,A3_ONLY,True,7,7,-3
365258a1,365258.a1,Zha16_no_2_tors,365258,False,False,False,,1,-3,True,A3_ONLY,True,7,7,-3
365330i1,365330.i1,Zha16_no_2_tors,365330,False,False,False,,1,3,True,A3_ONLY,True,1,1,3
365365k1,365365.k1,Zha16_no_2_tors,365365,False,False,False,,1,-3,True,A3_ONLY,True,7,7,-3
365410c1,365410.c1,Zha16_no_2_tors,365410,True,False,False,3,1;3,-2,False,ISOGENY_ONLY,True,6,6,-2
365510c1,365510.c1,Zha16_no_2_tors,365510,False,False,False,,1,3,True,A3_ONLY,True,1,1,3
365755b1,365755.b2,Zha16_no_2_tors,365755,True,False,False,3,1;3;9,-2,False,ISOGENY_ONLY,True,6,6,-2
365870a1,365870.a1,Zha16_no_2_tors,365870,False,False,False,,1,-3,True,A3_ONLY,True,7,7,-3
366014b1,366014.b1,Zha16_no_2_tors,366014,False,False,False,,1,3,True,A3_ONLY,True,1,1,3
366155a1,366155.a1,Zha16_no_2_tors,366155,False,False,False,,1,3,True,A3_ONLY,True,1,1,3
366278b1,366278.b1,Zha16_no_2_tors,366278,False,False,False,,1,3,True,A3_ONLY,True,1,1,3
366302a1,366302.a1,Zha16_no_2_tors,366302,False,False,False,,1,3,True,A3_ONLY,True,1,1,3
366371a1,366371.a1,Zha16_no_2_tors,366371,False,False,False,,1,3,True,A3_ONLY,True,1,1,3
366598b1,366598.b1,Zha16_no_2_tors,366598,False,False,False,,1,3,True,A3_ONLY,True,1,1,3
367094f1,367094.f1,Zha16_no_2_tors,367094,False,False,False,,1,3,True,A3_ONLY,True,1,1,3
367286b1,367286.b1,Zha16_no_2_tors,367286,True,False,False,3,1;3,1,False,ISOGENY_ONLY,True,3,3,1
367754a1,367754.a1,Zha16_no_2_tors,367754,False,False,False,,1,3,True,A3_ONLY,True,1,1,3
367787b1,367787.b1,Zha16_no_2_tors,367787,False,False,False,,1,3,True,A3_ONLY,True,1,1,3
368074c1,368074.c2,Zha16_no_2_tors,368074,True,False,False,3,1;3,-2,False,ISOGENY_ONLY,True,6,6,-2
368561a1,368561.a1,Zha16_no_2_tors,368561,False,False,False,,1,-3,True,A3_ONLY,True,7,7,-3
368635a1,368635.a2,Zha16_no_2_tors,368635,True,False,False,3,1;3,-2,False,ISOGENY_ONLY,True,6,6,-2
368735b1,368735.b1,Zha16_no_2_tors,368735,False,False,False,,1,3,True,A3_ONLY,True,1,1,3
368990a1,368990.a1,Zha16_no_2_tors,368990,False,False,False,,1,3,True,A3_ONLY,True,1,1,3
369230b1,369230.b1,Zha16_no_2_tors,369230,False,False,False,,1,3,True,A3_ONLY,True,1,1,3
369397a1,369397.a1,Zha16_no_2_tors,369397,False,False,False,,1,3,True,A3_ONLY,True,1,1,3
369445a1,369445.a1,Zha16_no_2_tors,369445,False,False,False,,1,-3,True,A3_ONLY,True,7,7,-3
369763b1,369763.b2,Zha16_no_2_tors,369763,True,False,False,3,1;3,-2,False,ISOGENY_ONLY,True,6,6,-2
369815b1,369815.b1,Zha16_no_2_tors,369815,False,False,False,,1,3,True,A3_ONLY,True,1,1,3
370022a1,370022.a1,Zha16_no_2_tors,370022,False,False,False,,1,3,True,A3_ONLY,True,1,1,3
370070a1,370070.a1,Zha16_no_2_tors,370070,False,False,False,,1,-3,True,A3_ONLY,True,7,7,-3
370727a1,370727.a1,Zha16_no_2_tors,370727,False,False,False,,1,3,True,A3_ONLY,True,1,1,3
370810b1,370810.b1,Zha16_no_2_tors,370810,False,False,False,,1,3,True,A3_ONLY,True,1,1,3
370874c1,370874.c2,Zha16_no_2_tors,370874,True,False,False,3,1;3,-2,False,ISOGENY_ONLY,True,6,6,-2
371162b1,371162.b1,Zha16_no_2_tors,371162,False,False,False,,1,3,True,A3_ONLY,True,1,1,3
371195f1,371195.f1,Zha16_no_2_tors,371195,False,False,False,,1,-3,True,A3_ONLY,True,7,7,-3
371602i1,371602.i1,Zha16_no_2_tors,371602,False,False,False,,1,3,True,A3_ONLY,True,1,1,3
371602k1,371602.k2,Zha16_no_2_tors,371602,True,False,False,3,1;3,-2,False,ISOGENY_ONLY,True,6,6,-2
371786a1,371786.a1,Zha16_no_2_tors,371786,False,False,False,,1,3,True,A3_ONLY,True,1,1,3
371918a1,371918.a1,Zha16_no_2_tors,371918,False,False,False,,1,-3,True,A3_ONLY,True,7,7,-3
372071a1,372071.a1,Zha16_no_2_tors,372071,False,False,False,,1,3,True,A3_ONLY,True,1,1,3
372610d1,372610.d2,Zha16_no_2_tors,372610,True,False,False,3,1;3,1,False,ISOGENY_ONLY,True,3,3,1
372770a1,372770.a1,Zha16_no_2_tors,372770,False,False,False,,1,3,True,A3_ONLY,True,1,1,3
372851a1,372851.a1,Zha16_no_2_tors,372851,False,False,False,,1,-3,True,A3_ONLY,True,7,7,-3
372886d1,372886.d1,Zha16_no_2_tors,372886,False,False,False,,1,3,True,A3_ONLY,True,1,1,3
373054a1,373054.a1,Zha16_no_2_tors,373054,False,False,False,,1,-3,True,A3_ONLY,True,7,7,-3
373286a1,373286.a1,Zha16_no_2_tors,373286,False,False,False,,1,-3,True,A3_ONLY,True,7,7,-3
373354b1,373354.b1,Zha16_no_2_tors,373354,False,False,False,,1,3,True,A3_ONLY,True,1,1,3
373427a1,373427.a1,Zha16_no_2_tors,373427,False,False,False,,1,3,True,A3_ONLY,True,1,1,3
373510f1,373510.f1,Zha16_no_2_tors,373510,False,False,False,,1,3,True,A3_ONLY,True,1,1,3
373658b1,373658.b1,Zha16_no_2_tors,373658,True,False,False,3,1;3,1,False,ISOGENY_ONLY,True,3,3,1
373751b1,373751.b1,Zha16_no_2_tors,373751,False,False,False,,1,-3,True,A3_ONLY,True,7,7,-3
373795a1,373795.a1,Zha16_no_2_tors,373795,False,False,False,,1,3,True,A3_ONLY,True,1,1,3
373958a1,373958.a1,Zha16_no_2_tors,373958,False,False,False,,1,-3,True,A3_ONLY,True,7,7,-3
374021a1,374021.a1,Zha16_no_2_tors,374021,False,False,False,,1,-3,True,A3_ONLY,True,7,7,-3
374138a1,374138.a1,Zha16_no_2_tors,374138,False,False,False,,1,3,True,A3_ONLY,True,1,1,3
374315b1,374315.b1,Zha16_no_2_tors,374315,False,False,False,,1,3,True,A3_ONLY,True,1,1,3
374371a1,374371.a1,Zha16_no_2_tors,374371,False,False,False,,1,-3,True,A3_ONLY,True,7,7,-3
374462a1,374462.a1,Zha16_no_2_tors,374462,False,False,False,,1,-3,True,A3_ONLY,True,7,7,-3
374731e1,374731.e2,Zha16_no_2_tors,374731,True,False,False,3,1;3,-2,False,ISOGENY_ONLY,True,6,6,-2
374734a1,374734.a1,Zha16_no_2_tors,374734,False,False,False,,1,-3,True,A3_ONLY,True,7,7,-3
374869b1,374869.b1,Zha16_no_2_tors,374869,False,False,False,,1,3,True,A3_ONLY,True,1,1,3
374946bc1,374946.bc1,Zha16_no_2_tors,374946,False,True,False,5,1;5,1,False,ISOGENY_ONLY,False,3,2,-
375166b1,375166.b1,Zha16_no_2_tors,375166,False,False,False,,1,3,True,A3_ONLY,True,1,1,3
375445b1,375445.b1,Zha16_no_2_tors,375445,False,False,False,,1,3,True,A3_ONLY,True,1,1,3
375746a1,375746.a1,Zha16_no_2_tors,375746,False,False,False,,1,-3,True,A3_ONLY,True,7,7,-3
376066a1,376066.a1,Zha16_no_2_tors,376066,True,False,False,3,1;3,-2,False,ISOGENY_ONLY,True,6,6,-2
376163a1,376163.a1,Zha16_no_2_tors,376163,False,False,False,,1,-3,True,A3_ONLY,True,7,7,-3
376211a1,376211.a1,Zha16_no_2_tors,376211,False,False,False,,1,3,True,A3_ONLY,True,1,1,3
376670d1,376670.d1,Zha16_no_2_tors,376670,False,False,False,,1,3,True,A3_ONLY,True,1,1,3
376981c1,376981.c1,Zha16_no_2_tors,376981,False,False,False,,1,-3,True,A3_ONLY,True,7,7,-3
377009b1,377009.b1,Zha16_no_2_tors,377009,False,False,False,,1,3,True,A3_ONLY,True,1,1,3
377222a1,377222.a1,Zha16_no_2_tors,377222,False,False,False,,1,3,True,A3_ONLY,True,1,1,3
377266a1,377266.a1,Zha16_no_2_tors,377266,False,False,False,,1,3,True,A3_ONLY,True,1,1,3
377629a1,377629.a1,Zha16_no_2_tors,377629,False,False,False,,1,3,True,A3_ONLY,True,1,1,3
378233b1,378233.b1,Zha16_no_2_tors,378233,False,False,False,,1,3,True,A3_ONLY,True,1,1,3
378365b1,378365.b1,Zha16_no_2_tors,378365,False,False,False,,1,-3,True,A3_ONLY,True,7,7,-3
378994a1,378994.a1,Zha16_no_2_tors,378994,True,False,False,3,1;3,-2,False,ISOGENY_ONLY,True,6,6,-2
379118a1,379118.a1,Zha16_no_2_tors,379118,False,False,False,,1,-3,True,A3_ONLY,True,7,7,-3
379310e1,379310.e2,Zha16_no_2_tors,379310,True,False,False,3,1;3,1,False,ISOGENY_ONLY,True,3,3,1
379338f1,379338.f1,Zha16_no_2_tors,379338,False,True,False,5,1;5,1,False,ISOGENY_ONLY,False,3,2,-
379406a1,379406.a1,Zha16_no_2_tors,379406,False,False,False,,1,3,True,A3_ONLY,True,1,1,3
379546d1,379546.d1,Zha16_no_2_tors,379546,False,False,False,,1,3,True,A3_ONLY,True,1,1,3
379715e1,379715.e2,Zha16_no_2_tors,379715,True,False,False,3,1;3;9,1,False,ISOGENY_ONLY,True,3,3,1
379715g1,379715.g1,Zha16_no_2_tors,379715,False,False,False,,1,3,True,A3_ONLY,True,1,1,3
379753d1,379753.d1,Zha16_no_2_tors,379753,False,False,False,,1,-3,True,A3_ONLY,True,7,7,-3
379910c1,379910.c1,Zha16_no_2_tors,379910,False,False,False,,1,3,True,A3_ONLY,True,1,1,3
379943a1,379943.a1,Zha16_no_2_tors,379943,False,False,False,,1,-3,True,A3_ONLY,True,7,7,-3
379958a1,379958.a1,Zha16_no_2_tors,379958,False,False,False,,1,-3,True,A3_ONLY,True,7,7,-3
380315a1,380315.a1,Zha16_no_2_tors,380315,True,False,False,3,1;3,1,False,ISOGENY_ONLY,True,3,3,1
380378b1,380378.b1,Zha16_no_2_tors,380378,False,False,False,,1,3,True,A3_ONLY,True,1,1,3
380570b1,380570.b1,Zha16_no_2_tors,380570,False,False,False,,1,3,True,A3_ONLY,True,1,1,3
380653e1,380653.e1,Zha16_no_2_tors,380653,False,False,False,,1,-3,True,A3_ONLY,True,7,7,-3
380914i1,380914.i1,Zha16_no_2_tors,380914,False,False,False,,1,3,True,A3_ONLY,True,1,1,3
380987b1,380987.b1,Zha16_no_2_tors,380987,True,False,False,3,1;3,1,False,ISOGENY_ONLY,True,3,3,1
381203b1,381203.b1,Zha16_no_2_tors,381203,False,False,False,,1,3,True,A3_ONLY,True,1,1,3
381342j1,381342.j1,Zha16_no_2_tors,381342,False,True,False,5,1;5,1,False,ISOGENY_ONLY,False,3,2,-
381698a1,381698.a1,Zha16_no_2_tors,381698,False,False,False,,1,-3,True,A3_ONLY,True,7,7,-3
381830a1,381830.a2,Zha16_no_2_tors,381830,True,False,False,3,1;3,1,False,ISOGENY_ONLY,True,3,3,1
381922a1,381922.a1,Zha16_no_2_tors,381922,False,False,False,,1,-3,True,A3_ONLY,True,7,7,-3
382070a1,382070.a1,Zha16_no_2_tors,382070,False,False,False,,1,-3,True,A3_ONLY,True,7,7,-3
383026f1,383026.f1,Zha16_no_2_tors,383026,False,False,False,,1,3,True,A3_ONLY,True,1,1,3
383054a1,383054.a1,Zha16_no_2_tors,383054,False,False,False,,1,3,True,A3_ONLY,True,1,1,3
383110i1,383110.i1,Zha16_no_2_tors,383110,False,False,False,,1,3,True,A3_ONLY,True,1,1,3
383206c1,383206.c1,Zha16_no_2_tors,383206,True,False,False,3,1;3,-2,False,ISOGENY_ONLY,True,6,6,-2
383410b1,383410.b1,Zha16_no_2_tors,383410,False,False,False,,1,3,True,A3_ONLY,True,1,1,3
383509a1,383509.a1,Zha16_no_2_tors,383509,False,False,False,,1,3,True,A3_ONLY,True,1,1,3
383579b1,383579.b1,Zha16_no_2_tors,383579,False,False,False,,1,-3,True,A3_ONLY,True,7,7,-3
383762a1,383762.a1,Zha16_no_2_tors,383762,False,False,False,,1,-3,True,A3_ONLY,True,7,7,-3
383782g1,383782.g2,Zha16_no_2_tors,383782,True,False,False,3,1;3,-2,False,ISOGENY_ONLY,True,6,6,-2
383834a1,383834.a1,Zha16_no_2_tors,383834,False,False,False,,1,3,True,A3_ONLY,True,1,1,3
383990g1,383990.g1,Zha16_no_2_tors,383990,False,False,False,,1,3,True,A3_ONLY,True,1,1,3
384334c1,384334.c1,Zha16_no_2_tors,384334,True,False,False,3,1;3,-2,False,ISOGENY_ONLY,True,6,6,-2
384395a1,384395.a1,Zha16_no_2_tors,384395,False,False,False,,1,3,True,A3_ONLY,True,1,1,3
385226a1,385226.a1,Zha16_no_2_tors,385226,False,False,False,,1,-3,True,A3_ONLY,True,7,7,-3
385283b1,385283.b1,Zha16_no_2_tors,385283,True,False,False,3,1;3,1,False,ISOGENY_ONLY,True,3,3,1
386099b1,386099.b1,Zha16_no_2_tors,386099,False,False,False,,1,-3,True,A3_ONLY,True,7,7,-3
386123a1,386123.a1,Zha16_no_2_tors,386123,False,False,False,,1,3,True,A3_ONLY,True,1,1,3
386206a1,386206.a1,Zha16_no_2_tors,386206,False,False,False,,1,3,True,A3_ONLY,True,1,1,3
386254b1,386254.b2,Zha16_no_2_tors,386254,True,False,False,3,1;3,-2,False,ISOGENY_ONLY,True,6,6,-2
386558a1,386558.a2,Zha16_no_2_tors,386558,True,False,False,3,1;3,1,False,ISOGENY_ONLY,True,3,3,1
386635a1,386635.a2,Zha16_no_2_tors,386635,True,False,False,3,1;3,-2,False,ISOGENY_ONLY,True,6,6,-2
386657b1,386657.b1,Zha16_no_2_tors,386657,False,False,False,,1,-3,True,A3_ONLY,True,7,7,-3
387290a1,387290.a1,Zha16_no_2_tors,387290,False,False,False,,1,-3,True,A3_ONLY,True,7,7,-3
387299a1,387299.a1,Zha16_no_2_tors,387299,False,False,False,,1,3,True,A3_ONLY,True,1,1,3
387302a1,387302.a1,Zha16_no_2_tors,387302,False,False,False,,1,3,True,A3_ONLY,True,1,1,3
387310a1,387310.a1,Zha16_no_2_tors,387310,False,False,False,,1,-3,True,A3_ONLY,True,7,7,-3
387310n1,387310.n2,Zha16_no_2_tors,387310,True,False,False,3,1;3,1,False,ISOGENY_ONLY,True,3,3,1
387533a1,387533.a2,Zha16_no_2_tors,387533,True,False,False,3,1;3,-2,False,ISOGENY_ONLY,True,6,6,-2
387755a1,387755.a1,Zha16_no_2_tors,387755,False,False,False,,1,3,True,A3_ONLY,True,1,1,3
387827a1,387827.a1,Zha16_no_2_tors,387827,False,False,False,,1,3,True,A3_ONLY,True,1,1,3
387899a1,387899.a1,Zha16_no_2_tors,387899,False,False,False,,1,3,True,A3_ONLY,True,1,1,3
387901a1,387901.a1,Zha16_no_2_tors,387901,False,False,False,,1,3,True,A3_ONLY,True,1,1,3
387998a1,387998.a2,Zha16_no_2_tors,387998,True,False,False,3,1;3,-2,False,ISOGENY_ONLY,True,6,6,-2
388045d1,388045.d1,Zha16_no_2_tors,388045,False,False,False,,1,3,True,A3_ONLY,True,1,1,3
388078b1,388078.b1,Zha16_no_2_tors,388078,False,False,False,,1,3,True,A3_ONLY,True,1,1,3
388366g1,388366.g1,Zha16_no_2_tors,388366,False,False,False,,1,3,True,A3_ONLY,True,1,1,3
388430a1,388430.a1,Zha16_no_2_tors,388430,False,False,False,,1,-3,True,A3_ONLY,True,7,7,-3
388585c1,388585.c1,Zha16_no_2_tors,388585,False,False,False,,1,-3,True,A3_ONLY,True,7,7,-3
388634d1,388634.d1,Zha16_no_2_tors,388634,True,False,False,3,1;3,1,False,ISOGENY_ONLY,True,3,3,1
388762g1,388762.g1,Zha16_no_2_tors,388762,False,False,False,,1,-3,True,A3_ONLY,True,7,7,-3
388990f1,388990.f1,Zha16_no_2_tors,388990,False,False,False,,1,3,True,A3_ONLY,True,1,1,3
389062b1,389062.b1,Zha16_no_2_tors,389062,False,False,False,,1,3,True,A3_ONLY,True,1,1,3
389170d1,389170.d1,Zha16_no_2_tors,389170,False,False,False,,1,3,True,A3_ONLY,True,1,1,3
389377a1,389377.a1,Zha16_no_2_tors,389377,False,False,False,,1,3,True,A3_ONLY,True,1,1,3
389546a1,389546.a2,Zha16_no_2_tors,389546,True,False,False,3,1;3,-2,False,ISOGENY_ONLY,True,6,6,-2
389593b1,389593.b1,Zha16_no_2_tors,389593,False,False,False,,1,3,True,A3_ONLY,True,1,1,3
389926a1,389926.a1,Zha16_no_2_tors,389926,False,False,False,,1,-3,True,A3_ONLY,True,7,7,-3
390065i1,390065.i1,Zha16_no_2_tors,390065,False,False,False,,1,3,True,A3_ONLY,True,1,1,3
390218a1,390218.a1,Zha16_no_2_tors,390218,False,False,False,,1,-3,True,A3_ONLY,True,7,7,-3
390790e1,390790.e2,Zha16_no_2_tors,390790,True,False,False,3,1;3,-2,False,ISOGENY_ONLY,True,6,6,-2
390874c1,390874.c1,Zha16_no_2_tors,390874,False,False,False,,1,-3,True,A3_ONLY,True,7,7,-3
391034m1,391034.m1,Zha16_no_2_tors,391034,False,False,False,,1,3,True,A3_ONLY,True,1,1,3
391237a1,391237.a2,Zha16_no_2_tors,391237,False,True,False,5,1;5,-1,False,ISOGENY_ONLY,True,5,5,-1
391294a1,391294.a1,Zha16_no_2_tors,391294,False,False,False,,1,3,True,A3_ONLY,True,1,1,3
391298a1,391298.a1,Zha16_no_2_tors,391298,False,False,False,,1,-3,True,A3_ONLY,True,7,7,-3
391463a1,391463.a1,Zha16_no_2_tors,391463,False,False,False,,1,3,True,A3_ONLY,True,1,1,3
391670d1,391670.d2,Zha16_no_2_tors,391670,True,False,False,3,1;3;9,1,False,ISOGENY_ONLY,True,3,3,1
391834a1,391834.a1,Zha16_no_2_tors,391834,False,False,False,,1,-3,True,A3_ONLY,True,7,7,-3
391910a1,391910.a1,Zha16_no_2_tors,391910,False,False,False,,1,3,True,A3_ONLY,True,1,1,3
392453a1,392453.a1,Zha16_no_2_tors,392453,False,False,False,,1,3,True,A3_ONLY,True,1,1,3
392509c1,392509.c2,Zha16_no_2_tors,392509,True,False,False,3,1;3,1,False,ISOGENY_ONLY,True,3,3,1
392581a1,392581.a1,Zha16_no_2_tors,392581,False,False,False,,1,3,True,A3_ONLY,True,1,1,3
393110a1,393110.a1,Zha16_no_2_tors,393110,False,False,False,,1,-3,True,A3_ONLY,True,7,7,-3
393589a1,393589.a1,Zha16_no_2_tors,393589,False,False,False,,1,3,True,A3_ONLY,True,1,1,3
393590c1,393590.c2,Zha16_no_2_tors,393590,True,False,False,3,1;3,1,False,ISOGENY_ONLY,True,3,3,1
393605a1,393605.a1,Zha16_no_2_tors,393605,False,False,False,,1,-3,True,A3_ONLY,True,7,7,-3
393614a1,393614.a1,Zha16_no_2_tors,393614,False,False,False,,1,3,True,A3_ONLY,True,1,1,3
393626a1,393626.a1,Zha16_no_2_tors,393626,False,False,False,,1,3,True,A3_ONLY,True,1,1,3
393923a1,393923.a1,Zha16_no_2_tors,393923,True,False,False,3,1;3,1,False,ISOGENY_ONLY,True,3,3,1
394111a1,394111.a1,Zha16_no_2_tors,394111,False,False,False,,1,3,True,A3_ONLY,True,1,1,3
394270c1,394270.c2,Zha16_no_2_tors,394270,True,False,False,3,1;3,1,False,ISOGENY_ONLY,True,3,3,1
394307a1,394307.a1,Zha16_no_2_tors,394307,False,False,False,,1,3,True,A3_ONLY,True,1,1,3
394307b1,394307.b1,Zha16_no_2_tors,394307,False,False,False,,1,3,True,A3_ONLY,True,1,1,3
394307c1,394307.c1,Zha16_no_2_tors,394307,False,False,False,,1,-3,True,A3_ONLY,True,7,7,-3
394478f1,394478.f1,Zha16_no_2_tors,394478,False,False,False,,1,3,True,A3_ONLY,True,1,1,3
394582b1,394582.b2,Zha16_no_2_tors,394582,True,False,False,3,1;3,1,False,ISOGENY_ONLY,True,3,3,1
394730d1,394730.d1,Zha16_no_2_tors,394730,False,False,False,,1,3,True,A3_ONLY,True,1,1,3
394910f1,394910.f1,Zha16_no_2_tors,394910,False,False,False,,1,3,True,A3_ONLY,True,1,1,3
394957c1,394957.c1,Zha16_no_2_tors,394957,False,False,False,,1,-3,True,A3_ONLY,True,7,7,-3
395029b1,395029.b1,Zha16_no_2_tors,395029,False,False,False,,1,3,True,A3_ONLY,True,1,1,3
395230a1,395230.a1,Zha16_no_2_tors,395230,False,False,False,,1,-3,True,A3_ONLY,True,7,7,-3
395473b1,395473.b1,Zha16_no_2_tors,395473,False,False,False,,1,3,True,A3_ONLY,True,1,1,3
395473c1,395473.c1,Zha16_no_2_tors,395473,False,False,False,,1,-3,True,A3_ONLY,True,7,7,-3
395635a1,395635.a1,Zha16_no_2_tors,395635,True,False,False,3,1;3,-2,False,ISOGENY_ONLY,True,6,6,-2
395882a1,395882.a2,Zha16_no_2_tors,395882,True,False,False,3,1;3,-2,False,ISOGENY_ONLY,True,6,6,-2
395986c1,395986.c1,Zha16_no_2_tors,395986,False,False,False,,1,3,True,A3_ONLY,True,1,1,3
396011a1,396011.a2,Zha16_no_2_tors,396011,False,True,False,5,1;5,-1,False,ISOGENY_ONLY,True,5,5,-1
396109c1,396109.c1,Zha16_no_2_tors,396109,False,False,False,,1,3,True,A3_ONLY,True,1,1,3
396242c1,396242.c1,Zha16_no_2_tors,396242,False,False,False,,1,3,True,A3_ONLY,True,1,1,3
396242d1,396242.d1,Zha16_no_2_tors,396242,False,False,False,,1,-3,True,A3_ONLY,True,7,7,-3
396382d1,396382.d1,Zha16_no_2_tors,396382,False,False,False,,1,3,True,A3_ONLY,True,1,1,3
396521a1,396521.a1,Zha16_no_2_tors,396521,False,False,False,,1,3,True,A3_ONLY,True,1,1,3
396611a1,396611.a1,Zha16_no_2_tors,396611,False,False,False,,1,-3,True,A3_ONLY,True,7,7,-3
396862e1,396862.e1,Zha16_no_2_tors,396862,False,False,False,,1,3,True,A3_ONLY,True,1,1,3
396935b1,396935.b1,Zha16_no_2_tors,396935,False,False,False,,1,3,True,A3_ONLY,True,1,1,3
396970d1,396970.d2,Zha16_no_2_tors,396970,True,False,False,3,1;3,1,False,ISOGENY_ONLY,True,3,3,1
396970e1,396970.e1,Zha16_no_2_tors,396970,False,False,False,,1,3,True,A3_ONLY,True,1,1,3
397049a1,397049.a1,Zha16_no_2_tors,397049,False,False,False,,1,-3,True,A3_ONLY,True,7,7,-3
397222a1,397222.a1,Zha16_no_2_tors,397222,True,False,False,3,1;3,-2,False,ISOGENY_ONLY,True,6,6,-2
397286b1,397286.b1,Zha16_no_2_tors,397286,False,False,False,,1,3,True,A3_ONLY,True,1,1,3
397331a1,397331.a1,Zha16_no_2_tors,397331,False,False,False,,1,3,True,A3_ONLY,True,1,1,3
397610a1,397610.a1,Zha16_no_2_tors,397610,False,False,False,,1,-3,True,A3_ONLY,True,7,7,-3
397817a1,397817.a1,Zha16_no_2_tors,397817,False,False,False,,1,-3,True,A3_ONLY,True,7,7,-3
398138c1,398138.c1,Zha16_no_2_tors,398138,False,False,False,,1,3,True,A3_ONLY,True,1,1,3
398197a1,398197.a2,Zha16_no_2_tors,398197,True,False,False,3,1;3,1,False,ISOGENY_ONLY,True,3,3,1
398335b1,398335.b1,Zha16_no_2_tors,398335,False,False,False,,1,3,True,A3_ONLY,True,1,1,3
398363a1,398363.a1,Zha16_no_2_tors,398363,False,False,False,,1,-3,True,A3_ONLY,True,7,7,-3
398818d1,398818.d1,Zha16_no_2_tors,398818,False,False,False,,1,3,True,A3_ONLY,True,1,1,3
398915a1,398915.a1,Zha16_no_2_tors,398915,False,False,False,,1,3,True,A3_ONLY,True,1,1,3
398930f1,398930.f1,Zha16_no_2_tors,398930,False,False,False,,1,3,True,A3_ONLY,True,1,1,3
399046a1,399046.a1,Zha16_no_2_tors,399046,False,False,False,,1,3,True,A3_ONLY,True,1,1,3
399202a1,399202.a1,Zha16_no_2_tors,399202,False,False,False,,1,-3,True,A3_ONLY,True,7,7,-3
399245a1,399245.a2,Zha16_no_2_tors,399245,True,False,False,3,1;3,-2,False,ISOGENY_ONLY,True,6,6,-2
399358a1,399358.a1,Zha16_no_2_tors,399358,False,False,False,,1,3,True,A3_ONLY,True,1,1,3
399418a1,399418.a3,Zha16_no_2_tors,399418,True,False,False,3,1;3;9,-2,False,ISOGENY_ONLY,True,6,6,-2
399707f1,399707.f1,Zha16_no_2_tors,399707,False,False,False,,1,3,True,A3_ONLY,True,1,1,3
399755a1,399755.a1,Zha16_no_2_tors,399755,False,False,False,,1,3,True,A3_ONLY,True,1,1,3
399923b1,399923.b1,Zha16_no_2_tors,399923,False,False,False,,1,3,True,A3_ONLY,True,1,1,3
400190h1,400190.h1,Zha16_no_2_tors,400190,False,False,False,,1,3,True,A3_ONLY,True,1,1,3
400258d1,400258.d2,Zha16_no_2_tors,400258,True,False,False,3,1;3,1,False,ISOGENY_ONLY,True,3,3,1
400490i1,400490.i1,Zha16_no_2_tors,400490,False,False,False,,1,-3,True,A3_ONLY,True,7,7,-3
400490k1,400490.k1,Zha16_no_2_tors,400490,False,False,False,,1,3,True,A3_ONLY,True,1,1,3
400582i1,400582.i2,Zha16_no_2_tors,400582,True,False,False,3,1;3,1,False,ISOGENY_ONLY,True,3,3,1
400582j1,400582.j1,Zha16_no_2_tors,400582,False,False,False,,1,3,True,A3_ONLY,True,1,1,3
400654a1,400654.a2,Zha16_no_2_tors,400654,True,False,False,3,1;3,1,False,ISOGENY_ONLY,True,3,3,1
400939a1,400939.a2,Zha16_no_2_tors,400939,True,False,False,3,1;3;9,-2,False,ISOGENY_ONLY,True,6,6,-2
401210e1,401210.e1,Zha16_no_2_tors,401210,False,False,False,,1,3,True,A3_ONLY,True,1,1,3
401315a1,401315.a1,Zha16_no_2_tors,401315,False,False,False,,1,3,True,A3_ONLY,True,1,1,3
401395a1,401395.a2,Zha16_no_2_tors,401395,True,False,False,3,1;3,-2,False,ISOGENY_ONLY,True,6,6,-2
401842b1,401842.b1,Zha16_no_2_tors,401842,False,False,False,,1,-3,True,A3_ONLY,True,7,7,-3
402013a1,402013.a1,Zha16_no_2_tors,402013,False,False,False,,1,3,True,A3_ONLY,True,1,1,3
402245a1,402245.a1,Zha16_no_2_tors,402245,False,False,False,,1,3,True,A3_ONLY,True,1,1,3
402382b1,402382.b2,Zha16_no_2_tors,402382,True,False,False,3,1;3,-2,False,ISOGENY_ONLY,True,6,6,-2
402554b1,402554.b1,Zha16_no_2_tors,402554,False,False,False,,1,-3,True,A3_ONLY,True,7,7,-3
403073a1,403073.a1,Zha16_no_2_tors,403073,False,False,False,,1,3,True,A3_ONLY,True,1,1,3
403337a1,403337.a1,Zha16_no_2_tors,403337,False,False,False,,1,3,True,A3_ONLY,True,1,1,3
403379b1,403379.b1,Zha16_no_2_tors,403379,False,False,False,,1,-3,True,A3_ONLY,True,7,7,-3
403474f1,403474.f2,Zha16_no_2_tors,403474,False,True,False,5,1;5,-1,False,ISOGENY_ONLY,True,5,5,-1
403573a1,403573.a1,Zha16_no_2_tors,403573,False,False,False,,1,3,True,A3_ONLY,True,1,1,3
403670a1,403670.a1,Zha16_no_2_tors,403670,False,False,False,,1,-3,True,A3_ONLY,True,7,7,-3
403699a1,403699.a1,Zha16_no_2_tors,403699,True,False,False,3,1;3,-2,False,ISOGENY_ONLY,True,6,6,-2
403846e1,403846.e2,Zha16_no_2_tors,403846,True,False,False,3,1;3,1,False,ISOGENY_ONLY,True,3,3,1
404198b1,404198.b1,Zha16_no_2_tors,404198,False,False,False,,1,3,True,A3_ONLY,True,1,1,3
404327e1,404327.e1,Zha16_no_2_tors,404327,False,False,False,,1,3,True,A3_ONLY,True,1,1,3
404390a1,404390.a1,Zha16_no_2_tors,404390,False,False,False,,1,-3,True,A3_ONLY,True,7,7,-3
404435a1,404435.a1,Zha16_no_2_tors,404435,False,False,False,,1,-3,True,A3_ONLY,True,7,7,-3
404482b1,404482.b1,Zha16_no_2_tors,404482,False,False,False,,1,-3,True,A3_ONLY,True,7,7,-3
404530g1,404530.g1,Zha16_no_2_tors,404530,False,False,False,,1,3,True,A3_ONLY,True,1,1,3
404530h1,404530.h1,Zha16_no_2_tors,404530,False,False,False,,1,3,True,A3_ONLY,True,1,1,3
404698b1,404698.b1,Zha16_no_2_tors,404698,False,False,False,,1,3,True,A3_ONLY,True,1,1,3
404891a1,404891.a1,Zha16_no_2_tors,404891,False,False,False,,1,-3,True,A3_ONLY,True,7,7,-3
405251a1,405251.a1,Zha16_no_2_tors,405251,True,False,False,3,1;3;9,1,False,ISOGENY_ONLY,True,3,3,1
405686a1,405686.a1,Zha16_no_2_tors,405686,False,False,False,,1,-3,True,A3_ONLY,True,7,7,-3
405755b1,405755.b1,Zha16_no_2_tors,405755,True,False,False,3,1;3,1,False,ISOGENY_ONLY,True,3,3,1
406151a1,406151.a1,Zha16_no_2_tors,406151,False,False,False,,1,-3,True,A3_ONLY,True,7,7,-3
406315h1,406315.h1,Zha16_no_2_tors,406315,True,False,False,3,1;3;9,-2,False,ISOGENY_ONLY,True,6,6,-2
406810b1,406810.b2,Zha16_no_2_tors,406810,True,False,False,3,1;3,1,False,ISOGENY_ONLY,True,3,3,1
406810e1,406810.e2,Zha16_no_2_tors,406810,True,False,False,3,1;3,-2,False,ISOGENY_ONLY,True,6,6,-2
407045a1,407045.a1,Zha16_no_2_tors,407045,False,False,False,,1,3,True,A3_ONLY,True,1,1,3
407341a1,407341.a2,Zha16_no_2_tors,407341,True,False,False,3,1;3,1,False,ISOGENY_ONLY,True,3,3,1
407402a1,407402.a2,Zha16_no_2_tors,407402,True,False,False,3,1;3,1,False,ISOGENY_ONLY,True,3,3,1
407477a1,407477.a2,Zha16_no_2_tors,407477,True,False,False,3,1;3,-2,False,ISOGENY_ONLY,True,6,6,-2
407762o1,407762.o1,Zha16_no_2_tors,407762,False,False,False,,1,3,True,A3_ONLY,True,1,1,3
407858b1,407858.b1,Zha16_no_2_tors,407858,False,False,False,,1,3,True,A3_ONLY,True,1,1,3
407941a1,407941.a2,Zha16_no_2_tors,407941,True,False,False,3,1;3,1,False,ISOGENY_ONLY,True,3,3,1
408002a1,408002.a1,Zha16_no_2_tors,408002,False,False,False,,1,-3,True,A3_ONLY,True,7,7,-3
408013b1,408013.b1,Zha16_no_2_tors,408013,False,False,False,,1,-3,True,A3_ONLY,True,7,7,-3
408061a1,408061.a1,Zha16_no_2_tors,408061,False,False,False,,1,3,True,A3_ONLY,True,1,1,3
408346b1,408346.b1,Zha16_no_2_tors,408346,True,False,False,3,1;3,-2,False,ISOGENY_ONLY,True,6,6,-2
408394c1,408394.c1,Zha16_no_2_tors,408394,True,False,False,3,1;3,-2,False,ISOGENY_ONLY,True,6,6,-2
408595l1,408595.l1,Zha16_no_2_tors,408595,False,False,False,,1,3,True,A3_ONLY,True,1,1,3
408866a1,408866.a1,Zha16_no_2_tors,408866,False,False,False,,1,-3,True,A3_ONLY,True,7,7,-3
409507a1,409507.a2,Zha16_no_2_tors,409507,True,False,False,3,1;3,-2,False,ISOGENY_ONLY,True,6,6,-2
409685a1,409685.a1,Zha16_no_2_tors,409685,False,False,False,,1,-3,True,A3_ONLY,True,7,7,-3
409694b1,409694.b2,Zha16_no_2_tors,409694,True,False,False,3,1;3,-2,False,ISOGENY_ONLY,True,6,6,-2
409751a1,409751.a1,Zha16_no_2_tors,409751,False,False,False,,1,3,True,A3_ONLY,True,1,1,3
409862a1,409862.a1,Zha16_no_2_tors,409862,False,False,False,,1,3,True,A3_ONLY,True,1,1,3
410018d1,410018.d1,Zha16_no_2_tors,410018,False,False,False,,1,3,True,A3_ONLY,True,1,1,3
410222a1,410222.a1,Zha16_no_2_tors,410222,False,False,False,,1,3,True,A3_ONLY,True,1,1,3
410366d1,410366.d2,Zha16_no_2_tors,410366,True,False,False,3,1;3,1,False,ISOGENY_ONLY,True,3,3,1
410627a1,410627.a1,Zha16_no_2_tors,410627,False,False,False,,1,3,True,A3_ONLY,True,1,1,3
411131a1,411131.a1,Zha16_no_2_tors,411131,False,False,False,,1,3,True,A3_ONLY,True,1,1,3
411190f1,411190.f1,Zha16_no_2_tors,411190,True,False,False,3,1;3;9,-2,False,ISOGENY_ONLY,True,6,6,-2
411194a1,411194.a1,Zha16_no_2_tors,411194,False,False,False,,1,-3,True,A3_ONLY,True,7,7,-3
411299b1,411299.b1,Zha16_no_2_tors,411299,False,False,False,,1,3,True,A3_ONLY,True,1,1,3
411374a1,411374.a1,Zha16_no_2_tors,411374,False,False,False,,1,3,True,A3_ONLY,True,1,1,3
411482b1,411482.b1,Zha16_no_2_tors,411482,False,False,False,,1,3,True,A3_ONLY,True,1,1,3
411482c1,411482.c1,Zha16_no_2_tors,411482,False,False,False,,1,3,True,A3_ONLY,True,1,1,3
411730a1,411730.a1,Zha16_no_2_tors,411730,False,False,False,,1,-3,True,A3_ONLY,True,7,7,-3
411730e1,411730.e2,Zha16_no_2_tors,411730,True,False,False,3,1;3,1,False,ISOGENY_ONLY,True,3,3,1
412451a1,412451.a1,Zha16_no_2_tors,412451,False,False,False,,1,3,True,A3_ONLY,True,1,1,3
412811a1,412811.a1,Zha16_no_2_tors,412811,False,False,False,,1,3,True,A3_ONLY,True,1,1,3
412834a1,412834.a1,Zha16_no_2_tors,412834,True,False,False,3,1;3,-2,False,ISOGENY_ONLY,True,6,6,-2
412910d1,412910.d1,Zha16_no_2_tors,412910,False,False,False,,1,3,True,A3_ONLY,True,1,1,3
412930g1,412930.g2,Zha16_no_2_tors,412930,True,False,False,3,1;3,1,False,ISOGENY_ONLY,True,3,3,1
412930h1,412930.h1,Zha16_no_2_tors,412930,False,False,False,,1,3,True,A3_ONLY,True,1,1,3
412946a1,412946.a1,Zha16_no_2_tors,412946,False,False,False,,1,3,True,A3_ONLY,True,1,1,3
413006d1,413006.d1,Zha16_no_2_tors,413006,False,False,False,,1,3,True,A3_ONLY,True,1,1,3
413029a1,413029.a1,Zha16_no_2_tors,413029,False,False,False,,1,3,True,A3_ONLY,True,1,1,3
413105g1,413105.g1,Zha16_no_2_tors,413105,False,False,False,,1,3,True,A3_ONLY,True,1,1,3
413105k1,413105.k1,Zha16_no_2_tors,413105,False,False,False,,1,-3,True,A3_ONLY,True,7,7,-3
413555a1,413555.a1,Zha16_no_2_tors,413555,False,False,False,,1,-3,True,A3_ONLY,True,7,7,-3
413585b1,413585.b1,Zha16_no_2_tors,413585,False,False,False,,1,3,True,A3_ONLY,True,1,1,3
413674a1,413674.a1,Zha16_no_2_tors,413674,False,False,False,,1,3,True,A3_ONLY,True,1,1,3
413846a1,413846.a1,Zha16_no_2_tors,413846,False,False,False,,1,3,True,A3_ONLY,True,1,1,3
413894b1,413894.b1,Zha16_no_2_tors,413894,False,False,False,,1,3,True,A3_ONLY,True,1,1,3
414178a1,414178.a1,Zha16_no_2_tors,414178,False,False,False,,1,-3,True,A3_ONLY,True,7,7,-3
414215b1,414215.b1,Zha16_no_2_tors,414215,False,False,False,,1,3,True,A3_ONLY,True,1,1,3
414262b1,414262.b1,Zha16_no_2_tors,414262,False,False,False,,1,3,True,A3_ONLY,True,1,1,3
414358d1,414358.d1,Zha16_no_2_tors,414358,False,False,False,,1,3,True,A3_ONLY,True,1,1,3
414470c1,414470.c2,Zha16_no_2_tors,414470,True,False,False,3,1;3,-2,False,ISOGENY_ONLY,True,6,6,-2
414646a1,414646.a2,Zha16_no_2_tors,414646,True,False,False,3,1;3,-2,False,ISOGENY_ONLY,True,6,6,-2
415043e1,415043.e1,Zha16_no_2_tors,415043,False,False,False,,1,3,True,A3_ONLY,True,1,1,3
415115a1,415115.a1,Zha16_no_2_tors,415115,False,False,False,,1,-3,True,A3_ONLY,True,7,7,-3
415198h1,415198.h1,Zha16_no_2_tors,415198,False,False,False,,1,3,True,A3_ONLY,True,1,1,3
415306b1,415306.b1,Zha16_no_2_tors,415306,False,False,False,,1,-3,True,A3_ONLY,True,7,7,-3
415330a1,415330.a1,Zha16_no_2_tors,415330,False,False,False,,1,-3,True,A3_ONLY,True,7,7,-3
415387b1,415387.b1,Zha16_no_2_tors,415387,False,False,False,,1,3,True,A3_ONLY,True,1,1,3
415853a1,415853.a1,Zha16_no_2_tors,415853,False,False,False,,1,3,True,A3_ONLY,True,1,1,3
415907a1,415907.a1,Zha16_no_2_tors,415907,False,False,False,,1,-3,True,A3_ONLY,True,7,7,-3
415954g1,415954.g2,Zha16_no_2_tors,415954,True,False,False,3,1;3,1,False,ISOGENY_ONLY,True,3,3,1
416390q1,416390.q1,Zha16_no_2_tors,416390,True,False,False,3,1;3,1,False,ISOGENY_ONLY,True,3,3,1
416390u1,416390.u1,Zha16_no_2_tors,416390,False,False,False,,1,3,True,A3_ONLY,True,1,1,3
416411a1,416411.a1,Zha16_no_2_tors,416411,False,False,False,,1,-3,True,A3_ONLY,True,7,7,-3
416414a1,416414.a1,Zha16_no_2_tors,416414,False,False,False,,1,3,True,A3_ONLY,True,1,1,3
416422c1,416422.c1,Zha16_no_2_tors,416422,True,False,False,3,1;3,-2,False,ISOGENY_ONLY,True,6,6,-2
416447a1,416447.a1,Zha16_no_2_tors,416447,False,False,False,,1,-3,True,A3_ONLY,True,7,7,-3
416578b1,416578.b1,Zha16_no_2_tors,416578,False,False,False,,1,3,True,A3_ONLY,True,1,1,3
416681a1,416681.a1,Zha16_no_2_tors,416681,False,False,False,,1,3,True,A3_ONLY,True,1,1,3
416798b1,416798.b2,Zha16_no_2_tors,416798,True,False,False,3,1;3,-2,False,ISOGENY_ONLY,True,6,6,-2
416866b1,416866.b1,Zha16_no_2_tors,416866,False,False,False,,1,-3,True,A3_ONLY,True,7,7,-3
417118d1,417118.d1,Zha16_no_2_tors,417118,True,False,False,3,1;3,-2,False,ISOGENY_ONLY,True,6,6,-2
417395a1,417395.a1,Zha16_no_2_tors,417395,False,False,False,,1,3,True,A3_ONLY,True,1,1,3
417473a1,417473.a1,Zha16_no_2_tors,417473,False,False,False,,1,3,True,A3_ONLY,True,1,1,3
417670b1,417670.b1,Zha16_no_2_tors,417670,True,False,False,3,1;3,-2,False,ISOGENY_ONLY,True,6,6,-2
417755a1,417755.a1,Zha16_no_2_tors,417755,False,False,False,,1,-3,True,A3_ONLY,True,7,7,-3
417911c1,417911.c1,Zha16_no_2_tors,417911,False,False,False,,1,-3,True,A3_ONLY,True,7,7,-3
418049a1,418049.a1,Zha16_no_2_tors,418049,False,False,False,,1,3,True,A3_ONLY,True,1,1,3
418834a1,418834.a2,Zha16_no_2_tors,418834,True,False,False,3,1;3,-2,False,ISOGENY_ONLY,True,6,6,-2
418990q1,418990.q1,Zha16_no_2_tors,418990,False,False,False,,1,3,True,A3_ONLY,True,1,1,3
419237c1,419237.c2,Zha16_no_2_tors,419237,True,False,False,3,1;3,-2,False,ISOGENY_ONLY,True,6,6,-2
419366d1,419366.d1,Zha16_no_2_tors,419366,True,False,False,3,1;3,1,False,ISOGENY_ONLY,True,3,3,1
419366f1,419366.f1,Zha16_no_2_tors,419366,False,False,False,,1,3,True,A3_ONLY,True,1,1,3
419558h1,419558.h1,Zha16_no_2_tors,419558,False,False,False,,1,3,True,A3_ONLY,True,1,1,3
419606b1,419606.b1,Zha16_no_2_tors,419606,False,False,False,,1,-3,True,A3_ONLY,True,7,7,-3
419846a1,419846.a1,Zha16_no_2_tors,419846,False,False,False,,1,-3,True,A3_ONLY,True,7,7,-3
419939a1,419939.a1,Zha16_no_2_tors,419939,False,False,False,,1,-3,True,A3_ONLY,True,7,7,-3
419990c1,419990.c1,Zha16_no_2_tors,419990,False,False,False,,1,3,True,A3_ONLY,True,1,1,3
420034a1,420034.a2,Zha16_no_2_tors,420034,True,False,False,3,1;3,1,False,ISOGENY_ONLY,True,3,3,1
420118f1,420118.f1,Zha16_no_2_tors,420118,False,False,False,,1,3,True,A3_ONLY,True,1,1,3
420563e1,420563.e1,Zha16_no_2_tors,420563,False,False,False,,1,3,True,A3_ONLY,True,1,1,3
420965a1,420965.a1,Zha16_no_2_tors,420965,False,False,False,,1,-3,True,A3_ONLY,True,7,7,-3
421162f1,421162.f2,Zha16_no_2_tors,421162,True,False,False,3,1;3,1,False,ISOGENY_ONLY,True,3,3,1
421595e1,421595.e1,Zha16_no_2_tors,421595,False,False,False,,1,3,True,A3_ONLY,True,1,1,3
421835d1,421835.d2,Zha16_no_2_tors,421835,True,False,False,3,1;3,1,False,ISOGENY_ONLY,True,3,3,1
422366b1,422366.b1,Zha16_no_2_tors,422366,True,False,False,3,1;3,1,False,ISOGENY_ONLY,True,3,3,1
422435e1,422435.e1,Zha16_no_2_tors,422435,False,False,False,,1,3,True,A3_ONLY,True,1,1,3
422758d1,422758.d1,Zha16_no_2_tors,422758,False,False,False,,1,3,True,A3_ONLY,True,1,1,3
422902b1,422902.b1,Zha16_no_2_tors,422902,True,False,False,3,1;3,-2,False,ISOGENY_ONLY,True,6,6,-2
422963a1,422963.a1,Zha16_no_2_tors,422963,False,False,False,,1,-3,True,A3_ONLY,True,7,7,-3
423157a1,423157.a1,Zha16_no_2_tors,423157,False,False,False,,1,3,True,A3_ONLY,True,1,1,3
423253a1,423253.a1,Zha16_no_2_tors,423253,False,False,False,,1,-3,True,A3_ONLY,True,7,7,-3
423286a1,423286.a1,Zha16_no_2_tors,423286,False,False,False,,1,-3,True,A3_ONLY,True,7,7,-3
423358i1,423358.i2,Zha16_no_2_tors,423358,True,False,False,3,1;3,1,False,ISOGENY_ONLY,True,3,3,1
423530e1,423530.e1,Zha16_no_2_tors,423530,False,False,False,,1,-3,True,A3_ONLY,True,7,7,-3
423545a1,423545.a1,Zha16_no_2_tors,423545,False,False,False,,1,3,True,A3_ONLY,True,1,1,3
423578c1,423578.c1,Zha16_no_2_tors,423578,False,False,False,,1,-3,True,A3_ONLY,True,7,7,-3
423661a1,423661.a1,Zha16_no_2_tors,423661,False,False,False,,1,-3,True,A3_ONLY,True,7,7,-3
423682m1,423682.m1,Zha16_no_2_tors,423682,False,False,False,,1,3,True,A3_ONLY,True,1,1,3
423757a1,423757.a1,Zha16_no_2_tors,423757,False,False,False,,1,3,True,A3_ONLY,True,1,1,3
424202a1,424202.a1,Zha16_no_2_tors,424202,False,False,False,,1,3,True,A3_ONLY,True,1,1,3
424298b1,424298.b1,Zha16_no_2_tors,424298,False,False,False,,1,3,True,A3_ONLY,True,1,1,3
424715b1,424715.b1,Zha16_no_2_tors,424715,False,False,False,,1,-3,True,A3_ONLY,True,7,7,-3
424717a1,424717.a2,Zha16_no_2_tors,424717,True,False,False,3,1;3,1,False,ISOGENY_ONLY,True,3,3,1
424741a1,424741.a1,Zha16_no_2_tors,424741,False,False,False,,1,-3,True,A3_ONLY,True,7,7,-3
424822b1,424822.b1,Zha16_no_2_tors,424822,False,False,False,,1,3,True,A3_ONLY,True,1,1,3
424837a1,424837.a1,Zha16_no_2_tors,424837,False,False,False,,1,3,True,A3_ONLY,True,1,1,3
426170b1,426170.b1,Zha16_no_2_tors,426170,False,False,False,,1,-3,True,A3_ONLY,True,7,7,-3
426445b1,426445.b2,Zha16_no_2_tors,426445,True,False,False,3,1;3,1,False,ISOGENY_ONLY,True,3,3,1
426626i1,426626.i1,Zha16_no_2_tors,426626,False,False,False,,1,3,True,A3_ONLY,True,1,1,3
426835a1,426835.a1,Zha16_no_2_tors,426835,True,False,False,3,1;3,-2,False,ISOGENY_ONLY,True,6,6,-2
426890b1,426890.b1,Zha16_no_2_tors,426890,False,False,False,,1,3,True,A3_ONLY,True,1,1,3
426922b1,426922.b1,Zha16_no_2_tors,426922,False,False,False,,1,3,True,A3_ONLY,True,1,1,3
426923b1,426923.b1,Zha16_no_2_tors,426923,True,False,False,3,1;3,1,False,ISOGENY_ONLY,True,3,3,1
427178a1,427178.a1,Zha16_no_2_tors,427178,False,False,False,,1,3,True,A3_ONLY,True,1,1,3
427481b1,427481.b1,Zha16_no_2_tors,427481,False,False,False,,1,-3,True,A3_ONLY,True,7,7,-3
427562a1,427562.a2,Zha16_no_2_tors,427562,True,False,False,3,1;3,-2,False,ISOGENY_ONLY,True,6,6,-2
428122a1,428122.a1,Zha16_no_2_tors,428122,False,False,False,,1,-3,True,A3_ONLY,True,7,7,-3
428122d1,428122.d2,Zha16_no_2_tors,428122,True,False,False,3,1;3,1,False,ISOGENY_ONLY,True,3,3,1
428122f1,428122.f1,Zha16_no_2_tors,428122,False,False,False,,1,-3,True,A3_ONLY,True,7,7,-3
428230a1,428230.a2,Zha16_no_2_tors,428230,True,False,False,3,1;3,-2,False,ISOGENY_ONLY,True,6,6,-2
428302a1,428302.a1,Zha16_no_2_tors,428302,False,False,False,,1,-3,True,A3_ONLY,True,7,7,-3
428434b1,428434.b1,Zha16_no_2_tors,428434,False,False,False,,1,3,True,A3_ONLY,True,1,1,3
428870n1,428870.n1,Zha16_no_2_tors,428870,False,False,False,,1,3,True,A3_ONLY,True,1,1,3
428987a1,428987.a1,Zha16_no_2_tors,428987,False,False,False,,1,-3,True,A3_ONLY,True,7,7,-3
429013a1,429013.a2,Zha16_no_2_tors,429013,True,False,False,3,1;3,1,False,ISOGENY_ONLY,True,3,3,1
429026f1,429026.f1,Zha16_no_2_tors,429026,False,False,False,,1,3,True,A3_ONLY,True,1,1,3
429110b1,429110.b1,Zha16_no_2_tors,429110,False,False,False,,1,-3,True,A3_ONLY,True,7,7,-3
429110h1,429110.h1,Zha16_no_2_tors,429110,True,False,False,3,1;3,1,False,ISOGENY_ONLY,True,3,3,1
429110k1,429110.k1,Zha16_no_2_tors,429110,False,False,False,,1,3,True,A3_ONLY,True,1,1,3
429506c1,429506.c2,Zha16_no_2_tors,429506,True,False,False,3,1;3,1,False,ISOGENY_ONLY,True,3,3,1
429607c1,429607.c1,Zha16_no_2_tors,429607,False,False,False,,1,3,True,A3_ONLY,True,1,1,3
429830i1,429830.i2,Zha16_no_2_tors,429830,True,False,False,3,1;3,1,False,ISOGENY_ONLY,True,3,3,1
429845d1,429845.d1,Zha16_no_2_tors,429845,False,False,False,,1,3,True,A3_ONLY,True,1,1,3
429946a1,429946.a1,Zha16_no_2_tors,429946,False,False,False,,1,-3,True,A3_ONLY,True,7,7,-3
430042a1,430042.a1,Zha16_no_2_tors,430042,False,False,False,,1,-3,True,A3_ONLY,True,7,7,-3
430046a1,430046.a1,Zha16_no_2_tors,430046,False,False,False,,1,3,True,A3_ONLY,True,1,1,3
430331a1,430331.a2,Zha16_no_2_tors,430331,False,True,False,5,1;5,-1,False,ISOGENY_ONLY,True,5,5,-1
430547a1,430547.a1,Zha16_no_2_tors,430547,True,False,False,3,1;3,1,False,ISOGENY_ONLY,True,3,3,1
430778a1,430778.a1,Zha16_no_2_tors,430778,False,False,False,,1,-3,True,A3_ONLY,True,7,7,-3
430939b1,430939.b2,Zha16_no_2_tors,430939,True,False,False,3,1;3,-2,False,ISOGENY_ONLY,True,6,6,-2
431134a1,431134.a1,Zha16_no_2_tors,431134,True,False,False,3,1;3,-2,False,ISOGENY_ONLY,True,6,6,-2
431171b1,431171.b1,Zha16_no_2_tors,431171,False,False,False,,1,-3,True,A3_ONLY,True,7,7,-3
431342c1,431342.c1,Zha16_no_2_tors,431342,False,False,False,,1,3,True,A3_ONLY,True,1,1,3
431914a1,431914.a1,Zha16_no_2_tors,431914,False,False,False,,1,-3,True,A3_ONLY,True,7,7,-3
431938e1,431938.e1,Zha16_no_2_tors,431938,False,False,False,,1,3,True,A3_ONLY,True,1,1,3
432266a1,432266.a1,Zha16_no_2_tors,432266,False,False,False,,1,3,True,A3_ONLY,True,1,1,3
432542b1,432542.b2,Zha16_no_2_tors,432542,True,False,False,3,1;3,1,False,ISOGENY_ONLY,True,3,3,1
432730c1,432730.c1,Zha16_no_2_tors,432730,False,False,False,,1,3,True,A3_ONLY,True,1,1,3
432917a1,432917.a1,Zha16_no_2_tors,432917,False,False,False,,1,3,True,A3_ONLY,True,1,1,3
433130a1,433130.a1,Zha16_no_2_tors,433130,False,False,False,,1,3,True,A3_ONLY,True,1,1,3
433202n1,433202.n1,Zha16_no_2_tors,433202,False,False,False,,1,3,True,A3_ONLY,True,1,1,3
433370a1,433370.a1,Zha16_no_2_tors,433370,True,False,False,3,1;3,1,False,ISOGENY_ONLY,True,3,3,1
433570a1,433570.a1,Zha16_no_2_tors,433570,False,False,False,,1,-3,True,A3_ONLY,True,7,7,-3
434159b1,434159.b1,Zha16_no_2_tors,434159,False,False,False,,1,3,True,A3_ONLY,True,1,1,3
434206a1,434206.a1,Zha16_no_2_tors,434206,True,False,False,3,1;3,-2,False,ISOGENY_ONLY,True,6,6,-2
434413a1,434413.a1,Zha16_no_2_tors,434413,False,False,False,,1,-3,True,A3_ONLY,True,7,7,-3
434467a1,434467.a2,Zha16_no_2_tors,434467,True,False,False,3,1;3,-2,False,ISOGENY_ONLY,True,6,6,-2
434714b1,434714.b1,Zha16_no_2_tors,434714,True,False,False,3,1;3,1,False,ISOGENY_ONLY,True,3,3,1
435014a1,435014.a1,Zha16_no_2_tors,435014,False,False,False,,1,-3,True,A3_ONLY,True,7,7,-3
435370v1,435370.v2,Zha16_no_2_tors,435370,True,False,False,3,1;3,1,False,ISOGENY_ONLY,True,3,3,1
435394a1,435394.a1,Zha16_no_2_tors,435394,False,False,False,,1,3,True,A3_ONLY,True,1,1,3
435710a1,435710.a1,Zha16_no_2_tors,435710,False,False,False,,1,-3,True,A3_ONLY,True,7,7,-3
435710j1,435710.j2,Zha16_no_2_tors,435710,True,False,False,3,1;3,1,False,ISOGENY_ONLY,True,3,3,1
435830a1,435830.a1,Zha16_no_2_tors,435830,False,False,False,,1,-3,True,A3_ONLY,True,7,7,-3
436310i1,436310.i1,Zha16_no_2_tors,436310,False,False,False,,1,3,True,A3_ONLY,True,1,1,3
436418d1,436418.d1,Zha16_no_2_tors,436418,True,False,False,3,1;3,1,False,ISOGENY_ONLY,True,3,3,1
436955a1,436955.a1,Zha16_no_2_tors,436955,False,False,False,,1,3,True,A3_ONLY,True,1,1,3
437114b1,437114.b2,Zha16_no_2_tors,437114,True,False,False,3,1;3,1,False,ISOGENY_ONLY,True,3,3,1
437470k1,437470.k1,Zha16_no_2_tors,437470,True,False,False,3,1;3,-2,False,ISOGENY_ONLY,True,6,6,-2
437974b1,437974.b2,Zha16_no_2_tors,437974,True,False,False,3,1;3,-2,False,ISOGENY_ONLY,True,6,6,-2
437995a1,437995.a1,Zha16_no_2_tors,437995,True,False,False,3,1;3,-2,False,ISOGENY_ONLY,True,6,6,-2
438022c1,438022.c2,Zha16_no_2_tors,438022,True,False,False,3,1;3,1,False,ISOGENY_ONLY,True,3,3,1
438406c1,438406.c1,Zha16_no_2_tors,438406,True,False,False,3,1;3;9,-2,False,ISOGENY_ONLY,True,6,6,-2
438851d1,438851.d1,Zha16_no_2_tors,438851,False,False,False,,1,3,True,A3_ONLY,True,1,1,3
439405a1,439405.a1,Zha16_no_2_tors,439405,False,False,False,,1,3,True,A3_ONLY,True,1,1,3
439474c1,439474.c1,Zha16_no_2_tors,439474,False,False,False,,1,3,True,A3_ONLY,True,1,1,3
439538a1,439538.a1,Zha16_no_2_tors,439538,False,False,False,,1,3,True,A3_ONLY,True,1,1,3
439543a1,439543.a1,Zha16_no_2_tors,439543,False,False,False,,1,3,True,A3_ONLY,True,1,1,3
439690a1,439690.a1,Zha16_no_2_tors,439690,False,False,False,,1,3,True,A3_ONLY,True,1,1,3
439706c1,439706.c2,Zha16_no_2_tors,439706,True,False,False,3,1;3,1,False,ISOGENY_ONLY,True,3,3,1
440117a1,440117.a2,Zha16_no_2_tors,440117,True,False,False,3,1;3,-2,False,ISOGENY_ONLY,True,6,6,-2
440218a1,440218.a1,Zha16_no_2_tors,440218,False,False,False,,1,-3,True,A3_ONLY,True,7,7,-3
440335b1,440335.b1,Zha16_no_2_tors,440335,False,False,False,,1,-3,True,A3_ONLY,True,7,7,-3
440407a1,440407.a1,Zha16_no_2_tors,440407,False,False,False,,1,3,True,A3_ONLY,True,1,1,3
440458d1,440458.d1,Zha16_no_2_tors,440458,False,False,False,,1,3,True,A3_ONLY,True,1,1,3
440555d1,440555.d1,Zha16_no_2_tors,440555,False,False,False,,1,-3,True,A3_ONLY,True,7,7,-3
440749a1,440749.a1,Zha16_no_2_tors,440749,False,False,False,,1,-3,True,A3_ONLY,True,7,7,-3
440813b1,440813.b2,Zha16_no_2_tors,440813,True,False,False,3,1;3,-2,False,ISOGENY_ONLY,True,6,6,-2
440854a1,440854.a1,Zha16_no_2_tors,440854,False,False,False,,1,3,True,A3_ONLY,True,1,1,3
440882a1,440882.a1,Zha16_no_2_tors,440882,False,False,False,,1,3,True,A3_ONLY,True,1,1,3
440965a1,440965.a1,Zha16_no_2_tors,440965,False,False,False,,1,3,True,A3_ONLY,True,1,1,3
441395a1,441395.a1,Zha16_no_2_tors,441395,False,False,False,,1,-3,True,A3_ONLY,True,7,7,-3
441682a1,441682.a2,Zha16_no_2_tors,441682,True,False,False,3,1;3,-2,False,ISOGENY_ONLY,True,6,6,-2
441694c1,441694.c1,Zha16_no_2_tors,441694,False,False,False,,1,3,True,A3_ONLY,True,1,1,3
442043a1,442043.a1,Zha16_no_2_tors,442043,False,False,False,,1,3,True,A3_ONLY,True,1,1,3
442337a1,442337.a1,Zha16_no_2_tors,442337,False,False,False,,1,3,True,A3_ONLY,True,1,1,3
442355b1,442355.b1,Zha16_no_2_tors,442355,False,False,False,,1,3,True,A3_ONLY,True,1,1,3
442511a1,442511.a1,Zha16_no_2_tors,442511,False,False,False,,1,-3,True,A3_ONLY,True,7,7,-3
442670c1,442670.c1,Zha16_no_2_tors,442670,False,False,False,,1,3,True,A3_ONLY,True,1,1,3
442741a1,442741.a1,Zha16_no_2_tors,442741,False,False,False,,1,3,True,A3_ONLY,True,1,1,3
442795a1,442795.a1,Zha16_no_2_tors,442795,True,False,False,3,1;3;9,-2,False,ISOGENY_ONLY,True,6,6,-2
442805b1,442805.b1,Zha16_no_2_tors,442805,False,False,False,,1,-3,True,A3_ONLY,True,7,7,-3
443002a1,443002.a1,Zha16_no_2_tors,443002,False,False,False,,1,-3,True,A3_ONLY,True,7,7,-3
443002b1,443002.b1,Zha16_no_2_tors,443002,False,False,False,,1,3,True,A3_ONLY,True,1,1,3
443054a1,443054.a1,Zha16_no_2_tors,443054,False,False,False,,1,-3,True,A3_ONLY,True,7,7,-3
443138b1,443138.b1,Zha16_no_2_tors,443138,False,False,False,,1,3,True,A3_ONLY,True,1,1,3
443170m1,443170.m1,Zha16_no_2_tors,443170,False,False,False,,1,3,True,A3_ONLY,True,1,1,3
443531a1,443531.a1,Zha16_no_2_tors,443531,False,False,False,,1,3,True,A3_ONLY,True,1,1,3
443773c1,443773.c1,Zha16_no_2_tors,443773,False,False,False,,1,-3,True,A3_ONLY,True,7,7,-3
443923a1,443923.a1,Zha16_no_2_tors,443923,False,False,False,,1,-3,True,A3_ONLY,True,7,7,-3
444278e1,444278.e1,Zha16_no_2_tors,444278,False,False,False,,1,3,True,A3_ONLY,True,1,1,3
444458p1,444458.p1,Zha16_no_2_tors,444458,True,False,False,3,1;3,1,False,ISOGENY_ONLY,True,3,3,1
444610b1,444610.b2,Zha16_no_2_tors,444610,True,False,False,3,1;3,1,False,ISOGENY_ONLY,True,3,3,1
444998a1,444998.a1,Zha16_no_2_tors,444998,False,False,False,,1,3,True,A3_ONLY,True,1,1,3
445010a1,445010.a1,Zha16_no_2_tors,445010,False,False,False,,1,3,True,A3_ONLY,True,1,1,3
445030b1,445030.b1,Zha16_no_2_tors,445030,True,False,False,3,1;3,-2,False,ISOGENY_ONLY,True,6,6,-2
445154a1,445154.a1,Zha16_no_2_tors,445154,False,False,False,,1,-3,True,A3_ONLY,True,7,7,-3
445211e1,445211.e1,Zha16_no_2_tors,445211,False,False,False,,1,3,True,A3_ONLY,True,1,1,3
445571a1,445571.a1,Zha16_no_2_tors,445571,False,False,False,,1,-3,True,A3_ONLY,True,7,7,-3
445610d1,445610.d1,Zha16_no_2_tors,445610,False,False,False,,1,3,True,A3_ONLY,True,1,1,3
445787a1,445787.a1,Zha16_no_2_tors,445787,False,False,False,,1,3,True,A3_ONLY,True,1,1,3
445970k1,445970.k2,Zha16_no_2_tors,445970,True,False,False,3,1;3,-2,False,ISOGENY_ONLY,True,6,6,-2
446033a1,446033.a1,Zha16_no_2_tors,446033,False,False,False,,1,-3,True,A3_ONLY,True,7,7,-3
446314b1,446314.b2,Zha16_no_2_tors,446314,True,False,False,3,1;3,1,False,ISOGENY_ONLY,True,3,3,1
446378a1,446378.a1,Zha16_no_2_tors,446378,False,False,False,,1,3,True,A3_ONLY,True,1,1,3
446509a1,446509.a1,Zha16_no_2_tors,446509,False,False,False,,1,-3,True,A3_ONLY,True,7,7,-3
446989c1,446989.c1,Zha16_no_2_tors,446989,False,False,False,,1,3,True,A3_ONLY,True,1,1,3
447122e1,447122.e2,Zha16_no_2_tors,447122,True,False,False,3,1;3,1,False,ISOGENY_ONLY,True,3,3,1
447410b1,447410.b1,Zha16_no_2_tors,447410,False,False,False,,1,3,True,A3_ONLY,True,1,1,3
447414k1,447414.k2,Zha16_no_2_tors,447414,False,True,False,5,1;5,1,False,ISOGENY_ONLY,False,3,2,-
447445b1,447445.b1,Zha16_no_2_tors,447445,False,False,False,,1,3,True,A3_ONLY,True,1,1,3
447491a1,447491.a1,Zha16_no_2_tors,447491,False,False,False,,1,-3,True,A3_ONLY,True,7,7,-3
447533a1,447533.a1,Zha16_no_2_tors,447533,False,False,False,,1,3,True,A3_ONLY,True,1,1,3
447562b1,447562.b1,Zha16_no_2_tors,447562,False,False,False,,1,3,True,A3_ONLY,True,1,1,3
447814b1,447814.b2,Zha16_no_2_tors,447814,True,False,False,3,1;3,1,False,ISOGENY_ONLY,True,3,3,1
447902a1,447902.a2,Zha16_no_2_tors,447902,True,False,False,3,1;3,-2,False,ISOGENY_ONLY,True,6,6,-2
447905a1,447905.a1,Zha16_no_2_tors,447905,False,False,False,,1,3,True,A3_ONLY,True,1,1,3
448058a1,448058.a2,Zha16_no_2_tors,448058,True,False,False,3,1;3,-2,False,ISOGENY_ONLY,True,6,6,-2
448286c1,448286.c1,Zha16_no_2_tors,448286,False,False,False,,1,-3,True,A3_ONLY,True,7,7,-3
448286d1,448286.d2,Zha16_no_2_tors,448286,False,True,False,5,1;5,-1,False,ISOGENY_ONLY,True,5,5,-1
449074b1,449074.b1,Zha16_no_2_tors,449074,False,False,False,,1,3,True,A3_ONLY,True,1,1,3
449293a1,449293.a2,Zha16_no_2_tors,449293,True,False,False,3,1;3,1,False,ISOGENY_ONLY,True,3,3,1
449389a1,449389.a1,Zha16_no_2_tors,449389,False,False,False,,1,3,True,A3_ONLY,True,1,1,3
449834o1,449834.o2,Zha16_no_2_tors,449834,True,False,False,3,1;3,-2,False,ISOGENY_ONLY,True,6,6,-2
449998a1,449998.a2,Zha16_no_2_tors,449998,True,False,False,3,1;3,-2,False,ISOGENY_ONLY,True,6,6,-2
450357a1,450357.a2,Zha16_no_2_tors,450357,False,True,False,5,1;5,1,False,ISOGENY_ONLY,False,3,2,-
450395a1,450395.a1,Zha16_no_2_tors,450395,False,False,False,,1,-3,True,A3_ONLY,True,7,7,-3
450427a1,450427.a2,Zha16_no_2_tors,450427,True,False,False,3,1;3,-2,False,ISOGENY_ONLY,True,6,6,-2
450499a1,450499.a2,Zha16_no_2_tors,450499,True,False,False,3,1;3,-2,False,ISOGENY_ONLY,True,6,6,-2
451010a1,451010.a1,Zha16_no_2_tors,451010,False,False,False,,1,-3,True,A3_ONLY,True,7,7,-3
451043a1,451043.a1,Zha16_no_2_tors,451043,False,False,False,,1,3,True,A3_ONLY,True,1,1,3
451115c1,451115.c1,Zha16_no_2_tors,451115,False,False,False,,1,3,True,A3_ONLY,True,1,1,3
451234b1,451234.b2,Zha16_no_2_tors,451234,True,False,False,3,1;3,-2,False,ISOGENY_ONLY,True,6,6,-2
451358i1,451358.i1,Zha16_no_2_tors,451358,False,False,False,,1,3,True,A3_ONLY,True,1,1,3
452341b1,452341.b1,Zha16_no_2_tors,452341,False,False,False,,1,-3,True,A3_ONLY,True,7,7,-3
452342c1,452342.c1,Zha16_no_2_tors,452342,False,False,False,,1,-3,True,A3_ONLY,True,7,7,-3
452518a1,452518.a1,Zha16_no_2_tors,452518,False,False,False,,1,3,True,A3_ONLY,True,1,1,3
452570d1,452570.d2,Zha16_no_2_tors,452570,True,False,False,3,1;3,1,False,ISOGENY_ONLY,True,3,3,1
453134f1,453134.f1,Zha16_no_2_tors,453134,False,False,False,,1,3,True,A3_ONLY,True,1,1,3
453854e1,453854.e2,Zha16_no_2_tors,453854,True,False,False,3,1;3,-2,False,ISOGENY_ONLY,True,6,6,-2
453874a1,453874.a1,Zha16_no_2_tors,453874,False,False,False,,1,-3,True,A3_ONLY,True,7,7,-3
454051a1,454051.a1,Zha16_no_2_tors,454051,False,False,False,,1,3,True,A3_ONLY,True,1,1,3
454195a1,454195.a2,Zha16_no_2_tors,454195,True,False,False,3,1;3,-2,False,ISOGENY_ONLY,True,6,6,-2
454322a1,454322.a2,Zha16_no_2_tors,454322,True,False,False,3,1;3,-2,False,ISOGENY_ONLY,True,6,6,-2
454526a1,454526.a1,Zha16_no_2_tors,454526,True,False,False,3,1;3,1,False,ISOGENY_ONLY,True,3,3,1
454643c1,454643.c1,Zha16_no_2_tors,454643,False,False,False,,1,3,True,A3_ONLY,True,1,1,3
454682c1,454682.c1,Zha16_no_2_tors,454682,False,False,False,,1,3,True,A3_ONLY,True,1,1,3
454682d1,454682.d1,Zha16_no_2_tors,454682,False,False,False,,1,3,True,A3_ONLY,True,1,1,3
454717a1,454717.a1,Zha16_no_2_tors,454717,False,False,False,,1,-3,True,A3_ONLY,True,7,7,-3
454790b1,454790.b2,Zha16_no_2_tors,454790,True,False,False,3,1;3,-2,False,ISOGENY_ONLY,True,6,6,-2
454811a1,454811.a2,Zha16_no_2_tors,454811,False,True,False,5,1;5,-1,False,ISOGENY_ONLY,True,5,5,-1
454946a1,454946.a1,Zha16_no_2_tors,454946,False,False,False,,1,3,True,A3_ONLY,True,1,1,3
455126a1,455126.a1,Zha16_no_2_tors,455126,False,False,False,,1,-3,True,A3_ONLY,True,7,7,-3
455222a1,455222.a1,Zha16_no_2_tors,455222,False,False,False,,1,-3,True,A3_ONLY,True,7,7,-3
455570a1,455570.a1,Zha16_no_2_tors,455570,False,False,False,,1,-3,True,A3_ONLY,True,7,7,-3
455690c1,455690.c1,Zha16_no_2_tors,455690,True,False,False,3,1;3,1,False,ISOGENY_ONLY,True,3,3,1
455734d1,455734.d2,Zha16_no_2_tors,455734,True,False,False,3,1;3,1,False,ISOGENY_ONLY,True,3,3,1
455917b1,455917.b2,Zha16_no_2_tors,455917,True,False,False,3,1;3,1,False,ISOGENY_ONLY,True,3,3,1
456086e1,456086.e1,Zha16_no_2_tors,456086,True,False,False,3,1;3,1,False,ISOGENY_ONLY,True,3,3,1
456253b1,456253.b1,Zha16_no_2_tors,456253,False,False,False,,1,3,True,A3_ONLY,True,1,1,3
456686a1,456686.a1,Zha16_no_2_tors,456686,False,False,False,,1,3,True,A3_ONLY,True,1,1,3
457394d1,457394.d1,Zha16_no_2_tors,457394,False,False,False,,1,3,True,A3_ONLY,True,1,1,3
457642b1,457642.b1,Zha16_no_2_tors,457642,False,False,False,,1,3,True,A3_ONLY,True,1,1,3
457667a1,457667.a1,Zha16_no_2_tors,457667,False,False,False,,1,3,True,A3_ONLY,True,1,1,3
457694a1,457694.a1,Zha16_no_2_tors,457694,False,False,False,,1,-3,True,A3_ONLY,True,7,7,-3
457706a1,457706.a1,Zha16_no_2_tors,457706,False,False,False,,1,-3,True,A3_ONLY,True,7,7,-3
457765n1,457765.n2,Zha16_no_2_tors,457765,True,False,False,3,1;3,1,False,ISOGENY_ONLY,True,3,3,1
458083a1,458083.a1,Zha16_no_2_tors,458083,True,False,False,3,1;3,-2,False,ISOGENY_ONLY,True,6,6,-2
458090c1,458090.c1,Zha16_no_2_tors,458090,False,False,False,,1,-3,True,A3_ONLY,True,7,7,-3
458378b1,458378.b1,Zha16_no_2_tors,458378,False,False,False,,1,3,True,A3_ONLY,True,1,1,3
458378d1,458378.d1,Zha16_no_2_tors,458378,False,False,False,,1,3,True,A3_ONLY,True,1,1,3
458422f1,458422.f1,Zha16_no_2_tors,458422,False,False,False,,1,3,True,A3_ONLY,True,1,1,3
458626a1,458626.a1,Zha16_no_2_tors,458626,False,False,False,,1,-3,True,A3_ONLY,True,7,7,-3
458626w1,458626.w1,Zha16_no_2_tors,458626,False,False,False,,1,3,True,A3_ONLY,True,1,1,3
458870e1,458870.e1,Zha16_no_2_tors,458870,False,False,False,,1,3,True,A3_ONLY,True,1,1,3
459002c1,459002.c1,Zha16_no_2_tors,459002,False,False,False,,1,3,True,A3_ONLY,True,1,1,3
459062a1,459062.a2,Zha16_no_2_tors,459062,True,False,False,3,1;3,1,False,ISOGENY_ONLY,True,3,3,1
459391e1,459391.e1,Zha16_no_2_tors,459391,False,False,False,,1,3,True,A3_ONLY,True,1,1,3
459662e1,459662.e1,Zha16_no_2_tors,459662,False,False,False,,1,3,True,A3_ONLY,True,1,1,3
459710a1,459710.a1,Zha16_no_2_tors,459710,False,False,False,,1,3,True,A3_ONLY,True,1,1,3
459790a1,459790.a1,Zha16_no_2_tors,459790,False,False,False,,1,3,True,A3_ONLY,True,1,1,3
459790d1,459790.d1,Zha16_no_2_tors,459790,False,False,False,,1,3,True,A3_ONLY,True,1,1,3
459938d1,459938.d1,Zha16_no_2_tors,459938,False,False,False,,1,3,True,A3_ONLY,True,1,1,3
460115a1,460115.a1,Zha16_no_2_tors,460115,False,False,False,,1,3,True,A3_ONLY,True,1,1,3
460178a1,460178.a1,Zha16_no_2_tors,460178,False,False,False,,1,3,True,A3_ONLY,True,1,1,3
460285b1,460285.b1,Zha16_no_2_tors,460285,False,False,False,,1,3,True,A3_ONLY,True,1,1,3
460607b1,460607.b1,Zha16_no_2_tors,460607,False,False,False,,1,3,True,A3_ONLY,True,1,1,3
460610b1,460610.b1,Zha16_no_2_tors,460610,False,False,False,,1,3,True,A3_ONLY,True,1,1,3
460898d1,460898.d1,Zha16_no_2_tors,460898,False,False,False,,1,3,True,A3_ONLY,True,1,1,3
460942a1,460942.a1,Zha16_no_2_tors,460942,False,False,False,,1,3,True,A3_ONLY,True,1,1,3
460994a1,460994.a1,Zha16_no_2_tors,460994,False,False,False,,1,3,True,A3_ONLY,True,1,1,3
461195c1,461195.c1,Zha16_no_2_tors,461195,False,False,False,,1,-3,True,A3_ONLY,True,7,7,-3
461702a1,461702.a1,Zha16_no_2_tors,461702,False,False,False,,1,-3,True,A3_ONLY,True,7,7,-3
461906g1,461906.g2,Zha16_no_2_tors,461906,True,False,False,3,1;3,1,False,ISOGENY_ONLY,True,3,3,1
462059a1,462059.a1,Zha16_no_2_tors,462059,False,False,False,,1,3,True,A3_ONLY,True,1,1,3
462638c1,462638.c1,Zha16_no_2_tors,462638,False,False,False,,1,3,True,A3_ONLY,True,1,1,3
462698b1,462698.b1,Zha16_no_2_tors,462698,False,False,False,,1,3,True,A3_ONLY,True,1,1,3
462737c1,462737.c1,Zha16_no_2_tors,462737,False,False,False,,1,3,True,A3_ONLY,True,1,1,3
462914a1,462914.a1,Zha16_no_2_tors,462914,True,False,False,3,1;3,1,False,ISOGENY_ONLY,True,3,3,1
463034c1,463034.c1,Zha16_no_2_tors,463034,False,False,False,,1,3,True,A3_ONLY,True,1,1,3
463186b1,463186.b1,Zha16_no_2_tors,463186,False,False,False,,1,3,True,A3_ONLY,True,1,1,3
463493a1,463493.a2,Zha16_no_2_tors,463493,True,False,False,3,1;3,-2,False,ISOGENY_ONLY,True,6,6,-2
463606q1,463606.q1,Zha16_no_2_tors,463606,False,False,False,,1,3,True,A3_ONLY,True,1,1,3
463903b1,463903.b1,Zha16_no_2_tors,463903,False,False,False,,1,3,True,A3_ONLY,True,1,1,3
464342a1,464342.a1,Zha16_no_2_tors,464342,False,False,False,,1,3,True,A3_ONLY,True,1,1,3
464470d1,464470.d2,Zha16_no_2_tors,464470,True,False,False,3,1;3,1,False,ISOGENY_ONLY,True,3,3,1
465229a1,465229.a1,Zha16_no_2_tors,465229,False,False,False,,1,3,True,A3_ONLY,True,1,1,3
465386a1,465386.a1,Zha16_no_2_tors,465386,False,False,False,,1,-3,True,A3_ONLY,True,7,7,-3
465386d1,465386.d1,Zha16_no_2_tors,465386,False,True,False,5,1;5,-1,False,ISOGENY_ONLY,True,5,5,-1
465490a1,465490.a1,Zha16_no_2_tors,465490,False,False,False,,1,3,True,A3_ONLY,True,1,1,3
465703a1,465703.a1,Zha16_no_2_tors,465703,False,False,False,,1,-3,True,A3_ONLY,True,7,7,-3
465703b1,465703.b1,Zha16_no_2_tors,465703,False,False,False,,1,3,True,A3_ONLY,True,1,1,3
465803a1,465803.a1,Zha16_no_2_tors,465803,False,False,False,,1,3,True,A3_ONLY,True,1,1,3
465862a1,465862.a1,Zha16_no_2_tors,465862,False,False,False,,1,-3,True,A3_ONLY,True,7,7,-3
466030d1,466030.d1,Zha16_no_2_tors,466030,False,False,False,,1,3,True,A3_ONLY,True,1,1,3
466034b1,466034.b1,Zha16_no_2_tors,466034,False,False,False,,1,-3,True,A3_ONLY,True,7,7,-3
466490c1,466490.c1,Zha16_no_2_tors,466490,False,False,False,,1,3,True,A3_ONLY,True,1,1,3
466739a1,466739.a1,Zha16_no_2_tors,466739,False,False,False,,1,3,True,A3_ONLY,True,1,1,3
466922d1,466922.d1,Zha16_no_2_tors,466922,False,False,False,,1,3,True,A3_ONLY,True,1,1,3
466930e1,466930.e1,Zha16_no_2_tors,466930,False,False,False,,1,3,True,A3_ONLY,True,1,1,3
467155b1,467155.b1,Zha16_no_2_tors,467155,False,False,False,,1,3,True,A3_ONLY,True,1,1,3
467258b1,467258.b2,Zha16_no_2_tors,467258,True,False,False,3,1;3,-2,False,ISOGENY_ONLY,True,6,6,-2
467390a1,467390.a1,Zha16_no_2_tors,467390,False,False,False,,1,-3,True,A3_ONLY,True,7,7,-3
467390h1,467390.h1,Zha16_no_2_tors,467390,True,False,False,3,1;3,1,False,ISOGENY_ONLY,True,3,3,1
467539a1,467539.a1,Zha16_no_2_tors,467539,False,False,False,,1,-3,True,A3_ONLY,True,7,7,-3
467570d1,467570.d1,Zha16_no_2_tors,467570,False,False,False,,1,3,True,A3_ONLY,True,1,1,3
467618b1,467618.b1,Zha16_no_2_tors,467618,False,False,False,,1,3,True,A3_ONLY,True,1,1,3
467842a1,467842.a1,Zha16_no_2_tors,467842,False,False,False,,1,-3,True,A3_ONLY,True,7,7,-3
467974a1,467974.a2,Zha16_no_2_tors,467974,True,False,False,3,1;3,-2,False,ISOGENY_ONLY,True,6,6,-2
467998a1,467998.a1,Zha16_no_2_tors,467998,True,False,False,3,1;3,-2,False,ISOGENY_ONLY,True,6,6,-2
468154a1,468154.a1,Zha16_no_2_tors,468154,False,False,False,,1,-3,True,A3_ONLY,True,7,7,-3
468197e1,468197.e1,Zha16_no_2_tors,468197,False,False,False,,1,3,True,A3_ONLY,True,1,1,3
468314b1,468314.b1,Zha16_no_2_tors,468314,False,False,False,,1,-3,True,A3_ONLY,True,7,7,-3
468358d1,468358.d2,Zha16_no_2_tors,468358,True,False,False,3,1;3,1,False,ISOGENY_ONLY,True,3,3,1
468410d1,468410.d2,Zha16_no_2_tors,468410,True,False,False,3,1;3,1,False,ISOGENY_ONLY,True,3,3,1
468757b1,468757.b1,Zha16_no_2_tors,468757,False,False,False,,1,3,True,A3_ONLY,True,1,1,3
468890c1,468890.c2,Zha16_no_2_tors,468890,True,False,False,3,1;3,1,False,ISOGENY_ONLY,True,3,3,1
469090c1,469090.c1,Zha16_no_2_tors,469090,False,False,False,,1,3,True,A3_ONLY,True,1,1,3
469090e1,469090.e1,Zha16_no_2_tors,469090,False,False,False,,1,-3,True,A3_ONLY,True,7,7,-3
469118a1,469118.a1,Zha16_no_2_tors,469118,False,False,False,,1,3,True,A3_ONLY,True,1,1,3
469931a1,469931.a2,Zha16_no_2_tors,469931,False,True,False,5,1;5,-1,False,ISOGENY_ONLY,True,5,5,-1
469994a1,469994.a1,Zha16_no_2_tors,469994,False,False,False,,1,-3,True,A3_ONLY,True,7,7,-3
470305b1,470305.b1,Zha16_no_2_tors,470305,False,False,False,,1,-3,True,A3_ONLY,True,7,7,-3
470485b1,470485.b1,Zha16_no_2_tors,470485,False,False,False,,1,3,True,A3_ONLY,True,1,1,3
470603a1,470603.a1,Zha16_no_2_tors,470603,False,False,False,,1,-3,True,A3_ONLY,True,7,7,-3
470698c1,470698.c2,Zha16_no_2_tors,470698,True,False,False,3,1;3,1,False,ISOGENY_ONLY,True,3,3,1
470861a1,470861.a1,Zha16_no_2_tors,470861,False,False,False,,1,-3,True,A3_ONLY,True,7,7,-3
471002c1,471002.c1,Zha16_no_2_tors,471002,False,False,False,,1,-3,True,A3_ONLY,True,7,7,-3
471311a1,471311.a1,Zha16_no_2_tors,471311,False,False,False,,1,3,True,A3_ONLY,True,1,1,3
471314e1,471314.e1,Zha16_no_2_tors,471314,False,False,False,,1,3,True,A3_ONLY,True,1,1,3
471422i1,471422.i1,Zha16_no_2_tors,471422,False,False,False,,1,3,True,A3_ONLY,True,1,1,3
471746d1,471746.d2,Zha16_no_2_tors,471746,True,False,False,3,1;3,-2,False,ISOGENY_ONLY,True,6,6,-2
471902a1,471902.a1,Zha16_no_2_tors,471902,False,False,False,,1,3,True,A3_ONLY,True,1,1,3
472130b1,472130.b1,Zha16_no_2_tors,472130,False,False,False,,1,3,True,A3_ONLY,True,1,1,3
472214a1,472214.a1,Zha16_no_2_tors,472214,False,False,False,,1,3,True,A3_ONLY,True,1,1,3
472310c1,472310.c2,Zha16_no_2_tors,472310,True,False,False,3,1;3,-2,False,ISOGENY_ONLY,True,6,6,-2
473057b1,473057.b1,Zha16_no_2_tors,473057,False,False,False,,1,3,True,A3_ONLY,True,1,1,3
473106d1,473106.d1,Zha16_no_2_tors,473106,False,True,False,5,1;5,1,False,ISOGENY_ONLY,False,3,2,-
473186a1,473186.a1,Zha16_no_2_tors,473186,False,False,False,,1,-3,True,A3_ONLY,True,7,7,-3
473330p1,473330.p1,Zha16_no_2_tors,473330,True,False,False,3,1;3,1,False,ISOGENY_ONLY,True,3,3,1
473603a1,473603.a1,Zha16_no_2_tors,473603,False,False,False,,1,3,True,A3_ONLY,True,1,1,3
473603b1,473603.b1,Zha16_no_2_tors,473603,False,False,False,,1,-3,True,A3_ONLY,True,7,7,-3
473779a1,473779.a1,Zha16_no_2_tors,473779,False,False,False,,1,3,True,A3_ONLY,True,1,1,3
473795b1,473795.b2,Zha16_no_2_tors,473795,True,False,False,3,1;3,1,False,ISOGENY_ONLY,True,3,3,1
474386b1,474386.b1,Zha16_no_2_tors,474386,False,False,False,,1,3,True,A3_ONLY,True,1,1,3
474470a1,474470.a1,Zha16_no_2_tors,474470,False,False,False,,1,-3,True,A3_ONLY,True,7,7,-3
474578d1,474578.d1,Zha16_no_2_tors,474578,False,False,False,,1,-3,True,A3_ONLY,True,7,7,-3
474719a1,474719.a1,Zha16_no_2_tors,474719,False,False,False,,1,3,True,A3_ONLY,True,1,1,3
474770h1,474770.h1,Zha16_no_2_tors,474770,False,False,False,,1,3,True,A3_ONLY,True,1,1,3
475115b1,475115.b1,Zha16_no_2_tors,475115,True,False,False,3,1;3,1,False,ISOGENY_ONLY,True,3,3,1
475115c1,475115.c1,Zha16_no_2_tors,475115,False,False,False,,1,3,True,A3_ONLY,True,1,1,3
475678b1,475678.b1,Zha16_no_2_tors,475678,True,False,False,3,1;3,-2,False,ISOGENY_ONLY,True,6,6,-2
475822a1,475822.a1,Zha16_no_2_tors,475822,False,False,False,,1,3,True,A3_ONLY,True,1,1,3
475910a1,475910.a1,Zha16_no_2_tors,475910,False,False,False,,1,-3,True,A3_ONLY,True,7,7,-3
475931a1,475931.a2,Zha16_no_2_tors,475931,True,False,False,3,1;3,1,False,ISOGENY_ONLY,True,3,3,1
476042e1,476042.e1,Zha16_no_2_tors,476042,False,False,False,,1,3,True,A3_ONLY,True,1,1,3
476090d1,476090.d1,Zha16_no_2_tors,476090,False,False,False,,1,-3,True,A3_ONLY,True,7,7,-3
476090f1,476090.f1,Zha16_no_2_tors,476090,False,False,False,,1,3,True,A3_ONLY,True,1,1,3
476090g1,476090.g1,Zha16_no_2_tors,476090,False,False,False,,1,3,True,A3_ONLY,True,1,1,3
476147b1,476147.b1,Zha16_no_2_tors,476147,False,False,False,,1,3,True,A3_ONLY,True,1,1,3
476210c1,476210.c1,Zha16_no_2_tors,476210,True,False,False,3,1;3,1,False,ISOGENY_ONLY,True,3,3,1
476486b1,476486.b2,Zha16_no_2_tors,476486,True,False,False,3,1;3,-2,False,ISOGENY_ONLY,True,6,6,-2
476630a1,476630.a1,Zha16_no_2_tors,476630,False,False,False,,1,-3,True,A3_ONLY,True,7,7,-3
476630y1,476630.y1,Zha16_no_2_tors,476630,True,False,False,3,1;3,1,False,ISOGENY_ONLY,True,3,3,1
476762d1,476762.d1,Zha16_no_2_tors,476762,True,False,False,3,1;3,1,False,ISOGENY_ONLY,True,3,3,1
476882a1,476882.a1,Zha16_no_2_tors,476882,False,False,False,,1,-3,True,A3_ONLY,True,7,7,-3
476882e1,476882.e2,Zha16_no_2_tors,476882,True,False,False,3,1;3,1,False,ISOGENY_ONLY,True,3,3,1
477190a1,477190.a1,Zha16_no_2_tors,477190,False,False,False,,1,-3,True,A3_ONLY,True,7,7,-3
477190r1,477190.r1,Zha16_no_2_tors,477190,False,False,False,,1,3,True,A3_ONLY,True,1,1,3
477413a1,477413.a1,Zha16_no_2_tors,477413,False,False,False,,1,-3,True,A3_ONLY,True,7,7,-3
477421b1,477421.b3,Zha16_no_2_tors,477421,True,False,False,3,1;3;9,1,False,ISOGENY_ONLY,True,3,3,1
477454a1,477454.a1,Zha16_no_2_tors,477454,False,False,False,,1,3,True,A3_ONLY,True,1,1,3
477730b1,477730.b1,Zha16_no_2_tors,477730,False,False,False,,1,-3,True,A3_ONLY,True,7,7,-3
477923a1,477923.a2,Zha16_no_2_tors,477923,True,False,False,3,1;3,1,False,ISOGENY_ONLY,True,3,3,1
478018d1,478018.d1,Zha16_no_2_tors,478018,False,False,False,,1,3,True,A3_ONLY,True,1,1,3
478030d1,478030.d1,Zha16_no_2_tors,478030,False,False,False,,1,3,True,A3_ONLY,True,1,1,3
478058b1,478058.b1,Zha16_no_2_tors,478058,True,False,False,3,1;3,1,False,ISOGENY_ONLY,True,3,3,1
478082c1,478082.c1,Zha16_no_2_tors,478082,False,False,False,,1,3,True,A3_ONLY,True,1,1,3
478126a1,478126.a1,Zha16_no_2_tors,478126,False,False,False,,1,-3,True,A3_ONLY,True,7,7,-3
478162a1,478162.a1,Zha16_no_2_tors,478162,False,False,False,,1,-3,True,A3_ONLY,True,7,7,-3
478195a1,478195.a1,Zha16_no_2_tors,478195,True,False,False,3,1;3,-2,False,ISOGENY_ONLY,True,6,6,-2
478234a1,478234.a2,Zha16_no_2_tors,478234,True,False,False,3,1;3,-2,False,ISOGENY_ONLY,True,6,6,-2
478235a1,478235.a1,Zha16_no_2_tors,478235,False,False,False,,1,3,True,A3_ONLY,True,1,1,3
478258a1,478258.a1,Zha16_no_2_tors,478258,False,False,False,,1,3,True,A3_ONLY,True,1,1,3
478355a1,478355.a1,Zha16_no_2_tors,478355,False,False,False,,1,3,True,A3_ONLY,True,1,1,3
478423c1,478423.c1,Zha16_no_2_tors,478423,False,False,False,,1,-3,True,A3_ONLY,True,7,7,-3
478597a1,478597.a1,Zha16_no_2_tors,478597,False,False,False,,1,3,True,A3_ONLY,True,1,1,3
478610a1,478610.a1,Zha16_no_2_tors,478610,False,False,False,,1,-3,True,A3_ONLY,True,7,7,-3
478667a1,478667.a1,Zha16_no_2_tors,478667,True,False,False,3,1;3,1,False,ISOGENY_ONLY,True,3,3,1
478814b1,478814.b1,Zha16_no_2_tors,478814,False,False,False,,1,-3,True,A3_ONLY,True,7,7,-3
478898a1,478898.a1,Zha16_no_2_tors,478898,False,False,False,,1,-3,True,A3_ONLY,True,7,7,-3
479258b1,479258.b1,Zha16_no_2_tors,479258,True,False,False,3,1;3,1,False,ISOGENY_ONLY,True,3,3,1
479338e1,479338.e1,Zha16_no_2_tors,479338,False,False,False,,1,3,True,A3_ONLY,True,1,1,3
479435c1,479435.c1,Zha16_no_2_tors,479435,False,False,False,,1,-3,True,A3_ONLY,True,7,7,-3
479738a1,479738.a1,Zha16_no_2_tors,479738,False,False,False,,1,3,True,A3_ONLY,True,1,1,3
479974c1,479974.c1,Zha16_no_2_tors,479974,False,False,False,,1,3,True,A3_ONLY,True,1,1,3
480110d1,480110.d1,Zha16_no_2_tors,480110,False,False,False,,1,3,True,A3_ONLY,True,1,1,3
480293d1,480293.d1,Zha16_no_2_tors,480293,False,False,False,,1,3,True,A3_ONLY,True,1,1,3
480470a1,480470.a2,Zha16_no_2_tors,480470,True,False,False,3,1;3,1,False,ISOGENY_ONLY,True,3,3,1
480662f1,480662.f3,Zha16_no_2_tors,480662,True,False,False,3,1;3;9,-2,False,ISOGENY_ONLY,True,6,6,-2
481070c1,481070.c1,Zha16_no_2_tors,481070,True,False,False,3,1;3,1,False,ISOGENY_ONLY,True,3,3,1
481778g1,481778.g1,Zha16_no_2_tors,481778,False,False,False,,1,3,True,A3_ONLY,True,1,1,3
482042a1,482042.a2,Zha16_no_2_tors,482042,True,False,False,3,1;3,-2,False,ISOGENY_ONLY,True,6,6,-2
482270f1,482270.f1,Zha16_no_2_tors,482270,True,False,False,3,1;3,1,False,ISOGENY_ONLY,True,3,3,1
482270k1,482270.k1,Zha16_no_2_tors,482270,False,False,False,,1,3,True,A3_ONLY,True,1,1,3
482314h1,482314.h1,Zha16_no_2_tors,482314,False,False,False,,1,3,True,A3_ONLY,True,1,1,3
482570i1,482570.i1,Zha16_no_2_tors,482570,False,False,False,,1,3,True,A3_ONLY,True,1,1,3
482890c1,482890.c1,Zha16_no_2_tors,482890,False,False,False,,1,-3,True,A3_ONLY,True,7,7,-3
483094a1,483094.a1,Zha16_no_2_tors,483094,False,False,False,,1,-3,True,A3_ONLY,True,7,7,-3
483098e1,483098.e1,Zha16_no_2_tors,483098,False,False,False,,1,3,True,A3_ONLY,True,1,1,3
483154c1,483154.c1,Zha16_no_2_tors,483154,False,False,False,,1,3,True,A3_ONLY,True,1,1,3
483422a1,483422.a1,Zha16_no_2_tors,483422,False,False,False,,1,3,True,A3_ONLY,True,1,1,3
483770a1,483770.a1,Zha16_no_2_tors,483770,True,False,False,3,1;3,1,False,ISOGENY_ONLY,True,3,3,1
484106c1,484106.c1,Zha16_no_2_tors,484106,False,False,False,,1,3,True,A3_ONLY,True,1,1,3
484382c1,484382.c2,Zha16_no_2_tors,484382,True,False,False,3,1;3,1,False,ISOGENY_ONLY,True,3,3,1
484406c1,484406.c1,Zha16_no_2_tors,484406,False,False,False,,1,-3,True,A3_ONLY,True,7,7,-3
484477b1,484477.b1,Zha16_no_2_tors,484477,False,False,False,,1,3,True,A3_ONLY,True,1,1,3
484522a1,484522.a1,Zha16_no_2_tors,484522,False,False,False,,1,3,True,A3_ONLY,True,1,1,3
484811a1,484811.a1,Zha16_no_2_tors,484811,False,False,False,,1,3,True,A3_ONLY,True,1,1,3
484898a1,484898.a1,Zha16_no_2_tors,484898,False,False,False,,1,-3,True,A3_ONLY,True,7,7,-3
484930b1,484930.b1,Zha16_no_2_tors,484930,True,False,False,3,1;3,-2,False,ISOGENY_ONLY,True,6,6,-2
485254a1,485254.a2,Zha16_no_2_tors,485254,True,False,False,3,1;3,-2,False,ISOGENY_ONLY,True,6,6,-2
485435b1,485435.b1,Zha16_no_2_tors,485435,False,False,False,,1,3,True,A3_ONLY,True,1,1,3
485771c1,485771.c3,Zha16_no_2_tors,485771,True,False,False,3,1;3;9,1,False,ISOGENY_ONLY,True,3,3,1
486013d1,486013.d1,Zha16_no_2_tors,486013,False,False,False,,1,3,True,A3_ONLY,True,1,1,3
486082a1,486082.a2,Zha16_no_2_tors,486082,True,False,False,3,1;3,-2,False,ISOGENY_ONLY,True,6,6,-2
486115d1,486115.d1,Zha16_no_2_tors,486115,True,False,False,3,1;3,-2,False,ISOGENY_ONLY,True,6,6,-2
486406a1,486406.a1,Zha16_no_2_tors,486406,False,False,False,,1,3,True,A3_ONLY,True,1,1,3
486430a1,486430.a1,Zha16_no_2_tors,486430,False,False,False,,1,-3,True,A3_ONLY,True,7,7,-3
486434g1,486434.g2,Zha16_no_2_tors,486434,True,False,False,3,1;3,1,False,ISOGENY_ONLY,True,3,3,1
486593a1,486593.a1,Zha16_no_2_tors,486593,False,False,False,,1,3,True,A3_ONLY,True,1,1,3
486842a1,486842.a1,Zha16_no_2_tors,486842,False,False,False,,1,-3,True,A3_ONLY,True,7,7,-3
486910i1,486910.i2,Zha16_no_2_tors,486910,True,False,False,3,1;3,1,False,ISOGENY_ONLY,True,3,3,1
487070b1,487070.b1,Zha16_no_2_tors,487070,False,False,False,,1,3,True,A3_ONLY,True,1,1,3
487118d1,487118.d1,Zha16_no_2_tors,487118,False,False,False,,1,-3,True,A3_ONLY,True,7,7,-3
487595a1,487595.a1,Zha16_no_2_tors,487595,False,False,False,,1,3,True,A3_ONLY,True,1,1,3
488123a1,488123.a1,Zha16_no_2_tors,488123,False,False,False,,1,-3,True,A3_ONLY,True,7,7,-3
488147a1,488147.a1,Zha16_no_2_tors,488147,False,False,False,,1,-3,True,A3_ONLY,True,7,7,-3
488219a1,488219.a1,Zha16_no_2_tors,488219,False,False,False,,1,-3,True,A3_ONLY,True,7,7,-3
488555a1,488555.a1,Zha16_no_2_tors,488555,False,False,False,,1,-3,True,A3_ONLY,True,7,7,-3
488894h1,488894.h1,Zha16_no_2_tors,488894,False,False,False,,1,3,True,A3_ONLY,True,1,1,3
489038b1,489038.b1,Zha16_no_2_tors,489038,False,False,False,,1,3,True,A3_ONLY,True,1,1,3
489470a1,489470.a1,Zha16_no_2_tors,489470,False,False,False,,1,3,True,A3_ONLY,True,1,1,3
489638a1,489638.a2,Zha16_no_2_tors,489638,True,False,False,3,1;3,1,False,ISOGENY_ONLY,True,3,3,1
489955c1,489955.c2,Zha16_no_2_tors,489955,True,False,False,3,1;3,-2,False,ISOGENY_ONLY,True,6,6,-2
490211a1,490211.a1,Zha16_no_2_tors,490211,False,False,False,,1,-3,True,A3_ONLY,True,7,7,-3
490222b1,490222.b2,Zha16_no_2_tors,490222,True,False,False,3,1;3,1,False,ISOGENY_ONLY,True,3,3,1
490282a1,490282.a1,Zha16_no_2_tors,490282,False,False,False,,1,-3,True,A3_ONLY,True,7,7,-3
490354c1,490354.c1,Zha16_no_2_tors,490354,False,False,False,,1,-3,True,A3_ONLY,True,7,7,-3
490613a1,490613.a2,Zha16_no_2_tors,490613,True,False,False,3,1;3,-2,False,ISOGENY_ONLY,True,6,6,-2
490738b1,490738.b1,Zha16_no_2_tors,490738,True,False,False,3,1;3,-2,False,ISOGENY_ONLY,True,6,6,-2
490934g1,490934.g2,Zha16_no_2_tors,490934,True,False,False,3,1;3,-2,False,ISOGENY_ONLY,True,6,6,-2
491147a1,491147.a1,Zha16_no_2_tors,491147,False,False,False,,1,-3,True,A3_ONLY,True,7,7,-3
491774a1,491774.a1,Zha16_no_2_tors,491774,False,False,False,,1,3,True,A3_ONLY,True,1,1,3
491906a1,491906.a1,Zha16_no_2_tors,491906,False,False,False,,1,-3,True,A3_ONLY,True,7,7,-3
492170g1,492170.g1,Zha16_no_2_tors,492170,False,False,False,,1,3,True,A3_ONLY,True,1,1,3
492170h1,492170.h1,Zha16_no_2_tors,492170,False,False,False,,1,-3,True,A3_ONLY,True,7,7,-3
492193a1,492193.a1,Zha16_no_2_tors,492193,False,False,False,,1,-3,True,A3_ONLY,True,7,7,-3
492218a1,492218.a1,Zha16_no_2_tors,492218,False,False,False,,1,-3,True,A3_ONLY,True,7,7,-3
492362d1,492362.d1,Zha16_no_2_tors,492362,False,False,False,,1,3,True,A3_ONLY,True,1,1,3
492518b1,492518.b1,Zha16_no_2_tors,492518,False,False,False,,1,3,True,A3_ONLY,True,1,1,3
492571a1,492571.a1,Zha16_no_2_tors,492571,False,False,False,,1,-3,True,A3_ONLY,True,7,7,-3
492590c1,492590.c2,Zha16_no_2_tors,492590,True,False,False,3,1;3,-2,False,ISOGENY_ONLY,True,6,6,-2
492626a1,492626.a1,Zha16_no_2_tors,492626,False,False,False,,1,-3,True,A3_ONLY,True,7,7,-3
492803a1,492803.a1,Zha16_no_2_tors,492803,False,False,False,,1,3,True,A3_ONLY,True,1,1,3
492830j1,492830.j2,Zha16_no_2_tors,492830,True,False,False,3,1;3,-2,False,ISOGENY_ONLY,True,6,6,-2
492854c1,492854.c1,Zha16_no_2_tors,492854,False,False,False,,1,3,True,A3_ONLY,True,1,1,3
492898j1,492898.j3,Zha16_no_2_tors,492898,True,False,False,3,1;3;9,1,False,ISOGENY_ONLY,True,3,3,1
492898l1,492898.l1,Zha16_no_2_tors,492898,False,False,False,,1,3,True,A3_ONLY,True,1,1,3
493073a1,493073.a1,Zha16_no_2_tors,493073,False,False,False,,1,-3,True,A3_ONLY,True,7,7,-3
493237a1,493237.a1,Zha16_no_2_tors,493237,False,False,False,,1,3,True,A3_ONLY,True,1,1,3
493658a1,493658.a1,Zha16_no_2_tors,493658,False,False,False,,1,3,True,A3_ONLY,True,1,1,3
493870d1,493870.d1,Zha16_no_2_tors,493870,True,False,False,3,1;3,-2,False,ISOGENY_ONLY,True,6,6,-2
493886a1,493886.a1,Zha16_no_2_tors,493886,False,False,False,,1,3,True,A3_ONLY,True,1,1,3
494221c1,494221.c3,Zha16_no_2_tors,494221,True,False,False,3,1;3;9,1,False,ISOGENY_ONLY,True,3,3,1
494426a1,494426.a1,Zha16_no_2_tors,494426,True,False,False,3,1;3,1,False,ISOGENY_ONLY,True,3,3,1
494515c1,494515.c1,Zha16_no_2_tors,494515,True,False,False,3,1;3,-2,False,ISOGENY_ONLY,True,6,6,-2
494714b1,494714.b1,Zha16_no_2_tors,494714,False,False,False,,1,-3,True,A3_ONLY,True,7,7,-3
494729a1,494729.a1,Zha16_no_2_tors,494729,False,False,False,,1,3,True,A3_ONLY,True,1,1,3
494770c1,494770.c1,Zha16_no_2_tors,494770,False,False,False,,1,3,True,A3_ONLY,True,1,1,3
494795a1,494795.a1,Zha16_no_2_tors,494795,False,False,False,,1,-3,True,A3_ONLY,True,7,7,-3
494914j1,494914.j1,Zha16_no_2_tors,494914,False,False,False,,1,3,True,A3_ONLY,True,1,1,3
495098a1,495098.a1,Zha16_no_2_tors,495098,True,False,False,3,1;3,1,False,ISOGENY_ONLY,True,3,3,1
495494a1,495494.a1,Zha16_no_2_tors,495494,False,False,False,,1,-3,True,A3_ONLY,True,7,7,-3
495506c1,495506.c1,Zha16_no_2_tors,495506,False,False,False,,1,3,True,A3_ONLY,True,1,1,3
495826e1,495826.e1,Zha16_no_2_tors,495826,False,False,False,,1,3,True,A3_ONLY,True,1,1,3
495874b1,495874.b1,Zha16_no_2_tors,495874,False,False,False,,1,3,True,A3_ONLY,True,1,1,3
496022a1,496022.a1,Zha16_no_2_tors,496022,False,False,False,,1,3,True,A3_ONLY,True,1,1,3
496090a1,496090.a1,Zha16_no_2_tors,496090,True,False,False,3,1;3,-2,False,ISOGENY_ONLY,True,6,6,-2
496097b1,496097.b1,Zha16_no_2_tors,496097,False,False,False,,1,3,True,A3_ONLY,True,1,1,3
496097c1,496097.c1,Zha16_no_2_tors,496097,False,False,False,,1,3,True,A3_ONLY,True,1,1,3
496978a1,496978.a1,Zha16_no_2_tors,496978,False,False,False,,1,-3,True,A3_ONLY,True,7,7,-3
497002i1,497002.i1,Zha16_no_2_tors,497002,False,False,False,,1,3,True,A3_ONLY,True,1,1,3
497002o1,497002.o1,Zha16_no_2_tors,497002,False,False,False,,1,3,True,A3_ONLY,True,1,1,3
497437a1,497437.a1,Zha16_no_2_tors,497437,False,False,False,,1,3,True,A3_ONLY,True,1,1,3
497510b1,497510.b1,Zha16_no_2_tors,497510,True,False,False,3,1;3,1,False,ISOGENY_ONLY,True,3,3,1
497510c1,497510.c1,Zha16_no_2_tors,497510,False,False,False,,1,3,True,A3_ONLY,True,1,1,3
497674c1,497674.c1,Zha16_no_2_tors,497674,True,False,False,3,1;3,-2,False,ISOGENY_ONLY,True,6,6,-2
497762b1,497762.b1,Zha16_no_2_tors,497762,False,False,False,,1,3,True,A3_ONLY,True,1,1,3
497845d1,497845.d1,Zha16_no_2_tors,497845,False,False,False,,1,-3,True,A3_ONLY,True,7,7,-3
498110a1,498110.a1,Zha16_no_2_tors,498110,False,False,False,,1,-3,True,A3_ONLY,True,7,7,-3
498155b1,498155.b1,Zha16_no_2_tors,498155,False,False,False,,1,3,True,A3_ONLY,True,1,1,3
498190a1,498190.a1,Zha16_no_2_tors,498190,False,False,False,,1,-3,True,A3_ONLY,True,7,7,-3
498866a1,498866.a1,Zha16_no_2_tors,498866,False,False,False,,1,3,True,A3_ONLY,True,1,1,3
499235c1,499235.c1,Zha16_no_2_tors,499235,False,False,False,,1,3,True,A3_ONLY,True,1,1,3
499330h1,499330.h1,Zha16_no_2_tors,499330,False,False,False,,1,3,True,A3_ONLY,True,1,1,3
499330i1,499330.i1,Zha16_no_2_tors,499330,False,False,False,,1,3,True,A3_ONLY,True,1,1,3
499358b1,499358.b1,Zha16_no_2_tors,499358,False,False,False,,1,-3,True,A3_ONLY,True,7,7,-3
499358e1,499358.e2,Zha16_no_2_tors,499358,True,False,False,3,1;3,1,False,ISOGENY_ONLY,True,3,3,1
499402b1,499402.b1,Zha16_no_2_tors,499402,False,False,False,,1,-3,True,A3_ONLY,True,7,7,-3
499409b1,499409.b1,Zha16_no_2_tors,499409,False,False,False,,1,3,True,A3_ONLY,True,1,1,3
499517d1,499517.d1,Zha16_no_2_tors,499517,False,False,False,,1,3,True,A3_ONLY,True,1,1,3
499565a1,499565.a1,Zha16_no_2_tors,499565,False,False,False,,1,-3,True,A3_ONLY,True,7,7,-3
499843a1,499843.a1,Zha16_no_2_tors,499843,True,False,False,3,1;3,-2,False,ISOGENY_ONLY,True,6,6,-2
499958a1,499958.a1,Zha16_no_2_tors,499958,False,False,False,,1,3,True,A3_ONLY,True,1,1,3
499961d1,499961.d1,Zha16_no_2_tors,499961,False,False,False,,1,-3,True,A3_ONLY,True,7,7,-3
