curve_label,status,old_index,new_index,old_source,new_source,old_lmfdb_label,new_lmfdb_label
14a1,REMOVED,1,,CLZ20,,14.a6,
26a1,REMOVED,3748,,Zha16_no_2_tors,,26.a2,
26b1,REMOVED,3749,,Zha16_no_2_tors,,26.b2,
34a1,REMOVED,2,,CLZ20,,34.a4,
35a1,REMOVED,3750,,Zha16_no_2_tors,,35.a3,
38a1,REMOVED,3751,,Zha16_no_2_tors,,38.a3,
38b1,REMOVED,3752,,Zha16_no_2_tors,,38.b2,
66c1,REMOVED,4,,CLZ20,,66.c3,
106a1,REMOVED,3754,,Zha16_no_2_tors,,106.c2,
110b1,REMOVED,3756,,Zha16_no_2_tors,,110.c1,
110c1,REMOVED,3755,,Zha16_no_2_tors,,110.a1,
142d1,REMOVED,3762,,Zha16_no_2_tors,,142.e2,
142e1,REMOVED,3761,,Zha16_no_2_tors,,142.c1,
170c1,REMOVED,3765,,Zha16_no_2_tors,,170.e2,
170d1,REMOVED,3763,,Zha16_no_2_tors,,170.c1,
170e1,REMOVED,3764,,Zha16_no_2_tors,,170.d1,
174b1,REMOVED,3768,,Zha16_no_2_tors,,174.e2,
182b1,REMOVED,3771,,Zha16_no_2_tors,,182.d3,
182d1,REMOVED,3772,,Zha16_no_2_tors,,182.e1,
182e1,REMOVED,3770,,Zha16_no_2_tors,,182.b1,
186b1,REMOVED,3775,,Zha16_no_2_tors,,186.c2,
203a1,REMOVED,3781,,Zha16_no_2_tors,,203.a2,
246b1,REMOVED,3789,,Zha16_no_2_tors,,246.g2,
286a1,REMOVED,3791,,Zha16_no_2_tors,,286.a1,
323a1,REMOVED,3798,,Zha16_no_2_tors,,323.a1,
326c1,REMOVED,3799,,Zha16_no_2_tors,,326.a2,
355a1,REMOVED,3804,,Zha16_no_2_tors,,355.a2,
358b1,REMOVED,3806,,Zha16_no_2_tors,,358.b1,
366b1,REMOVED,3809,,Zha16_no_2_tors,,366.f2,
370c1,REMOVED,3810,,Zha16_no_2_tors,,370.a2,
426a1,REMOVED,3815,,Zha16_no_2_tors,,426.c2,
434b1,REMOVED,3818,,Zha16_no_2_tors,,434.d2,
434e1,REMOVED,3817,,Zha16_no_2_tors,,434.b1,
485a1,REMOVED,3822,,Zha16_no_2_tors,,485.a2,
506c1,REMOVED,3824,,Zha16_no_2_tors,,506.b2,
574e1,REMOVED,3835,,Zha16_no_2_tors,,574.f1,
574j1,REMOVED,3836,,Zha16_no_2_tors,,574.i2,
602c1,REMOVED,3843,,Zha16_no_2_tors,,602.c1,
606f1,REMOVED,3845,,Zha16_no_2_tors,,606.f1,
611a1,REMOVED,3847,,Zha16_no_2_tors,,611.a1,
730b1,REMOVED,3856,,Zha16_no_2_tors,,730.b2,
730c1,REMOVED,3859,,Zha16_no_2_tors,,730.g1,
730k1,REMOVED,3861,,Zha16_no_2_tors,,730.k2,
755e1,REMOVED,3867,,Zha16_no_2_tors,,755.f1,
755f1,REMOVED,3865,,Zha16_no_2_tors,,755.d1,
782d1,REMOVED,3872,,Zha16_no_2_tors,,782.e1,
786m1,REMOVED,3874,,Zha16_no_2_tors,,786.m2,
874a1,REMOVED,3881,,Zha16_no_2_tors,,874.c1,
874b1,REMOVED,3880,,Zha16_no_2_tors,,874.a1,
874f1,REMOVED,3882,,Zha16_no_2_tors,,874.f2,
895b1,REMOVED,3884,,Zha16_no_2_tors,,895.b1,
901c1,REMOVED,3888,,Zha16_no_2_tors,,901.e2,
923a1,REMOVED,3897,,Zha16_no_2_tors,,923.a1,
934b1,REMOVED,3902,,Zha16_no_2_tors,,934.b2,
934c1,REMOVED,3903,,Zha16_no_2_tors,,934.c1,
974d1,REMOVED,3913,,Zha16_no_2_tors,,974.d1,
989a1,REMOVED,3920,,Zha16_no_2_tors,,989.a1,
1042c1,REMOVED,3925,,Zha16_no_2_tors,,1042.b2,
1070b1,REMOVED,3929,,Zha16_no_2_tors,,1070.b1,
1073b1,REMOVED,3931,,Zha16_no_2_tors,,1073.b1,
1090e1,REMOVED,3937,,Zha16_no_2_tors,,1090.i1,
1090h1,REMOVED,3935,,Zha16_no_2_tors,,1090.f2,
1106c1,REMOVED,3939,,Zha16_no_2_tors,,1106.d1,
1118a1,REMOVED,3941,,Zha16_no_2_tors,,1118.a2,
1169a1,REMOVED,3945,,Zha16_no_2_tors,,1169.a1,
1230k1,REMOVED,3957,,Zha16_no_2_tors,,1230.k2,
1254k1,REMOVED,3963,,Zha16_no_2_tors,,1254.j2,
1342c1,REMOVED,3972,,Zha16_no_2_tors,,1342.b3,
1342d1,REMOVED,3973,,Zha16_no_2_tors,,1342.d1,
1379a1,REMOVED,3975,,Zha16_no_2_tors,,1379.a1,
1426b1,REMOVED,85,,CLZ20,,1426.b4,
1442c1,REMOVED,3980,,Zha16_no_2_tors,,1442.d1,
1490b1,REMOVED,3986,,Zha16_no_2_tors,,1490.c1,
1495b1,REMOVED,3988,,Zha16_no_2_tors,,1495.b1,
1546a1,REMOVED,3998,,Zha16_no_2_tors,,1546.a1,
1595b1,REMOVED,4001,,Zha16_no_2_tors,,1595.c1,
1726b1,REMOVED,4012,,Zha16_no_2_tors,,1726.b2,
1727a1,REMOVED,4013,,Zha16_no_2_tors,,1727.b1,
1730a1,REMOVED,4015,,Zha16_no_2_tors,,1730.a1,
1771a1,REMOVED,4021,,Zha16_no_2_tors,,1771.d1,
1771c1,REMOVED,4020,,Zha16_no_2_tors,,1771.c1,
1835a1,REMOVED,4033,,Zha16_no_2_tors,,1835.a1,
1866i1,REMOVED,4036,,Zha16_no_2_tors,,1866.i2,
1914o1,REMOVED,4045,,Zha16_no_2_tors,,1914.o1,
1955b1,REMOVED,4051,,Zha16_no_2_tors,,1955.b1,
1990d1,REMOVED,4055,,Zha16_no_2_tors,,1990.c2,
2006f1,REMOVED,4060,,Zha16_no_2_tors,,2006.f1,
2090m1,REMOVED,4073,,Zha16_no_2_tors,,2090.o2,
2105a1,REMOVED,4076,,Zha16_no_2_tors,,2105.a1,
2170d1,REMOVED,4085,,Zha16_no_2_tors,,2170.h1,
2170f1,REMOVED,4084,,Zha16_no_2_tors,,2170.e2,
2173b1,REMOVED,4086,,Zha16_no_2_tors,,2173.c1,
2318e1,REMOVED,4096,,Zha16_no_2_tors,,2318.d2,
2342b1,REMOVED,4102,,Zha16_no_2_tors,,2342.c1,
2365c1,REMOVED,4103,,Zha16_no_2_tors,,2365.b1,
2378b1,REMOVED,4107,,Zha16_no_2_tors,,2378.c1,
2390a1,REMOVED,4109,,Zha16_no_2_tors,,2390.a1,
2390b1,REMOVED,4110,,Zha16_no_2_tors,,2390.c1,
2414c1,REMOVED,4113,,Zha16_no_2_tors,,2414.e1,
2414g1,REMOVED,4114,,Zha16_no_2_tors,,2414.g1,
2435a1,REMOVED,4118,,Zha16_no_2_tors,,2435.a1,
2518c1,REMOVED,4129,,Zha16_no_2_tors,,2518.c2,
2534f1,REMOVED,4131,,Zha16_no_2_tors,,2534.i1,
2534i1,REMOVED,4130,,Zha16_no_2_tors,,2534.g2,
2563b1,REMOVED,4138,,Zha16_no_2_tors,,2563.c2,
2590c1,REMOVED,4141,,Zha16_no_2_tors,,2590.a2,
2627b1,REMOVED,4155,,Zha16_no_2_tors,,2627.b1,
2638c1,REMOVED,4158,,Zha16_no_2_tors,,2638.a1,
2681a1,REMOVED,4162,,Zha16_no_2_tors,,2681.a1,
2710f1,REMOVED,4168,,Zha16_no_2_tors,,2710.e1,
2726c1,REMOVED,4170,,Zha16_no_2_tors,,2726.a2,
2771a1,REMOVED,4178,,Zha16_no_2_tors,,2771.a2,
2773a1,REMOVED,4179,,Zha16_no_2_tors,,2773.a1,
2822a1,REMOVED,4185,,Zha16_no_2_tors,,2822.b1,
2834b1,REMOVED,4188,,Zha16_no_2_tors,,2834.b1,
2834d1,REMOVED,4189,,Zha16_no_2_tors,,2834.e1,
2846c1,REMOVED,4191,,Zha16_no_2_tors,,2846.c1,
2914e1,REMOVED,4195,,Zha16_no_2_tors,,2914.h1,
2915b1,REMOVED,4197,,Zha16_no_2_tors,,2915.d1,
2938c1,REMOVED,4200,,Zha16_no_2_tors,,2938.a2,
2978a1,REMOVED,4202,,Zha16_no_2_tors,,2978.a1,
3014a1,REMOVED,4207,,Zha16_no_2_tors,,3014.c1,
3094h1,REMOVED,4215,,Zha16_no_2_tors,,3094.e2,
3166b1,REMOVED,4228,,Zha16_no_2_tors,,3166.c1,
3190a1,REMOVED,4229,,Zha16_no_2_tors,,3190.a2,
3230b1,REMOVED,4233,,Zha16_no_2_tors,,3230.b2,
3230c1,REMOVED,4235,,Zha16_no_2_tors,,3230.g1,
3235b1,REMOVED,4236,,Zha16_no_2_tors,,3235.b1,
3254b1,REMOVED,4238,,Zha16_no_2_tors,,3254.b1,
3266a1,REMOVED,4240,,Zha16_no_2_tors,,3266.a1,
3266d1,REMOVED,4241,,Zha16_no_2_tors,,3266.b1,
3278a1,REMOVED,4245,,Zha16_no_2_tors,,3278.c1,
3278d1,REMOVED,4246,,Zha16_no_2_tors,,3278.e1,
3386a1,REMOVED,4258,,Zha16_no_2_tors,,3386.a1,
3421b1,REMOVED,4260,,Zha16_no_2_tors,,3421.b1,
3493b1,REMOVED,4272,,Zha16_no_2_tors,,3493.a1,
3514c1,REMOVED,4274,,Zha16_no_2_tors,,3514.b2,
3590b1,REMOVED,4279,,Zha16_no_2_tors,,3590.a2,
3605c1,REMOVED,4281,,Zha16_no_2_tors,,3605.c3,
3670b1,REMOVED,4294,,Zha16_no_2_tors,,3670.a1,
3707a1,REMOVED,4298,,Zha16_no_2_tors,,3707.a1,
3770f1,REMOVED,4307,,Zha16_no_2_tors,,3770.d1,
3781a1,REMOVED,4311,,Zha16_no_2_tors,,3781.a1,
3962c1,REMOVED,4333,,Zha16_no_2_tors,,3962.c3,
3995e1,REMOVED,4343,,Zha16_no_2_tors,,3995.b1,
4010b1,REMOVED,4345,,Zha16_no_2_tors,,4010.d1,
4011d1,REMOVED,4346,,Zha16_no_2_tors,,4011.a2,
4042a1,REMOVED,4352,,Zha16_no_2_tors,,4042.a1,
4045a1,REMOVED,4354,,Zha16_no_2_tors,,4045.a2,
4066a1,REMOVED,4355,,Zha16_no_2_tors,,4066.a1,
4070c1,REMOVED,4356,,Zha16_no_2_tors,,4070.c1,
4094d1,REMOVED,4364,,Zha16_no_2_tors,,4094.d1,
4154a1,REMOVED,4368,,Zha16_no_2_tors,,4154.a1,
4294c1,REMOVED,4386,,Zha16_no_2_tors,,4294.e1,
4294d1,REMOVED,4383,,Zha16_no_2_tors,,4294.a1,
4294h1,REMOVED,4387,,Zha16_no_2_tors,,4294.f2,
4307b1,REMOVED,4388,,Zha16_no_2_tors,,4307.a1,
4387a1,REMOVED,4398,,Zha16_no_2_tors,,4387.a2,
4389k1,REMOVED,4400,,Zha16_no_2_tors,,4389.b2,
4403b1,REMOVED,4403,,Zha16_no_2_tors,,4403.a1,
4415a1,REMOVED,4404,,Zha16_no_2_tors,,4415.b1,
4499a1,REMOVED,4415,,Zha16_no_2_tors,,4499.a1,
4667a1,REMOVED,4430,,Zha16_no_2_tors,,4667.a1,
4814d1,REMOVED,4447,,Zha16_no_2_tors,,4814.d1,
4822a1,REMOVED,4448,,Zha16_no_2_tors,,4822.a1,
4826c1,REMOVED,4449,,Zha16_no_2_tors,,4826.b1,
4898b1,REMOVED,4455,,Zha16_no_2_tors,,4898.b1,
4898d1,REMOVED,4456,,Zha16_no_2_tors,,4898.d1,
4907a1,REMOVED,4458,,Zha16_no_2_tors,,4907.c1,
4966a1,REMOVED,4469,,Zha16_no_2_tors,,4966.a1,
5010h1,REMOVED,4475,,Zha16_no_2_tors,,5010.h2,
5014a1,REMOVED,4476,,Zha16_no_2_tors,,5014.a1,
5030i1,REMOVED,4480,,Zha16_no_2_tors,,5030.i1,
5278c1,REMOVED,4506,,Zha16_no_2_tors,,5278.a3,
5278g1,REMOVED,4508,,Zha16_no_2_tors,,5278.d2,
5306d1,REMOVED,4510,,Zha16_no_2_tors,,5306.d1,
5395b1,REMOVED,4515,,Zha16_no_2_tors,,5395.b1,
5510f1,REMOVED,4521,,Zha16_no_2_tors,,5510.b1,
5510i1,REMOVED,4523,,Zha16_no_2_tors,,5510.l1,
5518a1,REMOVED,4524,,Zha16_no_2_tors,,5518.a2,
5691g1,REMOVED,4542,,Zha16_no_2_tors,,5691.a2,
5722b1,REMOVED,4546,,Zha16_no_2_tors,,5722.c1,
5845e1,REMOVED,4558,,Zha16_no_2_tors,,5845.e1,
5890d1,REMOVED,4565,,Zha16_no_2_tors,,5890.a3,
5954d1,REMOVED,4571,,Zha16_no_2_tors,,5954.f1,
6130c1,REMOVED,4598,,Zha16_no_2_tors,,6130.c1,
6179a1,REMOVED,4601,,Zha16_no_2_tors,,6179.a1,
6205b1,REMOVED,4603,,Zha16_no_2_tors,,6205.b2,
6227c1,REMOVED,4610,,Zha16_no_2_tors,,6227.a1,
6290g1,REMOVED,4616,,Zha16_no_2_tors,,6290.i1,
6603b1,REMOVED,4649,,Zha16_no_2_tors,,6603.a2,
6635a1,REMOVED,4653,,Zha16_no_2_tors,,6635.a1,
6670b1,REMOVED,4658,,Zha16_no_2_tors,,6670.d1,
6690j1,REMOVED,4669,,Zha16_no_2_tors,,6690.j2,
6715b1,REMOVED,4671,,Zha16_no_2_tors,,6715.c2,
6806e1,REMOVED,4685,,Zha16_no_2_tors,,6806.f2,
6886a1,REMOVED,4691,,Zha16_no_2_tors,,6886.a2,
6965c1,REMOVED,4701,,Zha16_no_2_tors,,6965.a1,
6974a1,REMOVED,4703,,Zha16_no_2_tors,,6974.b1,
7070i1,REMOVED,4716,,Zha16_no_2_tors,,7070.j1,
7130a1,REMOVED,4726,,Zha16_no_2_tors,,7130.e1,
7130g1,REMOVED,4728,,Zha16_no_2_tors,,7130.g1,
7162b1,REMOVED,4731,,Zha16_no_2_tors,,7162.b1,
7310c1,REMOVED,4752,,Zha16_no_2_tors,,7310.a2,
7315b1,REMOVED,4755,,Zha16_no_2_tors,,7315.b1,
7370j1,REMOVED,4761,,Zha16_no_2_tors,,7370.g2,
7397a1,REMOVED,4768,,Zha16_no_2_tors,,7397.a1,
7471b1,REMOVED,4774,,Zha16_no_2_tors,,7471.b1,
7538b1,REMOVED,4785,,Zha16_no_2_tors,,7538.b1,
7598h1,REMOVED,4797,,Zha16_no_2_tors,,7598.k1,
7610b1,REMOVED,4799,,Zha16_no_2_tors,,7610.e1,
7667a1,REMOVED,4804,,Zha16_no_2_tors,,7667.a2,
7739a1,REMOVED,4811,,Zha16_no_2_tors,,7739.a1,
7802c1,REMOVED,4818,,Zha16_no_2_tors,,7802.b1,
7805c1,REMOVED,4820,,Zha16_no_2_tors,,7805.c1,
7811b1,REMOVED,4821,,Zha16_no_2_tors,,7811.c1,
7939a1,REMOVED,4834,,Zha16_no_2_tors,,7939.a1,
8098a1,REMOVED,4843,,Zha16_no_2_tors,,8098.a1,
8098b1,REMOVED,4845,,Zha16_no_2_tors,,8098.d2,
8099a1,REMOVED,4846,,Zha16_no_2_tors,,8099.a1,
8153a1,REMOVED,4858,,Zha16_no_2_tors,,8153.a1,
8194a1,REMOVED,4862,,Zha16_no_2_tors,,8194.a1,
8270a1,REMOVED,4866,,Zha16_no_2_tors,,8270.a1,
8283j1,REMOVED,4868,,Zha16_no_2_tors,,8283.a2,
8315a1,REMOVED,4872,,Zha16_no_2_tors,,8315.a1,
8323c1,REMOVED,4873,,Zha16_no_2_tors,,8323.a1,
8342d1,REMOVED,4876,,Zha16_no_2_tors,,8342.d1,
8374f1,REMOVED,4881,,Zha16_no_2_tors,,8374.f1,
8414h1,REMOVED,4884,,Zha16_no_2_tors,,8414.e2,
8437b1,REMOVED,4889,,Zha16_no_2_tors,,8437.b2,
8510c1,REMOVED,4903,,Zha16_no_2_tors,,8510.c1,
8510f1,REMOVED,4904,,Zha16_no_2_tors,,8510.g2,
8531a1,REMOVED,4908,,Zha16_no_2_tors,,8531.a2,
8630a1,REMOVED,4917,,Zha16_no_2_tors,,8630.a1,
8806a1,REMOVED,4937,,Zha16_no_2_tors,,8806.d1,
8827c1,REMOVED,4939,,Zha16_no_2_tors,,8827.c3,
8834d1,REMOVED,4941,,Zha16_no_2_tors,,8834.f1,
8834e1,REMOVED,4940,,Zha16_no_2_tors,,8834.d2,
8890j1,REMOVED,4945,,Zha16_no_2_tors,,8890.p1,
8899a1,REMOVED,4946,,Zha16_no_2_tors,,8899.a1,
8930l1,REMOVED,4948,,Zha16_no_2_tors,,8930.i2,
9022a1,REMOVED,4953,,Zha16_no_2_tors,,9022.a1,
9062a1,REMOVED,4964,,Zha16_no_2_tors,,9062.a2,
9094a1,REMOVED,4968,,Zha16_no_2_tors,,9094.a1,
9253b1,REMOVED,4975,,Zha16_no_2_tors,,9253.a1,
9266c1,REMOVED,4977,,Zha16_no_2_tors,,9266.e1,
9266f1,REMOVED,4978,,Zha16_no_2_tors,,9266.f1,
9286b1,REMOVED,4985,,Zha16_no_2_tors,,9286.b2,
9394d1,REMOVED,4990,,Zha16_no_2_tors,,9394.c2,
9394l1,REMOVED,4992,,Zha16_no_2_tors,,9394.l3,
9566a1,REMOVED,5006,,Zha16_no_2_tors,,9566.a1,
9574e1,REMOVED,5009,,Zha16_no_2_tors,,9574.e1,
9595a1,REMOVED,5015,,Zha16_no_2_tors,,9595.a2,
9686d1,REMOVED,5031,,Zha16_no_2_tors,,9686.d1,
9718b1,REMOVED,5035,,Zha16_no_2_tors,,9718.b2,
9766c1,REMOVED,5037,,Zha16_no_2_tors,,9766.a1,
9805b1,REMOVED,5043,,Zha16_no_2_tors,,9805.a1,
9934g1,REMOVED,5051,,Zha16_no_2_tors,,9934.e1,
9938a1,REMOVED,5052,,Zha16_no_2_tors,,9938.a1,
10010e1,REMOVED,5058,,Zha16_no_2_tors,,10010.g1,
10010l1,REMOVED,5059,,Zha16_no_2_tors,,10010.h1,
10010r1,REMOVED,5061,,Zha16_no_2_tors,,10010.z1,
10087b1,REMOVED,5069,,Zha16_no_2_tors,,10087.b1,
10087c1,REMOVED,5068,,Zha16_no_2_tors,,10087.a1,
10106a1,REMOVED,5074,,Zha16_no_2_tors,,10106.a2,
10142a1,REMOVED,5078,,Zha16_no_2_tors,,10142.a1,
10306b1,REMOVED,5098,,Zha16_no_2_tors,,10306.a1,
10310b1,REMOVED,5100,,Zha16_no_2_tors,,10310.b2,
10349b1,REMOVED,5102,,Zha16_no_2_tors,,10349.a1,
10370b1,REMOVED,5108,,Zha16_no_2_tors,,10370.c2,
10370d1,REMOVED,5109,,Zha16_no_2_tors,,10370.d1,
10402f1,REMOVED,5115,,Zha16_no_2_tors,,10402.f1,
10470d1,REMOVED,5121,,Zha16_no_2_tors,,10470.d1,
10538b1,REMOVED,5129,,Zha16_no_2_tors,,10538.a2,
10598b1,REMOVED,5138,,Zha16_no_2_tors,,10598.b1,
10619a1,REMOVED,5140,,Zha16_no_2_tors,,10619.a1,
10621c1,REMOVED,5141,,Zha16_no_2_tors,,10621.c3,
10762c1,REMOVED,5154,,Zha16_no_2_tors,,10762.c1,
10790j1,REMOVED,5160,,Zha16_no_2_tors,,10790.i2,
10790k1,REMOVED,5161,,Zha16_no_2_tors,,10790.k1,
10802a1,REMOVED,5162,,Zha16_no_2_tors,,10802.a1,
10846a1,REMOVED,5168,,Zha16_no_2_tors,,10846.a1,
10846f1,REMOVED,5169,,Zha16_no_2_tors,,10846.e2,
10990g1,REMOVED,5178,,Zha16_no_2_tors,,10990.g3,
10990i1,REMOVED,5175,,Zha16_no_2_tors,,10990.b2,
10994k1,REMOVED,5181,,Zha16_no_2_tors,,10994.p1,
11015a1,REMOVED,5186,,Zha16_no_2_tors,,11015.a1,
11170d1,REMOVED,5198,,Zha16_no_2_tors,,11170.e2,
11219a1,REMOVED,5205,,Zha16_no_2_tors,,11219.b1,
11267e1,REMOVED,5212,,Zha16_no_2_tors,,11267.e1,
11390c1,REMOVED,5219,,Zha16_no_2_tors,,11390.a1,
11390g1,REMOVED,5222,,Zha16_no_2_tors,,11390.g1,
11438a1,REMOVED,5227,,Zha16_no_2_tors,,11438.a1,
11590b1,REMOVED,5241,,Zha16_no_2_tors,,11590.a1,
11590o1,REMOVED,5242,,Zha16_no_2_tors,,11590.m2,
11590r1,REMOVED,5243,,Zha16_no_2_tors,,11590.r1,
11609c1,REMOVED,5245,,Zha16_no_2_tors,,11609.c1,
11702a1,REMOVED,5251,,Zha16_no_2_tors,,11702.a1,
11795a1,REMOVED,5255,,Zha16_no_2_tors,,11795.a1,
11843a1,REMOVED,5259,,Zha16_no_2_tors,,11843.b1,
11914e1,REMOVED,5268,,Zha16_no_2_tors,,11914.b3,
11965b1,REMOVED,5276,,Zha16_no_2_tors,,11965.b1,
12122b1,REMOVED,5293,,Zha16_no_2_tors,,12122.b1,
12122c1,REMOVED,5294,,Zha16_no_2_tors,,12122.c1,
12122d1,REMOVED,5295,,Zha16_no_2_tors,,12122.e2,
12155c1,REMOVED,5297,,Zha16_no_2_tors,,12155.f1,
12155f1,REMOVED,5298,,Zha16_no_2_tors,,12155.g1,
12194b1,REMOVED,5302,,Zha16_no_2_tors,,12194.a1,
12194d1,REMOVED,5303,,Zha16_no_2_tors,,12194.b1,
12206a1,REMOVED,5304,,Zha16_no_2_tors,,12206.a1,
12310a1,REMOVED,5322,,Zha16_no_2_tors,,12310.b1,
12334b1,REMOVED,5324,,Zha16_no_2_tors,,12334.a1,
12445b1,REMOVED,5338,,Zha16_no_2_tors,,12445.e1,
12458b1,REMOVED,5340,,Zha16_no_2_tors,,12458.b1,
12470b1,REMOVED,5346,,Zha16_no_2_tors,,12470.f2,
12470f1,REMOVED,5345,,Zha16_no_2_tors,,12470.a1,
12530h1,REMOVED,5348,,Zha16_no_2_tors,,12530.a2,
12643a1,REMOVED,5356,,Zha16_no_2_tors,,12643.a2,
12683a1,REMOVED,5361,,Zha16_no_2_tors,,12683.a1,
12694b1,REMOVED,5362,,Zha16_no_2_tors,,12694.b1,
12731a1,REMOVED,5365,,Zha16_no_2_tors,,12731.a1,
12770b1,REMOVED,5368,,Zha16_no_2_tors,,12770.b1,
13045c1,REMOVED,5396,,Zha16_no_2_tors,,13045.b2,
13090l1,REMOVED,5403,,Zha16_no_2_tors,,13090.j2,
13090m1,REMOVED,5404,,Zha16_no_2_tors,,13090.k1,
13283b1,REMOVED,5425,,Zha16_no_2_tors,,13283.c1,
13301a1,REMOVED,5429,,Zha16_no_2_tors,,13301.a1,
13390a1,REMOVED,5434,,Zha16_no_2_tors,,13390.a1,
13490c1,REMOVED,5442,,Zha16_no_2_tors,,13490.e1,
13510b1,REMOVED,5444,,Zha16_no_2_tors,,13510.a1,
13510f1,REMOVED,5446,,Zha16_no_2_tors,,13510.f2,
13535b1,REMOVED,5449,,Zha16_no_2_tors,,13535.a1,
13610e1,REMOVED,5464,,Zha16_no_2_tors,,13610.f2,
13634a1,REMOVED,5471,,Zha16_no_2_tors,,13634.a1,
13663a1,REMOVED,5473,,Zha16_no_2_tors,,13663.a1,
13702c1,REMOVED,5478,,Zha16_no_2_tors,,13702.i1,
13826d1,REMOVED,5484,,Zha16_no_2_tors,,13826.g1,
13826e1,REMOVED,5483,,Zha16_no_2_tors,,13826.f1,
13826f1,REMOVED,5482,,Zha16_no_2_tors,,13826.e2,
13895b1,REMOVED,5491,,Zha16_no_2_tors,,13895.b1,
13930k1,REMOVED,5498,,Zha16_no_2_tors,,13930.i3,
14042f1,REMOVED,5514,,Zha16_no_2_tors,,14042.d2,
14077a1,REMOVED,5517,,Zha16_no_2_tors,,14077.a1,
14126a1,REMOVED,5523,,Zha16_no_2_tors,,14126.a1,
14141a1,REMOVED,5525,,Zha16_no_2_tors,,14141.a1,
14302a1,REMOVED,5539,,Zha16_no_2_tors,,14302.a1,
14315d1,REMOVED,5542,,Zha16_no_2_tors,,14315.c3,
14331d1,REMOVED,5543,,Zha16_no_2_tors,,14331.b2,
14383a1,REMOVED,5550,,Zha16_no_2_tors,,14383.a1,
14395a1,REMOVED,5553,,Zha16_no_2_tors,,14395.a1,
14507a1,REMOVED,5568,,Zha16_no_2_tors,,14507.a1,
14726b1,REMOVED,5593,,Zha16_no_2_tors,,14726.b2,
14770e1,REMOVED,5607,,Zha16_no_2_tors,,14770.a1,
14770i1,REMOVED,5610,,Zha16_no_2_tors,,14770.j1,
14777a1,REMOVED,5611,,Zha16_no_2_tors,,14777.a1,
14938i1,REMOVED,5629,,Zha16_no_2_tors,,14938.l1,
14938m1,REMOVED,5625,,Zha16_no_2_tors,,14938.a1,
15011a1,REMOVED,5639,,Zha16_no_2_tors,,15011.a1,
15062g1,REMOVED,5650,,Zha16_no_2_tors,,15062.g1,
15070a1,REMOVED,5653,,Zha16_no_2_tors,,15070.a1,
15074a1,REMOVED,5656,,Zha16_no_2_tors,,15074.a1,
15155c1,REMOVED,5662,,Zha16_no_2_tors,,15155.c2,
15158d1,REMOVED,5664,,Zha16_no_2_tors,,15158.b1,
15314e1,REMOVED,5676,,Zha16_no_2_tors,,15314.f2,
15458a1,REMOVED,5693,,Zha16_no_2_tors,,15458.a2,
15515a1,REMOVED,5698,,Zha16_no_2_tors,,15515.b2,
15598a1,REMOVED,5706,,Zha16_no_2_tors,,15598.b2,
15686f1,REMOVED,5718,,Zha16_no_2_tors,,15686.g1,
15755b1,REMOVED,5721,,Zha16_no_2_tors,,15755.c1,
15770a1,REMOVED,5723,,Zha16_no_2_tors,,15770.a1,
15782b1,REMOVED,5725,,Zha16_no_2_tors,,15782.a1,
15947a1,REMOVED,5738,,Zha16_no_2_tors,,15947.a1,
16019a1,REMOVED,5742,,Zha16_no_2_tors,,16019.a1,
16070b1,REMOVED,5746,,Zha16_no_2_tors,,16070.c1,
16109b1,REMOVED,5750,,Zha16_no_2_tors,,16109.b1,
16238h1,REMOVED,5762,,Zha16_no_2_tors,,16238.h1,
16330b1,REMOVED,5771,,Zha16_no_2_tors,,16330.c2,
16354c1,REMOVED,5774,,Zha16_no_2_tors,,16354.a1,
16354e1,REMOVED,5775,,Zha16_no_2_tors,,16354.h2,
16507a1,REMOVED,5784,,Zha16_no_2_tors,,16507.a1,
16555f1,REMOVED,5788,,Zha16_no_2_tors,,16555.d3,
16702a1,REMOVED,5803,,Zha16_no_2_tors,,16702.a1,
16715a1,REMOVED,5804,,Zha16_no_2_tors,,16715.a1,
16730f1,REMOVED,5807,,Zha16_no_2_tors,,16730.f1,
16738b1,REMOVED,5809,,Zha16_no_2_tors,,16738.a1,
16870b1,REMOVED,5817,,Zha16_no_2_tors,,16870.a3,
16910f1,REMOVED,5823,,Zha16_no_2_tors,,16910.c2,
16922a1,REMOVED,5826,,Zha16_no_2_tors,,16922.a1,
17030e1,REMOVED,5838,,Zha16_no_2_tors,,17030.e2,
17153a1,REMOVED,5847,,Zha16_no_2_tors,,17153.a1,
17195a1,REMOVED,5852,,Zha16_no_2_tors,,17195.a2,
17482a1,REMOVED,5879,,Zha16_no_2_tors,,17482.a1,
17507d1,REMOVED,5883,,Zha16_no_2_tors,,17507.k1,
17507g1,REMOVED,5881,,Zha16_no_2_tors,,17507.e1,
17722a1,REMOVED,5908,,Zha16_no_2_tors,,17722.a1,
17822f1,REMOVED,5917,,Zha16_no_2_tors,,17822.a2,
17905c1,REMOVED,5923,,Zha16_no_2_tors,,17905.e1,
17966c1,REMOVED,5930,,Zha16_no_2_tors,,17966.c1,
18086a1,REMOVED,5944,,Zha16_no_2_tors,,18086.a1,
18246e1,REMOVED,5963,,Zha16_no_2_tors,,18246.e1,
18362a1,REMOVED,5976,,Zha16_no_2_tors,,18362.a1,
18395a1,REMOVED,5979,,Zha16_no_2_tors,,18395.a1,
18458d1,REMOVED,5986,,Zha16_no_2_tors,,18458.e2,
18506b1,REMOVED,5992,,Zha16_no_2_tors,,18506.b1,
18518a1,REMOVED,5993,,Zha16_no_2_tors,,18518.a1,
18538g1,REMOVED,5994,,Zha16_no_2_tors,,18538.a1,
18611a1,REMOVED,6001,,Zha16_no_2_tors,,18611.a1,
18613a1,REMOVED,6002,,Zha16_no_2_tors,,18613.b1,
18655e1,REMOVED,6008,,Zha16_no_2_tors,,18655.f1,
18685a1,REMOVED,6013,,Zha16_no_2_tors,,18685.a1,
18781a1,REMOVED,6021,,Zha16_no_2_tors,,18781.a1,
18851a1,REMOVED,6025,,Zha16_no_2_tors,,18851.a1,
18858j1,REMOVED,6027,,Zha16_no_2_tors,,18858.i2,
18974b1,REMOVED,6042,,Zha16_no_2_tors,,18974.a1,
19090f1,REMOVED,6054,,Zha16_no_2_tors,,19090.g1,
19189b1,REMOVED,6063,,Zha16_no_2_tors,,19189.b2,
19270e1,REMOVED,6069,,Zha16_no_2_tors,,19270.a1,
19490c1,REMOVED,6094,,Zha16_no_2_tors,,19490.d1,
19586a1,REMOVED,6104,,Zha16_no_2_tors,,19586.a1,
19610b1,REMOVED,6109,,Zha16_no_2_tors,,19610.e1,
19610d1,REMOVED,6108,,Zha16_no_2_tors,,19610.c2,
19694a1,REMOVED,6122,,Zha16_no_2_tors,,19694.a1,
19805a1,REMOVED,6129,,Zha16_no_2_tors,,19805.a2,
19826c1,REMOVED,6135,,Zha16_no_2_tors,,19826.b1,
19870a1,REMOVED,6140,,Zha16_no_2_tors,,19870.a2,
20422a1,REMOVED,6206,,Zha16_no_2_tors,,20422.a1,
20462b1,REMOVED,6211,,Zha16_no_2_tors,,20462.a1,
20582a1,REMOVED,6218,,Zha16_no_2_tors,,20582.a2,
20614a1,REMOVED,6223,,Zha16_no_2_tors,,20614.a1,
20621a1,REMOVED,6224,,Zha16_no_2_tors,,20621.c2,
20630a1,REMOVED,6227,,Zha16_no_2_tors,,20630.b1,
20630c1,REMOVED,6228,,Zha16_no_2_tors,,20630.c1,
20851a1,REMOVED,6252,,Zha16_no_2_tors,,20851.a2,
20878d1,REMOVED,6255,,Zha16_no_2_tors,,20878.e2,
20962c1,REMOVED,6266,,Zha16_no_2_tors,,20962.g1,
21130d1,REMOVED,6284,,Zha16_no_2_tors,,21130.d1,
21170d1,REMOVED,6289,,Zha16_no_2_tors,,21170.d1,
21194a1,REMOVED,6293,,Zha16_no_2_tors,,21194.a1,
21230c1,REMOVED,6297,,Zha16_no_2_tors,,21230.d1,
21230d1,REMOVED,6296,,Zha16_no_2_tors,,21230.c2,
21230e1,REMOVED,6298,,Zha16_no_2_tors,,21230.e1,
21314a1,REMOVED,6307,,Zha16_no_2_tors,,21314.a1,
21362b1,REMOVED,6310,,Zha16_no_2_tors,,21362.a1,
21490f1,REMOVED,6319,,Zha16_no_2_tors,,21490.g1,
21614a1,REMOVED,6329,,Zha16_no_2_tors,,21614.a1,
21634c1,REMOVED,6338,,Zha16_no_2_tors,,21634.c1,
21662a1,REMOVED,6339,,Zha16_no_2_tors,,21662.a1,
21827b1,REMOVED,6350,,Zha16_no_2_tors,,21827.b2,
22034b1,REMOVED,6382,,Zha16_no_2_tors,,22034.b1,
22078d1,REMOVED,6390,,Zha16_no_2_tors,,22078.c2,
22262a1,REMOVED,6404,,Zha16_no_2_tors,,22262.a1,
22310d1,REMOVED,6408,,Zha16_no_2_tors,,22310.d2,
22570h1,REMOVED,6431,,Zha16_no_2_tors,,22570.f1,
22670b1,REMOVED,6443,,Zha16_no_2_tors,,22670.b1,
22678b1,REMOVED,6445,,Zha16_no_2_tors,,22678.a2,
22715b1,REMOVED,6451,,Zha16_no_2_tors,,22715.b1,
22843a1,REMOVED,6471,,Zha16_no_2_tors,,22843.a2,
22862e1,REMOVED,6473,,Zha16_no_2_tors,,22862.f1,
22931a1,REMOVED,6479,,Zha16_no_2_tors,,22931.a1,
22971d1,REMOVED,6484,,Zha16_no_2_tors,,22971.a1,
23042c1,REMOVED,6498,,Zha16_no_2_tors,,23042.c1,
23219a1,REMOVED,6505,,Zha16_no_2_tors,,23219.b1,
23254g1,REMOVED,6507,,Zha16_no_2_tors,,23254.d3,
23270f1,REMOVED,6508,,Zha16_no_2_tors,,23270.h1,
23426b1,REMOVED,6514,,Zha16_no_2_tors,,23426.a1,
23435a1,REMOVED,6516,,Zha16_no_2_tors,,23435.a1,
23506m1,REMOVED,6525,,Zha16_no_2_tors,,23506.n1,
23694k1,REMOVED,6544,,Zha16_no_2_tors,,23694.k2,
23770a1,REMOVED,6554,,Zha16_no_2_tors,,23770.b2,
23902d1,REMOVED,6577,,Zha16_no_2_tors,,23902.e3,
24014a1,REMOVED,6585,,Zha16_no_2_tors,,24014.a1,
24035d1,REMOVED,6587,,Zha16_no_2_tors,,24035.a1,
24221a1,REMOVED,6607,,Zha16_no_2_tors,,24221.a1,
24310c1,REMOVED,6620,,Zha16_no_2_tors,,24310.a1,
24310j1,REMOVED,6621,,Zha16_no_2_tors,,24310.b1,
24310s1,REMOVED,6624,,Zha16_no_2_tors,,24310.r1,
24518d1,REMOVED,6648,,Zha16_no_2_tors,,24518.c1,
24635a1,REMOVED,6661,,Zha16_no_2_tors,,24635.a1,
24670a1,REMOVED,6663,,Zha16_no_2_tors,,24670.a1,
24766d1,REMOVED,6672,,Zha16_no_2_tors,,24766.d1,
24779a1,REMOVED,6675,,Zha16_no_2_tors,,24779.a1,
24827a1,REMOVED,6678,,Zha16_no_2_tors,,24827.a1,
24910i1,REMOVED,6686,,Zha16_no_2_tors,,24910.a1,
25010b1,REMOVED,6694,,Zha16_no_2_tors,,25010.c1,
25190b1,REMOVED,6708,,Zha16_no_2_tors,,25190.d1,
25246a1,REMOVED,6712,,Zha16_no_2_tors,,25246.a1,
25255a1,REMOVED,6713,,Zha16_no_2_tors,,25255.a1,
25390c1,REMOVED,6731,,Zha16_no_2_tors,,25390.b2,
25705c1,REMOVED,6760,,Zha16_no_2_tors,,25705.e1,
25705d1,REMOVED,6757,,Zha16_no_2_tors,,25705.b1,
25714d1,REMOVED,6761,,Zha16_no_2_tors,,25714.c2,
25789b1,REMOVED,6767,,Zha16_no_2_tors,,25789.b1,
25883b1,REMOVED,6780,,Zha16_no_2_tors,,25883.a1,
25949b1,REMOVED,6786,,Zha16_no_2_tors,,25949.c1,
25955f1,REMOVED,6787,,Zha16_no_2_tors,,25955.f1,
25973b1,REMOVED,6789,,Zha16_no_2_tors,,25973.b1,
25978b1,REMOVED,6791,,Zha16_no_2_tors,,25978.a1,
26077a1,REMOVED,6798,,Zha16_no_2_tors,,26077.a2,
26098c1,REMOVED,6799,,Zha16_no_2_tors,,26098.c1,
26201a1,REMOVED,6804,,Zha16_no_2_tors,,26201.a1,
26222d1,REMOVED,6810,,Zha16_no_2_tors,,26222.d1,
26230b1,REMOVED,6812,,Zha16_no_2_tors,,26230.a2,
26234c1,REMOVED,6815,,Zha16_no_2_tors,,26234.d1,
26234e1,REMOVED,6816,,Zha16_no_2_tors,,26234.i1,
26246d1,REMOVED,6819,,Zha16_no_2_tors,,26246.d1,
26282a1,REMOVED,6820,,Zha16_no_2_tors,,26282.a2,
26282b1,REMOVED,6821,,Zha16_no_2_tors,,26282.c1,
26306d1,REMOVED,6825,,Zha16_no_2_tors,,26306.d1,
26422c1,REMOVED,6837,,Zha16_no_2_tors,,26422.c1,
26474c1,REMOVED,6841,,Zha16_no_2_tors,,26474.b3,
26510d1,REMOVED,6844,,Zha16_no_2_tors,,26510.f1,
26534a1,REMOVED,6846,,Zha16_no_2_tors,,26534.a1,
26738e1,REMOVED,6861,,Zha16_no_2_tors,,26738.f1,
26753a1,REMOVED,6862,,Zha16_no_2_tors,,26753.a1,
26945a1,REMOVED,6887,,Zha16_no_2_tors,,26945.b1,
26962j1,REMOVED,6890,,Zha16_no_2_tors,,26962.g3,
27013c1,REMOVED,6898,,Zha16_no_2_tors,,27013.e1,
27170bb1,REMOVED,6914,,Zha16_no_2_tors,,27170.bc1,
27170m1,REMOVED,6912,,Zha16_no_2_tors,,27170.y1,
27170u1,REMOVED,6913,,Zha16_no_2_tors,,27170.bb1,
27289c1,REMOVED,6925,,Zha16_no_2_tors,,27289.a1,
27590g1,REMOVED,6954,,Zha16_no_2_tors,,27590.a1,
27595a1,REMOVED,6960,,Zha16_no_2_tors,,27595.d1,
27595c1,REMOVED,6959,,Zha16_no_2_tors,,27595.b1,
27854d1,REMOVED,6987,,Zha16_no_2_tors,,27854.d1,
27898h1,REMOVED,6997,,Zha16_no_2_tors,,27898.f2,
27907b1,REMOVED,6999,,Zha16_no_2_tors,,27907.b2,
27910c1,REMOVED,7001,,Zha16_no_2_tors,,27910.d3,
27910d1,REMOVED,7000,,Zha16_no_2_tors,,27910.c1,
27931a1,REMOVED,7003,,Zha16_no_2_tors,,27931.c1,
27971b1,REMOVED,7007,,Zha16_no_2_tors,,27971.b1,
28187a1,REMOVED,7026,,Zha16_no_2_tors,,28187.a2,
28210c1,REMOVED,7029,,Zha16_no_2_tors,,28210.b2,
28210k1,REMOVED,7031,,Zha16_no_2_tors,,28210.t1,
28234a1,REMOVED,7035,,Zha16_no_2_tors,,28234.c1,
28426b1,REMOVED,7050,,Zha16_no_2_tors,,28426.a1,
28595c1,REMOVED,7060,,Zha16_no_2_tors,,28595.d3,
28690c1,REMOVED,7069,,Zha16_no_2_tors,,28690.i1,
28747b1,REMOVED,7075,,Zha16_no_2_tors,,28747.c1,
29026c1,REMOVED,7102,,Zha16_no_2_tors,,29026.e1,
29030b1,REMOVED,7103,,Zha16_no_2_tors,,29030.b1,
29110b1,REMOVED,7107,,Zha16_no_2_tors,,29110.f2,
29110e1,REMOVED,7108,,Zha16_no_2_tors,,29110.h1,
29285a1,REMOVED,7127,,Zha16_no_2_tors,,29285.a1,
29318a1,REMOVED,7132,,Zha16_no_2_tors,,29318.c1,
29365a1,REMOVED,7135,,Zha16_no_2_tors,,29365.c1,
29390e1,REMOVED,7151,,Zha16_no_2_tors,,29390.d1,
29522b1,REMOVED,7165,,Zha16_no_2_tors,,29522.b2,
29557a1,REMOVED,7167,,Zha16_no_2_tors,,29557.a1,
29678a1,REMOVED,7178,,Zha16_no_2_tors,,29678.a1,
29946s1,REMOVED,7215,,Zha16_no_2_tors,,29946.r2,
29987a1,REMOVED,7217,,Zha16_no_2_tors,,29987.a1,
29995b1,REMOVED,7219,,Zha16_no_2_tors,,29995.a1,
30058k1,REMOVED,7227,,Zha16_no_2_tors,,30058.h2,
30107e1,REMOVED,7232,,Zha16_no_2_tors,,30107.b2,
30226h1,REMOVED,7242,,Zha16_no_2_tors,,30226.f2,
30290d1,REMOVED,7250,,Zha16_no_2_tors,,30290.g1,
30290e1,REMOVED,7249,,Zha16_no_2_tors,,30290.d2,
30310e1,REMOVED,7253,,Zha16_no_2_tors,,30310.d2,
30418b1,REMOVED,7257,,Zha16_no_2_tors,,30418.c1,
30430a1,REMOVED,7262,,Zha16_no_2_tors,,30430.b1,
30430c1,REMOVED,7263,,Zha16_no_2_tors,,30430.c1,
30554a1,REMOVED,7273,,Zha16_no_2_tors,,30554.a1,
30617b1,REMOVED,7278,,Zha16_no_2_tors,,30617.b1,
30662a1,REMOVED,7285,,Zha16_no_2_tors,,30662.a1,
30754a1,REMOVED,7289,,Zha16_no_2_tors,,30754.b1,
30806b1,REMOVED,7293,,Zha16_no_2_tors,,30806.b1,
30818c1,REMOVED,7295,,Zha16_no_2_tors,,30818.b3,
30886a1,REMOVED,7301,,Zha16_no_2_tors,,30886.a1,
30914f1,REMOVED,7304,,Zha16_no_2_tors,,30914.b1,
31094b1,REMOVED,7327,,Zha16_no_2_tors,,31094.c1,
31109b1,REMOVED,7329,,Zha16_no_2_tors,,31109.b2,
31130g1,REMOVED,7330,,Zha16_no_2_tors,,31130.g1,
31390f1,REMOVED,7340,,Zha16_no_2_tors,,31390.d3,
31390g1,REMOVED,7341,,Zha16_no_2_tors,,31390.g1,
31430i1,REMOVED,7348,,Zha16_no_2_tors,,31430.m1,
31430j1,REMOVED,7347,,Zha16_no_2_tors,,31430.k2,
31538b1,REMOVED,7351,,Zha16_no_2_tors,,31538.b1,
31553a1,REMOVED,7355,,Zha16_no_2_tors,,31553.a1,
31565a1,REMOVED,7357,,Zha16_no_2_tors,,31565.a1,
31570f1,REMOVED,7360,,Zha16_no_2_tors,,31570.g1,
31691b1,REMOVED,7370,,Zha16_no_2_tors,,31691.b1,
31858b1,REMOVED,7381,,Zha16_no_2_tors,,31858.c2,
31858d1,REMOVED,7382,,Zha16_no_2_tors,,31858.d1,
31906b1,REMOVED,7386,,Zha16_no_2_tors,,31906.a1,
31934b1,REMOVED,7389,,Zha16_no_2_tors,,31934.a3,
32042b1,REMOVED,7401,,Zha16_no_2_tors,,32042.b2,
32054d1,REMOVED,7402,,Zha16_no_2_tors,,32054.f2,
32102c1,REMOVED,7406,,Zha16_no_2_tors,,32102.b1,
32162a1,REMOVED,7407,,Zha16_no_2_tors,,32162.a1,
32227b1,REMOVED,7410,,Zha16_no_2_tors,,32227.c1,
32282a1,REMOVED,7415,,Zha16_no_2_tors,,32282.a1,
32354c1,REMOVED,7426,,Zha16_no_2_tors,,32354.c1,
32398a1,REMOVED,7439,,Zha16_no_2_tors,,32398.a1,
32410a1,REMOVED,7441,,Zha16_no_2_tors,,32410.f1,
32426a1,REMOVED,7444,,Zha16_no_2_tors,,32426.a2,
32471a1,REMOVED,7447,,Zha16_no_2_tors,,32471.a1,
32498b1,REMOVED,7449,,Zha16_no_2_tors,,32498.b1,
32509c1,REMOVED,7452,,Zha16_no_2_tors,,32509.a1,
32534a1,REMOVED,7458,,Zha16_no_2_tors,,32534.a1,
32558a1,REMOVED,7462,,Zha16_no_2_tors,,32558.a1,
32654b1,REMOVED,7474,,Zha16_no_2_tors,,32654.a1,
32741a1,REMOVED,7478,,Zha16_no_2_tors,,32741.a2,
32795d1,REMOVED,7484,,Zha16_no_2_tors,,32795.d2,
32978b1,REMOVED,7495,,Zha16_no_2_tors,,32978.a1,
33062a1,REMOVED,7506,,Zha16_no_2_tors,,33062.c1,
33098a1,REMOVED,7519,,Zha16_no_2_tors,,33098.a1,
33110l1,REMOVED,7520,,Zha16_no_2_tors,,33110.i1,
33110m1,REMOVED,7521,,Zha16_no_2_tors,,33110.j2,
33451b1,REMOVED,7545,,Zha16_no_2_tors,,33451.a1,
33490b1,REMOVED,7556,,Zha16_no_2_tors,,33490.b1,
33490d1,REMOVED,7555,,Zha16_no_2_tors,,33490.a1,
33602b1,REMOVED,7567,,Zha16_no_2_tors,,33602.a1,
33646a1,REMOVED,7569,,Zha16_no_2_tors,,33646.b1,
33670c1,REMOVED,7570,,Zha16_no_2_tors,,33670.a2,
33698g1,REMOVED,7574,,Zha16_no_2_tors,,33698.f2,
33755c1,REMOVED,7582,,Zha16_no_2_tors,,33755.c1,
33877b1,REMOVED,7589,,Zha16_no_2_tors,,33877.c1,
33910c1,REMOVED,7591,,Zha16_no_2_tors,,33910.e1,
33947a1,REMOVED,7593,,Zha16_no_2_tors,,33947.a1,
34091a1,REMOVED,7604,,Zha16_no_2_tors,,34091.a1,
34210a1,REMOVED,7620,,Zha16_no_2_tors,,34210.a1,
34270b1,REMOVED,7631,,Zha16_no_2_tors,,34270.a2,
34510i1,REMOVED,7655,,Zha16_no_2_tors,,34510.j2,
34510j1,REMOVED,7658,,Zha16_no_2_tors,,34510.n1,
34510k1,REMOVED,7656,,Zha16_no_2_tors,,34510.l2,
34526b1,REMOVED,7659,,Zha16_no_2_tors,,34526.b1,
34595a1,REMOVED,7666,,Zha16_no_2_tors,,34595.d2,
34597d1,REMOVED,7668,,Zha16_no_2_tors,,34597.c1,
34706d1,REMOVED,7682,,Zha16_no_2_tors,,34706.e2,
34706h1,REMOVED,7683,,Zha16_no_2_tors,,34706.j1,
34730c1,REMOVED,7685,,Zha16_no_2_tors,,34730.c1,
34742d1,REMOVED,7687,,Zha16_no_2_tors,,34742.d1,
34826a1,REMOVED,7697,,Zha16_no_2_tors,,34826.a1,
34958d1,REMOVED,7709,,Zha16_no_2_tors,,34958.f1,
35042b1,REMOVED,7719,,Zha16_no_2_tors,,35042.a1,
35126e1,REMOVED,7724,,Zha16_no_2_tors,,35126.b3,
35222a1,REMOVED,7739,,Zha16_no_2_tors,,35222.b2,
35246a1,REMOVED,7740,,Zha16_no_2_tors,,35246.a1,
35266b1,REMOVED,7742,,Zha16_no_2_tors,,35266.b2,
35270f1,REMOVED,7743,,Zha16_no_2_tors,,35270.f1,
35306a1,REMOVED,7749,,Zha16_no_2_tors,,35306.b1,
35315b1,REMOVED,7750,,Zha16_no_2_tors,,35315.b1,
35371a1,REMOVED,7754,,Zha16_no_2_tors,,35371.a1,
35422b1,REMOVED,7758,,Zha16_no_2_tors,,35422.c1,
35462h1,REMOVED,7761,,Zha16_no_2_tors,,35462.i1,
35581a1,REMOVED,7765,,Zha16_no_2_tors,,35581.b1,
35710c1,REMOVED,7777,,Zha16_no_2_tors,,35710.c1,
35834a1,REMOVED,7789,,Zha16_no_2_tors,,35834.a1,
35930a1,REMOVED,7798,,Zha16_no_2_tors,,35930.c1,
35986b1,REMOVED,7803,,Zha16_no_2_tors,,35986.a1,
36022e1,REMOVED,7812,,Zha16_no_2_tors,,36022.a2,
36022h1,REMOVED,7814,,Zha16_no_2_tors,,36022.g3,
36046a1,REMOVED,7815,,Zha16_no_2_tors,,36046.a1,
36190f1,REMOVED,7832,,Zha16_no_2_tors,,36190.c1,
36203a1,REMOVED,7835,,Zha16_no_2_tors,,36203.a1,
36230a1,REMOVED,7837,,Zha16_no_2_tors,,36230.b1,
36281a1,REMOVED,7840,,Zha16_no_2_tors,,36281.a1,
36365d1,REMOVED,7851,,Zha16_no_2_tors,,36365.c3,
36598e1,REMOVED,7871,,Zha16_no_2_tors,,36598.e2,
36910a1,REMOVED,7894,,Zha16_no_2_tors,,36910.a1,
37157a1,REMOVED,7925,,Zha16_no_2_tors,,37157.a1,
37178b1,REMOVED,7929,,Zha16_no_2_tors,,37178.a1,
37346b1,REMOVED,7943,,Zha16_no_2_tors,,37346.b1,
37355d1,REMOVED,7945,,Zha16_no_2_tors,,37355.c2,
37694d1,REMOVED,7985,,Zha16_no_2_tors,,37694.e1,
37718b1,REMOVED,7986,,Zha16_no_2_tors,,37718.b1,
37742a1,REMOVED,7988,,Zha16_no_2_tors,,37742.b1,
37826a1,REMOVED,7990,,Zha16_no_2_tors,,37826.a1,
37910a1,REMOVED,7998,,Zha16_no_2_tors,,37910.a1,
38027a1,REMOVED,8018,,Zha16_no_2_tors,,38027.a1,
38038b1,REMOVED,8020,,Zha16_no_2_tors,,38038.d1,
38114c1,REMOVED,8028,,Zha16_no_2_tors,,38114.c2,
38222c1,REMOVED,8039,,Zha16_no_2_tors,,38222.b1,
38227d1,REMOVED,8044,,Zha16_no_2_tors,,38227.b2,
38294c1,REMOVED,8051,,Zha16_no_2_tors,,38294.c1,
38519a1,REMOVED,8069,,Zha16_no_2_tors,,38519.a1,
38738b1,REMOVED,8090,,Zha16_no_2_tors,,38738.a1,
38965a1,REMOVED,8110,,Zha16_no_2_tors,,38965.a1,
39034a1,REMOVED,8116,,Zha16_no_2_tors,,39034.b1,
39061d1,REMOVED,8117,,Zha16_no_2_tors,,39061.c1,
39130be1,REMOVED,8126,,Zha16_no_2_tors,,39130.u2,
39158d1,REMOVED,8134,,Zha16_no_2_tors,,39158.d1,
39237b1,REMOVED,8141,,Zha16_no_2_tors,,39237.a2,
39277c1,REMOVED,8146,,Zha16_no_2_tors,,39277.b3,
39485b1,REMOVED,8162,,Zha16_no_2_tors,,39485.a2,
39515c1,REMOVED,8163,,Zha16_no_2_tors,,39515.a1,
39574e1,REMOVED,8168,,Zha16_no_2_tors,,39574.c1,
39658a1,REMOVED,8178,,Zha16_no_2_tors,,39658.a2,
39770k1,REMOVED,8189,,Zha16_no_2_tors,,39770.i2,
39874e1,REMOVED,8195,,Zha16_no_2_tors,,39874.e1,
39995a1,REMOVED,8202,,Zha16_no_2_tors,,39995.a1,
40069a1,REMOVED,8206,,Zha16_no_2_tors,,40069.a1,
40141a1,REMOVED,8208,,Zha16_no_2_tors,,40141.b1,
40262b1,REMOVED,8225,,Zha16_no_2_tors,,40262.b2,
40274c1,REMOVED,8227,,Zha16_no_2_tors,,40274.b1,
40307a1,REMOVED,8229,,Zha16_no_2_tors,,40307.a2,
40310a1,REMOVED,8230,,Zha16_no_2_tors,,40310.a2,
40390f1,REMOVED,8240,,Zha16_no_2_tors,,40390.f1,
40439c1,REMOVED,8247,,Zha16_no_2_tors,,40439.b1,
40571b1,REMOVED,8262,,Zha16_no_2_tors,,40571.b1,
40598b1,REMOVED,8266,,Zha16_no_2_tors,,40598.a2,
40655a1,REMOVED,8275,,Zha16_no_2_tors,,40655.a1,
40690c1,REMOVED,8277,,Zha16_no_2_tors,,40690.g1,
40886a1,REMOVED,8297,,Zha16_no_2_tors,,40886.a1,
41186a1,REMOVED,8318,,Zha16_no_2_tors,,41186.a1,
41230x1,REMOVED,8324,,Zha16_no_2_tors,,41230.r2,
41291a1,REMOVED,8329,,Zha16_no_2_tors,,41291.a1,
41293a1,REMOVED,8330,,Zha16_no_2_tors,,41293.d1,
41354h1,REMOVED,8336,,Zha16_no_2_tors,,41354.h2,
41446f1,REMOVED,8347,,Zha16_no_2_tors,,41446.d1,
41606b1,REMOVED,8355,,Zha16_no_2_tors,,41606.b2,
41614b1,REMOVED,8361,,Zha16_no_2_tors,,41614.b1,
41615a1,REMOVED,8362,,Zha16_no_2_tors,,41615.b1,
41749a1,REMOVED,8380,,Zha16_no_2_tors,,41749.a2,
41770c1,REMOVED,8383,,Zha16_no_2_tors,,41770.c2,
41789b1,REMOVED,8385,,Zha16_no_2_tors,,41789.a2,
42203a1,REMOVED,8420,,Zha16_no_2_tors,,42203.a1,
42215b1,REMOVED,8422,,Zha16_no_2_tors,,42215.b1,
42326a1,REMOVED,8435,,Zha16_no_2_tors,,42326.a1,
42515b1,REMOVED,8455,,Zha16_no_2_tors,,42515.b1,
42551a1,REMOVED,8459,,Zha16_no_2_tors,,42551.b1,
42653a1,REMOVED,8466,,Zha16_no_2_tors,,42653.a1,
42866c1,REMOVED,8486,,Zha16_no_2_tors,,42866.c1,
42935a1,REMOVED,8493,,Zha16_no_2_tors,,42935.a1,
43010b1,REMOVED,8500,,Zha16_no_2_tors,,43010.g1,
43010q1,REMOVED,8502,,Zha16_no_2_tors,,43010.s1,
43190f1,REMOVED,8514,,Zha16_no_2_tors,,43190.e1,
43190o1,REMOVED,8518,,Zha16_no_2_tors,,43190.s2,
43190q1,REMOVED,8515,,Zha16_no_2_tors,,43190.h1,
43202a1,REMOVED,8522,,Zha16_no_2_tors,,43202.a1,
43382c1,REMOVED,8543,,Zha16_no_2_tors,,43382.b2,
43486n1,REMOVED,8552,,Zha16_no_2_tors,,43486.n1,
43645b1,REMOVED,8562,,Zha16_no_2_tors,,43645.d1,
43847e1,REMOVED,8580,,Zha16_no_2_tors,,43847.c1,
44030f1,REMOVED,8596,,Zha16_no_2_tors,,44030.d2,
44219a1,REMOVED,8612,,Zha16_no_2_tors,,44219.a1,
44254g1,REMOVED,8619,,Zha16_no_2_tors,,44254.h1,
44318a1,REMOVED,8633,,Zha16_no_2_tors,,44318.a1,
44326d1,REMOVED,8636,,Zha16_no_2_tors,,44326.d2,
44498e1,REMOVED,8644,,Zha16_no_2_tors,,44498.b2,
44726d1,REMOVED,8670,,Zha16_no_2_tors,,44726.h1,
44726f1,REMOVED,8669,,Zha16_no_2_tors,,44726.g2,
44774a1,REMOVED,8671,,Zha16_no_2_tors,,44774.a1,
44915d1,REMOVED,8680,,Zha16_no_2_tors,,44915.c1,
44942a1,REMOVED,8681,,Zha16_no_2_tors,,44942.a1,
45059a1,REMOVED,8688,,Zha16_no_2_tors,,45059.a2,
45323a1,REMOVED,8713,,Zha16_no_2_tors,,45323.a1,
45590c1,REMOVED,8745,,Zha16_no_2_tors,,45590.d1,
45746d1,REMOVED,8759,,Zha16_no_2_tors,,45746.d1,
45758a1,REMOVED,8760,,Zha16_no_2_tors,,45758.a2,
46090p1,REMOVED,8787,,Zha16_no_2_tors,,46090.g2,
46211a1,REMOVED,8802,,Zha16_no_2_tors,,46211.a1,
46223a1,REMOVED,8804,,Zha16_no_2_tors,,46223.b1,
46553a1,REMOVED,8821,,Zha16_no_2_tors,,46553.a1,
46690c1,REMOVED,8838,,Zha16_no_2_tors,,46690.m1,
46690e1,REMOVED,8837,,Zha16_no_2_tors,,46690.j2,
46718l1,REMOVED,8846,,Zha16_no_2_tors,,46718.m1,
46835b1,REMOVED,8856,,Zha16_no_2_tors,,46835.a1,
47278c1,REMOVED,8896,,Zha16_no_2_tors,,47278.c2,
47435a1,REMOVED,8906,,Zha16_no_2_tors,,47435.a1,
47483a1,REMOVED,8910,,Zha16_no_2_tors,,47483.a1,
47558a1,REMOVED,8914,,Zha16_no_2_tors,,47558.e1,
47614c1,REMOVED,8922,,Zha16_no_2_tors,,47614.e1,
47614h1,REMOVED,8924,,Zha16_no_2_tors,,47614.g2,
47762b1,REMOVED,8944,,Zha16_no_2_tors,,47762.e1,
47870a1,REMOVED,8953,,Zha16_no_2_tors,,47870.a1,
47883c1,REMOVED,8957,,Zha16_no_2_tors,,47883.a1,
47918d1,REMOVED,8964,,Zha16_no_2_tors,,47918.d3,
48034b1,REMOVED,8976,,Zha16_no_2_tors,,48034.a1,
48034h1,REMOVED,8977,,Zha16_no_2_tors,,48034.b1,
48034m1,REMOVED,8981,,Zha16_no_2_tors,,48034.i1,
48146d1,REMOVED,8991,,Zha16_no_2_tors,,48146.i1,
48146g1,REMOVED,8989,,Zha16_no_2_tors,,48146.g1,
48211b1,REMOVED,8998,,Zha16_no_2_tors,,48211.b1,
48277a1,REMOVED,9003,,Zha16_no_2_tors,,48277.a1,
48290a1,REMOVED,9005,,Zha16_no_2_tors,,48290.a1,
48323b1,REMOVED,9010,,Zha16_no_2_tors,,48323.c1,
48446a1,REMOVED,9023,,Zha16_no_2_tors,,48446.a1,
48670g1,REMOVED,9043,,Zha16_no_2_tors,,48670.h2,
48790g1,REMOVED,9059,,Zha16_no_2_tors,,48790.b1,
48854c1,REMOVED,9065,,Zha16_no_2_tors,,48854.c1,
48954f1,REMOVED,9081,,Zha16_no_2_tors,,48954.i2,
48974b1,REMOVED,9084,,Zha16_no_2_tors,,48974.b1,
49070d1,REMOVED,9105,,Zha16_no_2_tors,,49070.f2,
49118a1,REMOVED,9111,,Zha16_no_2_tors,,49118.a1,
49162a1,REMOVED,9117,,Zha16_no_2_tors,,49162.a2,
49526a1,REMOVED,9140,,Zha16_no_2_tors,,49526.a1,
49678a1,REMOVED,9144,,Zha16_no_2_tors,,49678.b1,
49910b1,REMOVED,9164,,Zha16_no_2_tors,,49910.g1,
49910c1,REMOVED,9163,,Zha16_no_2_tors,,49910.f2,
50098b1,REMOVED,9179,,Zha16_no_2_tors,,50098.b1,
50290j1,REMOVED,9199,,Zha16_no_2_tors,,50290.g2,
50357a1,REMOVED,9202,,Zha16_no_2_tors,,50357.b1,
50365c1,REMOVED,9203,,Zha16_no_2_tors,,50365.b1,
50389a1,REMOVED,9207,,Zha16_no_2_tors,,50389.a2,
50506b1,REMOVED,9216,,Zha16_no_2_tors,,50506.b1,
50803a1,REMOVED,9249,,Zha16_no_2_tors,,50803.a1,
50897a1,REMOVED,9259,,Zha16_no_2_tors,,50897.b1,
50995l1,REMOVED,9262,,Zha16_no_2_tors,,50995.j1,
51142d1,REMOVED,9271,,Zha16_no_2_tors,,51142.b2,
51170b1,REMOVED,9273,,Zha16_no_2_tors,,51170.a1,
51170g1,REMOVED,9274,,Zha16_no_2_tors,,51170.k2,
51338c1,REMOVED,9284,,Zha16_no_2_tors,,51338.a3,
51346c1,REMOVED,9287,,Zha16_no_2_tors,,51346.c1,
51382c1,REMOVED,9289,,Zha16_no_2_tors,,51382.b2,
51402w1,REMOVED,9292,,Zha16_no_2_tors,,51402.r2,
51566b1,REMOVED,9303,,Zha16_no_2_tors,,51566.a1,
51578c1,REMOVED,9306,,Zha16_no_2_tors,,51578.b1,
51662a1,REMOVED,9316,,Zha16_no_2_tors,,51662.a1,
51694f1,REMOVED,9321,,Zha16_no_2_tors,,51694.h1,
51758d1,REMOVED,9324,,Zha16_no_2_tors,,51758.b1,
51830c1,REMOVED,9333,,Zha16_no_2_tors,,51830.e1,
51922b1,REMOVED,9339,,Zha16_no_2_tors,,51922.a1,
51926b1,REMOVED,9340,,Zha16_no_2_tors,,51926.b1,
51982i1,REMOVED,9348,,Zha16_no_2_tors,,51982.g2,
51986i1,REMOVED,9351,,Zha16_no_2_tors,,51986.e1,
52130c1,REMOVED,9361,,Zha16_no_2_tors,,52130.a1,
52294c1,REMOVED,9382,,Zha16_no_2_tors,,52294.c1,
52394e1,REMOVED,9389,,Zha16_no_2_tors,,52394.b1,
52526a1,REMOVED,9402,,Zha16_no_2_tors,,52526.a1,
52858h1,REMOVED,9429,,Zha16_no_2_tors,,52858.g1,
53378e1,REMOVED,9460,,Zha16_no_2_tors,,53378.f2,
53387a1,REMOVED,9464,,Zha16_no_2_tors,,53387.a1,
53533a1,REMOVED,9477,,Zha16_no_2_tors,,53533.b1,
53690h1,REMOVED,9492,,Zha16_no_2_tors,,53690.g2,
53690t1,REMOVED,9493,,Zha16_no_2_tors,,53690.t1,
53705a1,REMOVED,9495,,Zha16_no_2_tors,,53705.a1,
54098g1,REMOVED,9520,,Zha16_no_2_tors,,54098.d1,
54142a1,REMOVED,9525,,Zha16_no_2_tors,,54142.d2,
54190d1,REMOVED,9528,,Zha16_no_2_tors,,54190.c2,
54205d1,REMOVED,9532,,Zha16_no_2_tors,,54205.b1,
54253b1,REMOVED,9535,,Zha16_no_2_tors,,54253.c1,
54290f1,REMOVED,9538,,Zha16_no_2_tors,,54290.i1,
54309b1,REMOVED,9540,,Zha16_no_2_tors,,54309.a2,
54467a1,REMOVED,9559,,Zha16_no_2_tors,,54467.a1,
54470f1,REMOVED,9562,,Zha16_no_2_tors,,54470.i1,
54526g1,REMOVED,9566,,Zha16_no_2_tors,,54526.h2,
54730e1,REMOVED,9587,,Zha16_no_2_tors,,54730.f2,
54730f1,REMOVED,9588,,Zha16_no_2_tors,,54730.i1,
54754b1,REMOVED,9590,,Zha16_no_2_tors,,54754.c1,
54962b1,REMOVED,9608,,Zha16_no_2_tors,,54962.b1,
54989a1,REMOVED,9610,,Zha16_no_2_tors,,54989.b1,
55022i1,REMOVED,9612,,Zha16_no_2_tors,,55022.g1,
55307a1,REMOVED,9637,,Zha16_no_2_tors,,55307.a1,
55493a1,REMOVED,9647,,Zha16_no_2_tors,,55493.a1,
55510i1,REMOVED,9649,,Zha16_no_2_tors,,55510.d3,
55514b1,REMOVED,9651,,Zha16_no_2_tors,,55514.b1,
55789b1,REMOVED,9670,,Zha16_no_2_tors,,55789.b1,
55803d1,REMOVED,9671,,Zha16_no_2_tors,,55803.a1,
55862a1,REMOVED,9676,,Zha16_no_2_tors,,55862.a2,
55874b1,REMOVED,9680,,Zha16_no_2_tors,,55874.c2,
55874c1,REMOVED,9679,,Zha16_no_2_tors,,55874.a2,
55895a1,REMOVED,9682,,Zha16_no_2_tors,,55895.b1,
55907a1,REMOVED,9683,,Zha16_no_2_tors,,55907.a1,
56210d1,REMOVED,9715,,Zha16_no_2_tors,,56210.c1,
56266b1,REMOVED,9722,,Zha16_no_2_tors,,56266.b1,
56330e1,REMOVED,9736,,Zha16_no_2_tors,,56330.f2,
56405b1,REMOVED,9740,,Zha16_no_2_tors,,56405.a2,
56419a1,REMOVED,9743,,Zha16_no_2_tors,,56419.a1,
56429c1,REMOVED,9744,,Zha16_no_2_tors,,56429.b2,
56510b1,REMOVED,9757,,Zha16_no_2_tors,,56510.d1,
56510c1,REMOVED,9755,,Zha16_no_2_tors,,56510.a1,
56666c1,REMOVED,9768,,Zha16_no_2_tors,,56666.e1,
56666d1,REMOVED,9766,,Zha16_no_2_tors,,56666.c1,
56918a1,REMOVED,9782,,Zha16_no_2_tors,,56918.a1,
56947a1,REMOVED,9785,,Zha16_no_2_tors,,56947.a1,
56962a1,REMOVED,9788,,Zha16_no_2_tors,,56962.b1,
56990b1,REMOVED,9791,,Zha16_no_2_tors,,56990.b1,
56990c1,REMOVED,9793,,Zha16_no_2_tors,,56990.e1,
57086a1,REMOVED,9798,,Zha16_no_2_tors,,57086.a2,
57130b1,REMOVED,9804,,Zha16_no_2_tors,,57130.b1,
57302a1,REMOVED,9818,,Zha16_no_2_tors,,57302.a1,
57310c1,REMOVED,9819,,Zha16_no_2_tors,,57310.b1,
57443b1,REMOVED,9829,,Zha16_no_2_tors,,57443.b1,
57514a1,REMOVED,9837,,Zha16_no_2_tors,,57514.a2,
57554b1,REMOVED,9843,,Zha16_no_2_tors,,57554.d1,
57554d1,REMOVED,9841,,Zha16_no_2_tors,,57554.b2,
57562a1,REMOVED,9844,,Zha16_no_2_tors,,57562.a1,
57610b1,REMOVED,9854,,Zha16_no_2_tors,,57610.c1,
57779a1,REMOVED,9869,,Zha16_no_2_tors,,57779.a1,
57785e1,REMOVED,9870,,Zha16_no_2_tors,,57785.e1,
57790c1,REMOVED,9874,,Zha16_no_2_tors,,57790.d2,
57939i1,REMOVED,9895,,Zha16_no_2_tors,,57939.d1,
58001a1,REMOVED,9897,,Zha16_no_2_tors,,58001.a1,
58006g1,REMOVED,9900,,Zha16_no_2_tors,,58006.f1,
58058a1,REMOVED,9904,,Zha16_no_2_tors,,58058.j1,
58058j1,REMOVED,9902,,Zha16_no_2_tors,,58058.h2,
58102b1,REMOVED,9907,,Zha16_no_2_tors,,58102.e3,
58226e1,REMOVED,9913,,Zha16_no_2_tors,,58226.a1,
58306a1,REMOVED,9922,,Zha16_no_2_tors,,58306.b1,
58463a1,REMOVED,9928,,Zha16_no_2_tors,,58463.a1,
58514b1,REMOVED,9931,,Zha16_no_2_tors,,58514.b2,
58514c1,REMOVED,9932,,Zha16_no_2_tors,,58514.c1,
58517b1,REMOVED,9933,,Zha16_no_2_tors,,58517.a1,
58646f1,REMOVED,9943,,Zha16_no_2_tors,,58646.f2,
58646h1,REMOVED,9944,,Zha16_no_2_tors,,58646.i1,
58794l1,REMOVED,9957,,Zha16_no_2_tors,,58794.m2,
58933a1,REMOVED,9964,,Zha16_no_2_tors,,58933.a1,
58955b1,REMOVED,9966,,Zha16_no_2_tors,,58955.a1,
58958a1,REMOVED,9969,,Zha16_no_2_tors,,58958.a2,
59117a1,REMOVED,9978,,Zha16_no_2_tors,,59117.a2,
59198c1,REMOVED,9990,,Zha16_no_2_tors,,59198.d1,
59246a1,REMOVED,9994,,Zha16_no_2_tors,,59246.a1,
59458j1,REMOVED,10009,,Zha16_no_2_tors,,59458.f1,
59474b1,REMOVED,10011,,Zha16_no_2_tors,,59474.b2,
59590a1,REMOVED,10017,,Zha16_no_2_tors,,59590.c2,
59678b1,REMOVED,10029,,Zha16_no_2_tors,,59678.a2,
59755b1,REMOVED,10037,,Zha16_no_2_tors,,59755.b2,
59818d1,REMOVED,10044,,Zha16_no_2_tors,,59818.c1,
59830d1,REMOVED,10048,,Zha16_no_2_tors,,59830.d1,
59869b1,REMOVED,10053,,Zha16_no_2_tors,,59869.a1,
59869e1,REMOVED,10056,,Zha16_no_2_tors,,59869.g1,
59930c1,REMOVED,10060,,Zha16_no_2_tors,,59930.c1,
60019a1,REMOVED,10071,,Zha16_no_2_tors,,60019.a1,
60290e1,REMOVED,10090,,Zha16_no_2_tors,,60290.k1,
60853a1,REMOVED,10131,,Zha16_no_2_tors,,60853.a3,
60914a1,REMOVED,10137,,Zha16_no_2_tors,,60914.b1,
60973a1,REMOVED,10143,,Zha16_no_2_tors,,60973.b1,
61115b1,REMOVED,10155,,Zha16_no_2_tors,,61115.b2,
61166c1,REMOVED,10160,,Zha16_no_2_tors,,61166.d1,
61243a1,REMOVED,10165,,Zha16_no_2_tors,,61243.b3,
61310c1,REMOVED,10170,,Zha16_no_2_tors,,61310.d1,
61477a1,REMOVED,10180,,Zha16_no_2_tors,,61477.a1,
61814d1,REMOVED,10213,,Zha16_no_2_tors,,61814.d2,
61883a1,REMOVED,10216,,Zha16_no_2_tors,,61883.a1,
62002a1,REMOVED,10225,,Zha16_no_2_tors,,62002.b2,
62162b1,REMOVED,10242,,Zha16_no_2_tors,,62162.b1,
62261a1,REMOVED,10248,,Zha16_no_2_tors,,62261.a1,
62282f1,REMOVED,10252,,Zha16_no_2_tors,,62282.h1,
62561a1,REMOVED,10265,,Zha16_no_2_tors,,62561.a1,
62645a1,REMOVED,10277,,Zha16_no_2_tors,,62645.a2,
62651c1,REMOVED,10278,,Zha16_no_2_tors,,62651.b1,
62698b1,REMOVED,10280,,Zha16_no_2_tors,,62698.a1,
62810d1,REMOVED,10285,,Zha16_no_2_tors,,62810.c2,
63358a1,REMOVED,10332,,Zha16_no_2_tors,,63358.a2,
63382a1,REMOVED,10335,,Zha16_no_2_tors,,63382.d1,
63482a1,REMOVED,10344,,Zha16_no_2_tors,,63482.a1,
63490j1,REMOVED,10347,,Zha16_no_2_tors,,63490.m2,
63494a1,REMOVED,10348,,Zha16_no_2_tors,,63494.a1,
63574i1,REMOVED,10356,,Zha16_no_2_tors,,63574.c2,
63635d1,REMOVED,10363,,Zha16_no_2_tors,,63635.c1,
63710e1,REMOVED,10368,,Zha16_no_2_tors,,63710.g1,
63779a1,REMOVED,10372,,Zha16_no_2_tors,,63779.b2,
64070b1,REMOVED,10385,,Zha16_no_2_tors,,64070.b2,
64115a1,REMOVED,10389,,Zha16_no_2_tors,,64115.a1,
64285d1,REMOVED,10398,,Zha16_no_2_tors,,64285.e2,
64286b1,REMOVED,10399,,Zha16_no_2_tors,,64286.b1,
64313a1,REMOVED,10401,,Zha16_no_2_tors,,64313.a1,
64486e1,REMOVED,10415,,Zha16_no_2_tors,,64486.b1,
64754a1,REMOVED,10433,,Zha16_no_2_tors,,64754.a1,
64802d1,REMOVED,10437,,Zha16_no_2_tors,,64802.d1,
64814b1,REMOVED,10439,,Zha16_no_2_tors,,64814.a1,
64814e1,REMOVED,10440,,Zha16_no_2_tors,,64814.e1,
64883c1,REMOVED,10451,,Zha16_no_2_tors,,64883.f1,
64883f1,REMOVED,10450,,Zha16_no_2_tors,,64883.e2,
65026c1,REMOVED,10461,,Zha16_no_2_tors,,65026.e1,
65518b1,REMOVED,10495,,Zha16_no_2_tors,,65518.a1,
65618f1,REMOVED,10501,,Zha16_no_2_tors,,65618.a1,
65753a1,REMOVED,10514,,Zha16_no_2_tors,,65753.a1,
66166c1,REMOVED,10547,,Zha16_no_2_tors,,66166.c1,
66266b1,REMOVED,10556,,Zha16_no_2_tors,,66266.b1,
66379a1,REMOVED,10561,,Zha16_no_2_tors,,66379.a1,
66494b1,REMOVED,10569,,Zha16_no_2_tors,,66494.a1,
66781a1,REMOVED,10586,,Zha16_no_2_tors,,66781.b1,
66878f1,REMOVED,10598,,Zha16_no_2_tors,,66878.g1,
66917a1,REMOVED,10603,,Zha16_no_2_tors,,66917.b2,
67117a1,REMOVED,10625,,Zha16_no_2_tors,,67117.a2,
67274a1,REMOVED,10636,,Zha16_no_2_tors,,67274.a1,
67346c1,REMOVED,10639,,Zha16_no_2_tors,,67346.a1,
67490c1,REMOVED,10646,,Zha16_no_2_tors,,67490.c1,
67490f1,REMOVED,10647,,Zha16_no_2_tors,,67490.i2,
67505a1,REMOVED,10648,,Zha16_no_2_tors,,67505.a1,
67535c1,REMOVED,10653,,Zha16_no_2_tors,,67535.f1,
67546b1,REMOVED,10656,,Zha16_no_2_tors,,67546.b1,
67606f1,REMOVED,10661,,Zha16_no_2_tors,,67606.a3,
67730f1,REMOVED,10668,,Zha16_no_2_tors,,67730.j1,
67787a1,REMOVED,10679,,Zha16_no_2_tors,,67787.a1,
67790g1,REMOVED,10680,,Zha16_no_2_tors,,67790.h1,
67855d1,REMOVED,10688,,Zha16_no_2_tors,,67855.d1,
67946d1,REMOVED,10693,,Zha16_no_2_tors,,67946.d1,
67958b1,REMOVED,10697,,Zha16_no_2_tors,,67958.c1,
68006b1,REMOVED,10699,,Zha16_no_2_tors,,68006.a1,
68069a1,REMOVED,10707,,Zha16_no_2_tors,,68069.a2,
68086a1,REMOVED,10711,,Zha16_no_2_tors,,68086.a2,
68341b1,REMOVED,10727,,Zha16_no_2_tors,,68341.b1,
68605a1,REMOVED,10745,,Zha16_no_2_tors,,68605.a1,
69058e1,REMOVED,10786,,Zha16_no_2_tors,,69058.d1,
69218a1,REMOVED,10800,,Zha16_no_2_tors,,69218.a2,
69230v1,REMOVED,10805,,Zha16_no_2_tors,,69230.z1,
69295a1,REMOVED,10813,,Zha16_no_2_tors,,69295.c1,
69410e1,REMOVED,10826,,Zha16_no_2_tors,,69410.g1,
69422a1,REMOVED,10829,,Zha16_no_2_tors,,69422.a1,
69515b1,REMOVED,10839,,Zha16_no_2_tors,,69515.d1,
69542d1,REMOVED,10842,,Zha16_no_2_tors,,69542.d1,
69758c1,REMOVED,10858,,Zha16_no_2_tors,,69758.d2,
69818a1,REMOVED,10864,,Zha16_no_2_tors,,69818.a1,
70022a1,REMOVED,10880,,Zha16_no_2_tors,,70022.b1,
70114c1,REMOVED,10894,,Zha16_no_2_tors,,70114.c2,
70115a1,REMOVED,10895,,Zha16_no_2_tors,,70115.a2,
70226d1,REMOVED,10901,,Zha16_no_2_tors,,70226.b1,
70534b1,REMOVED,10924,,Zha16_no_2_tors,,70534.c1,
70538a1,REMOVED,10925,,Zha16_no_2_tors,,70538.a1,
70546c1,REMOVED,10929,,Zha16_no_2_tors,,70546.c1,
70579a1,REMOVED,10933,,Zha16_no_2_tors,,70579.a1,
70718b1,REMOVED,10951,,Zha16_no_2_tors,,70718.a1,
70742e1,REMOVED,10954,,Zha16_no_2_tors,,70742.a1,
70883a1,REMOVED,10962,,Zha16_no_2_tors,,70883.a2,
70915b1,REMOVED,10967,,Zha16_no_2_tors,,70915.b1,
70970a1,REMOVED,10974,,Zha16_no_2_tors,,70970.b2,
71018a1,REMOVED,10977,,Zha16_no_2_tors,,71018.a1,
71290c1,REMOVED,10989,,Zha16_no_2_tors,,71290.c1,
71395a1,REMOVED,10996,,Zha16_no_2_tors,,71395.a2,
71747a1,REMOVED,11019,,Zha16_no_2_tors,,71747.a1,
71782a1,REMOVED,11022,,Zha16_no_2_tors,,71782.a2,
71827b1,REMOVED,11026,,Zha16_no_2_tors,,71827.a2,
72070b1,REMOVED,11045,,Zha16_no_2_tors,,72070.b1,
72334b1,REMOVED,11062,,Zha16_no_2_tors,,72334.d1,
72338g1,REMOVED,11063,,Zha16_no_2_tors,,72338.h3,
72590e1,REMOVED,11080,,Zha16_no_2_tors,,72590.e1,
72730h1,REMOVED,11090,,Zha16_no_2_tors,,72730.g2,
72770b1,REMOVED,11094,,Zha16_no_2_tors,,72770.c1,
72898g1,REMOVED,11104,,Zha16_no_2_tors,,72898.f2,
72898h1,REMOVED,11105,,Zha16_no_2_tors,,72898.i1,
72982c1,REMOVED,11112,,Zha16_no_2_tors,,72982.c2,
73115b1,REMOVED,11126,,Zha16_no_2_tors,,73115.c1,
73354a1,REMOVED,11143,,Zha16_no_2_tors,,73354.a1,
73405a1,REMOVED,11147,,Zha16_no_2_tors,,73405.b1,
73570k1,REMOVED,11158,,Zha16_no_2_tors,,73570.i2,
73658d1,REMOVED,11172,,Zha16_no_2_tors,,73658.d3,
73694a1,REMOVED,11175,,Zha16_no_2_tors,,73694.a1,
73738b1,REMOVED,11183,,Zha16_no_2_tors,,73738.d1,
73738d1,REMOVED,11182,,Zha16_no_2_tors,,73738.c1,
73738h1,REMOVED,11185,,Zha16_no_2_tors,,73738.i1,
73802a1,REMOVED,11192,,Zha16_no_2_tors,,73802.a1,
73814b1,REMOVED,11193,,Zha16_no_2_tors,,73814.f1,
74347b1,REMOVED,11225,,Zha16_no_2_tors,,74347.b1,
74485b1,REMOVED,11233,,Zha16_no_2_tors,,74485.a1,
74711d1,REMOVED,11249,,Zha16_no_2_tors,,74711.b1,
74822f1,REMOVED,11256,,Zha16_no_2_tors,,74822.c2,
75110m1,REMOVED,11272,,Zha16_no_2_tors,,75110.n1,
75298b1,REMOVED,11282,,Zha16_no_2_tors,,75298.a1,
75298d1,REMOVED,11283,,Zha16_no_2_tors,,75298.d1,
75490a1,REMOVED,11300,,Zha16_no_2_tors,,75490.a2,
75490d1,REMOVED,11301,,Zha16_no_2_tors,,75490.b1,
75530c1,REMOVED,11304,,Zha16_no_2_tors,,75530.d2,
75545b1,REMOVED,11307,,Zha16_no_2_tors,,75545.d1,
75674b1,REMOVED,11326,,Zha16_no_2_tors,,75674.c1,
75686a1,REMOVED,11327,,Zha16_no_2_tors,,75686.b1,
75866d1,REMOVED,11343,,Zha16_no_2_tors,,75866.c3,
75998a1,REMOVED,11351,,Zha16_no_2_tors,,75998.a1,
76066b1,REMOVED,11356,,Zha16_no_2_tors,,76066.a1,
76070d1,REMOVED,11359,,Zha16_no_2_tors,,76070.f1,
76094a1,REMOVED,11361,,Zha16_no_2_tors,,76094.a1,
76258c1,REMOVED,11374,,Zha16_no_2_tors,,76258.b1,
76267a1,REMOVED,11376,,Zha16_no_2_tors,,76267.c1,
76310e1,REMOVED,11383,,Zha16_no_2_tors,,76310.e1,
76318a1,REMOVED,11384,,Zha16_no_2_tors,,76318.a1,
76426c1,REMOVED,11395,,Zha16_no_2_tors,,76426.c2,
76466d1,REMOVED,11397,,Zha16_no_2_tors,,76466.d1,
76510e1,REMOVED,11404,,Zha16_no_2_tors,,76510.e1,
76865a1,REMOVED,11437,,Zha16_no_2_tors,,76865.a1,
77314d1,REMOVED,11472,,Zha16_no_2_tors,,77314.d2,
77435b1,REMOVED,11482,,Zha16_no_2_tors,,77435.c1,
77710b1,REMOVED,11510,,Zha16_no_2_tors,,77710.a2,
77834a1,REMOVED,11519,,Zha16_no_2_tors,,77834.a1,
77938d1,REMOVED,11523,,Zha16_no_2_tors,,77938.a1,
77938f1,REMOVED,11525,,Zha16_no_2_tors,,77938.g2,
78062a1,REMOVED,11540,,Zha16_no_2_tors,,78062.b2,
78278a1,REMOVED,11556,,Zha16_no_2_tors,,78278.a1,
78323a1,REMOVED,11561,,Zha16_no_2_tors,,78323.b1,
78362d1,REMOVED,11568,,Zha16_no_2_tors,,78362.c1,
78373d1,REMOVED,11569,,Zha16_no_2_tors,,78373.d1,
78470p1,REMOVED,11577,,Zha16_no_2_tors,,78470.r1,
78482d1,REMOVED,11580,,Zha16_no_2_tors,,78482.d1,
78515a1,REMOVED,11587,,Zha16_no_2_tors,,78515.a1,
78526h1,REMOVED,11588,,Zha16_no_2_tors,,78526.c2,
78533a1,REMOVED,11590,,Zha16_no_2_tors,,78533.b1,
78554e1,REMOVED,11594,,Zha16_no_2_tors,,78554.c1,
78589c1,REMOVED,11597,,Zha16_no_2_tors,,78589.a1,
78590c1,REMOVED,11599,,Zha16_no_2_tors,,78590.d1,
78745c1,REMOVED,11618,,Zha16_no_2_tors,,78745.b1,
78749a1,REMOVED,11619,,Zha16_no_2_tors,,78749.a1,
78806a1,REMOVED,11621,,Zha16_no_2_tors,,78806.c1,
78806c1,REMOVED,11622,,Zha16_no_2_tors,,78806.d1,
78827b1,REMOVED,11624,,Zha16_no_2_tors,,78827.c1,
78838c1,REMOVED,11625,,Zha16_no_2_tors,,78838.c2,
78859a1,REMOVED,11627,,Zha16_no_2_tors,,78859.a1,
78971a1,REMOVED,11633,,Zha16_no_2_tors,,78971.a1,
79015b1,REMOVED,11636,,Zha16_no_2_tors,,79015.b1,
79477b1,REMOVED,11672,,Zha16_no_2_tors,,79477.a2,
79522b1,REMOVED,11680,,Zha16_no_2_tors,,79522.b1,
79534m1,REMOVED,11688,,Zha16_no_2_tors,,79534.d1,
79547a1,REMOVED,11690,,Zha16_no_2_tors,,79547.a1,
79606c1,REMOVED,11694,,Zha16_no_2_tors,,79606.a1,
79934c1,REMOVED,11716,,Zha16_no_2_tors,,79934.c1,
79946c1,REMOVED,11718,,Zha16_no_2_tors,,79946.c1,
79990f1,REMOVED,11721,,Zha16_no_2_tors,,79990.a2,
80171b1,REMOVED,11739,,Zha16_no_2_tors,,80171.a2,
80269a1,REMOVED,11750,,Zha16_no_2_tors,,80269.a1,
80570c1,REMOVED,11774,,Zha16_no_2_tors,,80570.c1,
81002g1,REMOVED,11815,,Zha16_no_2_tors,,81002.d1,
81137c1,REMOVED,11823,,Zha16_no_2_tors,,81137.c1,
81230b1,REMOVED,11833,,Zha16_no_2_tors,,81230.b1,
81515b1,REMOVED,11861,,Zha16_no_2_tors,,81515.a1,
81515f1,REMOVED,11862,,Zha16_no_2_tors,,81515.d1,
81851a1,REMOVED,11888,,Zha16_no_2_tors,,81851.a1,
82070c1,REMOVED,11905,,Zha16_no_2_tors,,82070.f1,
82082h1,REMOVED,11906,,Zha16_no_2_tors,,82082.a2,
82138b1,REMOVED,11913,,Zha16_no_2_tors,,82138.b1,
82151a1,REMOVED,11915,,Zha16_no_2_tors,,82151.a1,
82205a1,REMOVED,11918,,Zha16_no_2_tors,,82205.a1,
82214c1,REMOVED,11920,,Zha16_no_2_tors,,82214.c1,
82403a1,REMOVED,11934,,Zha16_no_2_tors,,82403.a1,
82474a1,REMOVED,11938,,Zha16_no_2_tors,,82474.e1,
82490h1,REMOVED,11939,,Zha16_no_2_tors,,82490.a1,
82534c1,REMOVED,11944,,Zha16_no_2_tors,,82534.c1,
82574c1,REMOVED,11950,,Zha16_no_2_tors,,82574.c1,
82642d1,REMOVED,11959,,Zha16_no_2_tors,,82642.d1,
82691b1,REMOVED,11965,,Zha16_no_2_tors,,82691.d1,
82742a1,REMOVED,11968,,Zha16_no_2_tors,,82742.a1,
82835a1,REMOVED,11979,,Zha16_no_2_tors,,82835.a1,
82909a1,REMOVED,11982,,Zha16_no_2_tors,,82909.a1,
82922b1,REMOVED,11985,,Zha16_no_2_tors,,82922.b2,
82942d1,REMOVED,11988,,Zha16_no_2_tors,,82942.d1,
83083k1,REMOVED,12001,,Zha16_no_2_tors,,83083.d2,
83110b1,REMOVED,12006,,Zha16_no_2_tors,,83110.b1,
83174e1,REMOVED,12013,,Zha16_no_2_tors,,83174.f1,
83291b1,REMOVED,12030,,Zha16_no_2_tors,,83291.b1,
83354e1,REMOVED,12038,,Zha16_no_2_tors,,83354.e1,
83411a1,REMOVED,12042,,Zha16_no_2_tors,,83411.a1,
83642a1,REMOVED,12070,,Zha16_no_2_tors,,83642.a1,
83795a1,REMOVED,12081,,Zha16_no_2_tors,,83795.a1,
83842a1,REMOVED,12087,,Zha16_no_2_tors,,83842.a2,
83846c1,REMOVED,12088,,Zha16_no_2_tors,,83846.a2,
83909a1,REMOVED,12094,,Zha16_no_2_tors,,83909.a1,
84023a1,REMOVED,12103,,Zha16_no_2_tors,,84023.a1,
84370p1,REMOVED,12131,,Zha16_no_2_tors,,84370.p1,
84422q1,REMOVED,12141,,Zha16_no_2_tors,,84422.t1,
84658b1,REMOVED,12170,,Zha16_no_2_tors,,84658.f1,
84733a1,REMOVED,12174,,Zha16_no_2_tors,,84733.a2,
84779a1,REMOVED,12178,,Zha16_no_2_tors,,84779.a1,
84790a1,REMOVED,12179,,Zha16_no_2_tors,,84790.c1,
84790e1,REMOVED,12180,,Zha16_no_2_tors,,84790.d1,
84814b1,REMOVED,12183,,Zha16_no_2_tors,,84814.b1,
85030m1,REMOVED,12200,,Zha16_no_2_tors,,85030.h2,
85190a1,REMOVED,12209,,Zha16_no_2_tors,,85190.a1,
85190e1,REMOVED,12211,,Zha16_no_2_tors,,85190.d2,
85214a1,REMOVED,12214,,Zha16_no_2_tors,,85214.a1,
85226b1,REMOVED,12219,,Zha16_no_2_tors,,85226.b2,
85330b1,REMOVED,12223,,Zha16_no_2_tors,,85330.b2,
85330e1,REMOVED,12226,,Zha16_no_2_tors,,85330.j1,
85490d1,REMOVED,12236,,Zha16_no_2_tors,,85490.a2,
85595b1,REMOVED,12246,,Zha16_no_2_tors,,85595.a2,
85642a1,REMOVED,12251,,Zha16_no_2_tors,,85642.a2,
85642b1,REMOVED,12252,,Zha16_no_2_tors,,85642.b1,
85646a1,REMOVED,12254,,Zha16_no_2_tors,,85646.a2,
85666a1,REMOVED,12258,,Zha16_no_2_tors,,85666.a1,
85666i1,REMOVED,12259,,Zha16_no_2_tors,,85666.i2,
85714j1,REMOVED,12266,,Zha16_no_2_tors,,85714.i2,
85858c1,REMOVED,12278,,Zha16_no_2_tors,,85858.b1,
85859b1,REMOVED,12280,,Zha16_no_2_tors,,85859.b1,
86074a1,REMOVED,12291,,Zha16_no_2_tors,,86074.a1,
86147a1,REMOVED,12296,,Zha16_no_2_tors,,86147.a1,
86210b1,REMOVED,12302,,Zha16_no_2_tors,,86210.e1,
86221d1,REMOVED,12305,,Zha16_no_2_tors,,86221.c1,
86315b1,REMOVED,12314,,Zha16_no_2_tors,,86315.b1,
86317b1,REMOVED,12316,,Zha16_no_2_tors,,86317.a1,
86326b1,REMOVED,12319,,Zha16_no_2_tors,,86326.b1,
86437a1,REMOVED,12331,,Zha16_no_2_tors,,86437.a1,
86558a1,REMOVED,12341,,Zha16_no_2_tors,,86558.a1,
86597b1,REMOVED,12346,,Zha16_no_2_tors,,86597.a1,
86915a1,REMOVED,12376,,Zha16_no_2_tors,,86915.a1,
86995a1,REMOVED,12383,,Zha16_no_2_tors,,86995.c2,
87218b1,REMOVED,12405,,Zha16_no_2_tors,,87218.a1,
87230b1,REMOVED,12409,,Zha16_no_2_tors,,87230.c2,
87230d1,REMOVED,12410,,Zha16_no_2_tors,,87230.d1,
87406g1,REMOVED,12438,,Zha16_no_2_tors,,87406.g1,
87461a1,REMOVED,12447,,Zha16_no_2_tors,,87461.b1,
87571a1,REMOVED,12464,,Zha16_no_2_tors,,87571.a1,
87754e1,REMOVED,12482,,Zha16_no_2_tors,,87754.f1,
87842a1,REMOVED,12484,,Zha16_no_2_tors,,87842.a1,
87874a1,REMOVED,12486,,Zha16_no_2_tors,,87874.a1,
87874c1,REMOVED,12487,,Zha16_no_2_tors,,87874.c1,
88403b1,REMOVED,12542,,Zha16_no_2_tors,,88403.b1,
88415a1,REMOVED,12543,,Zha16_no_2_tors,,88415.a1,
88426d1,REMOVED,12544,,Zha16_no_2_tors,,88426.a1,
88694b1,REMOVED,12573,,Zha16_no_2_tors,,88694.b1,
88870a1,REMOVED,12587,,Zha16_no_2_tors,,88870.a1,
88946b1,REMOVED,12593,,Zha16_no_2_tors,,88946.a1,
88970d1,REMOVED,12598,,Zha16_no_2_tors,,88970.g1,
88970o1,REMOVED,12602,,Zha16_no_2_tors,,88970.x2,
88970p1,REMOVED,12600,,Zha16_no_2_tors,,88970.v2,
89195a1,REMOVED,12618,,Zha16_no_2_tors,,89195.a1,
89219a1,REMOVED,12625,,Zha16_no_2_tors,,89219.a1,
89342d1,REMOVED,12633,,Zha16_no_2_tors,,89342.b2,
89390c1,REMOVED,12644,,Zha16_no_2_tors,,89390.c1,
89555c1,REMOVED,12652,,Zha16_no_2_tors,,89555.a1,
89834a1,REMOVED,12670,,Zha16_no_2_tors,,89834.a1,
89990a1,REMOVED,12676,,Zha16_no_2_tors,,89990.a1,
90074b1,REMOVED,12681,,Zha16_no_2_tors,,90074.b1,
90365a1,REMOVED,12707,,Zha16_no_2_tors,,90365.a1,
90370c1,REMOVED,12709,,Zha16_no_2_tors,,90370.a1,
90461b1,REMOVED,12716,,Zha16_no_2_tors,,90461.c1,
90478b1,REMOVED,12719,,Zha16_no_2_tors,,90478.a1,
90521a1,REMOVED,12725,,Zha16_no_2_tors,,90521.b1,
90545c1,REMOVED,12726,,Zha16_no_2_tors,,90545.e1,
90706e1,REMOVED,12734,,Zha16_no_2_tors,,90706.a1,
90706m1,REMOVED,12735,,Zha16_no_2_tors,,90706.i1,
90734a1,REMOVED,12737,,Zha16_no_2_tors,,90734.a2,
90794b1,REMOVED,12740,,Zha16_no_2_tors,,90794.a1,
90818a1,REMOVED,12743,,Zha16_no_2_tors,,90818.a1,
90827b1,REMOVED,12744,,Zha16_no_2_tors,,90827.a1,
90830b1,REMOVED,12745,,Zha16_no_2_tors,,90830.d1,
90874a1,REMOVED,12750,,Zha16_no_2_tors,,90874.a1,
90886f1,REMOVED,12751,,Zha16_no_2_tors,,90886.c1,
91267a1,REMOVED,12779,,Zha16_no_2_tors,,91267.a1,
91390h1,REMOVED,12784,,Zha16_no_2_tors,,91390.k2,
91509c1,REMOVED,12790,,Zha16_no_2_tors,,91509.a2,
91955a1,REMOVED,12819,,Zha16_no_2_tors,,91955.b2,
92123a1,REMOVED,12831,,Zha16_no_2_tors,,92123.a1,
92258b1,REMOVED,12839,,Zha16_no_2_tors,,92258.b1,
92330j1,REMOVED,12846,,Zha16_no_2_tors,,92330.i1,
92798d1,REMOVED,12876,,Zha16_no_2_tors,,92798.c1,
92842b1,REMOVED,12880,,Zha16_no_2_tors,,92842.c2,
92890h1,REMOVED,12888,,Zha16_no_2_tors,,92890.h1,
92939h1,REMOVED,12894,,Zha16_no_2_tors,,92939.a1,
93038b1,REMOVED,12905,,Zha16_no_2_tors,,93038.b1,
93338b1,REMOVED,12920,,Zha16_no_2_tors,,93338.c1,
93398b1,REMOVED,12923,,Zha16_no_2_tors,,93398.a1,
93515a1,REMOVED,12936,,Zha16_no_2_tors,,93515.a2,
93614b1,REMOVED,12947,,Zha16_no_2_tors,,93614.a1,
93670c1,REMOVED,12954,,Zha16_no_2_tors,,93670.b2,
93794b1,REMOVED,12969,,Zha16_no_2_tors,,93794.a1,
93806c1,REMOVED,12972,,Zha16_no_2_tors,,93806.d1,
93986a1,REMOVED,12980,,Zha16_no_2_tors,,93986.a1,
94018a1,REMOVED,12982,,Zha16_no_2_tors,,94018.a1,
94046a1,REMOVED,12985,,Zha16_no_2_tors,,94046.a1,
94163b1,REMOVED,12992,,Zha16_no_2_tors,,94163.a1,
94213a1,REMOVED,12998,,Zha16_no_2_tors,,94213.a1,
94262a1,REMOVED,13002,,Zha16_no_2_tors,,94262.a1,
94498e1,REMOVED,13023,,Zha16_no_2_tors,,94498.d2,
94745d1,REMOVED,13044,,Zha16_no_2_tors,,94745.b1,
94931c1,REMOVED,13052,,Zha16_no_2_tors,,94931.c1,
95018n1,REMOVED,13060,,Zha16_no_2_tors,,95018.j2,
95105d1,REMOVED,13070,,Zha16_no_2_tors,,95105.f1,
95221c1,REMOVED,13081,,Zha16_no_2_tors,,95221.b1,
95438g1,REMOVED,13097,,Zha16_no_2_tors,,95438.d1,
95459a1,REMOVED,13099,,Zha16_no_2_tors,,95459.a1,
95473a1,REMOVED,13100,,Zha16_no_2_tors,,95473.c1,
95710a1,REMOVED,13114,,Zha16_no_2_tors,,95710.a1,
95710b1,REMOVED,13115,,Zha16_no_2_tors,,95710.b1,
95810f1,REMOVED,13125,,Zha16_no_2_tors,,95810.j1,
95890h1,REMOVED,13134,,Zha16_no_2_tors,,95890.c1,
96011a1,REMOVED,13142,,Zha16_no_2_tors,,96011.a1,
96022b1,REMOVED,13143,,Zha16_no_2_tors,,96022.b1,
96254h1,REMOVED,13168,,Zha16_no_2_tors,,96254.n1,
96254l1,REMOVED,13167,,Zha16_no_2_tors,,96254.m1,
96254n1,REMOVED,13169,,Zha16_no_2_tors,,96254.o1,
96490d1,REMOVED,13178,,Zha16_no_2_tors,,96490.d2,
96563a1,REMOVED,13184,,Zha16_no_2_tors,,96563.a2,
96634a1,REMOVED,13188,,Zha16_no_2_tors,,96634.b1,
96866m1,REMOVED,13219,,Zha16_no_2_tors,,96866.m2,
96874b1,REMOVED,13221,,Zha16_no_2_tors,,96874.b2,
96878a1,REMOVED,13222,,Zha16_no_2_tors,,96878.a1,
97019a1,REMOVED,13237,,Zha16_no_2_tors,,97019.a1,
97034h1,REMOVED,13241,,Zha16_no_2_tors,,97034.j1,
97054a1,REMOVED,13242,,Zha16_no_2_tors,,97054.a2,
97262a1,REMOVED,13260,,Zha16_no_2_tors,,97262.a1,
97307b1,REMOVED,13261,,Zha16_no_2_tors,,97307.a1,
97309c1,REMOVED,13262,,Zha16_no_2_tors,,97309.b3,
97322b1,REMOVED,13265,,Zha16_no_2_tors,,97322.a1,
97414a1,REMOVED,13275,,Zha16_no_2_tors,,97414.a2,
97490a1,REMOVED,13283,,Zha16_no_2_tors,,97490.a1,
97570a1,REMOVED,13290,,Zha16_no_2_tors,,97570.b2,
97574a1,REMOVED,13292,,Zha16_no_2_tors,,97574.a1,
97646a1,REMOVED,13300,,Zha16_no_2_tors,,97646.a1,
97754a1,REMOVED,13306,,Zha16_no_2_tors,,97754.a1,
97955a1,REMOVED,13318,,Zha16_no_2_tors,,97955.a2,
98018a1,REMOVED,13322,,Zha16_no_2_tors,,98018.a1,
98078b1,REMOVED,13325,,Zha16_no_2_tors,,98078.b1,
98230e1,REMOVED,13335,,Zha16_no_2_tors,,98230.c1,
98390d1,REMOVED,13347,,Zha16_no_2_tors,,98390.f1,
98546b1,REMOVED,13357,,Zha16_no_2_tors,,98546.b1,
98570a1,REMOVED,13360,,Zha16_no_2_tors,,98570.a1,
98626d1,REMOVED,13367,,Zha16_no_2_tors,,98626.h1,
98626h1,REMOVED,13366,,Zha16_no_2_tors,,98626.g2,
98933b1,REMOVED,13399,,Zha16_no_2_tors,,98933.b2,
99037a1,REMOVED,13408,,Zha16_no_2_tors,,99037.a1,
99086d1,REMOVED,13411,,Zha16_no_2_tors,,99086.a1,
99146b1,REMOVED,13416,,Zha16_no_2_tors,,99146.a2,
99358c1,REMOVED,13437,,Zha16_no_2_tors,,99358.c1,
99374b1,REMOVED,13441,,Zha16_no_2_tors,,99374.b1,
99437a1,REMOVED,13446,,Zha16_no_2_tors,,99437.a2,
99454a1,REMOVED,13447,,Zha16_no_2_tors,,99454.a1,
99494a1,REMOVED,13453,,Zha16_no_2_tors,,99494.a1,
99698c1,REMOVED,13477,,Zha16_no_2_tors,,99698.a2,
99755b1,REMOVED,13480,,Zha16_no_2_tors,,99755.a2,
99958b1,REMOVED,13498,,Zha16_no_2_tors,,99958.b1,
99979b1,REMOVED,13499,,Zha16_no_2_tors,,99979.b2,
100007a1,REMOVED,13502,,Zha16_no_2_tors,,100007.a1,
100115a1,REMOVED,13507,,Zha16_no_2_tors,,100115.a1,
100406c1,REMOVED,13526,,Zha16_no_2_tors,,100406.d1,
100813a1,REMOVED,13559,,Zha16_no_2_tors,,100813.a1,
101002b1,REMOVED,13574,,Zha16_no_2_tors,,101002.a2,
101194c1,REMOVED,13589,,Zha16_no_2_tors,,101194.c1,
101395c1,REMOVED,13599,,Zha16_no_2_tors,,101395.b1,
101597a1,REMOVED,13617,,Zha16_no_2_tors,,101597.a2,
101618g1,REMOVED,13620,,Zha16_no_2_tors,,101618.e1,
101974b1,REMOVED,13653,,Zha16_no_2_tors,,101974.b1,
102283a1,REMOVED,13675,,Zha16_no_2_tors,,102283.a1,
102442f1,REMOVED,13695,,Zha16_no_2_tors,,102442.f1,
103106a1,REMOVED,13748,,Zha16_no_2_tors,,103106.a1,
103190f1,REMOVED,13759,,Zha16_no_2_tors,,103190.g1,
103433a1,REMOVED,13786,,Zha16_no_2_tors,,103433.a1,
103645a1,REMOVED,13807,,Zha16_no_2_tors,,103645.d1,
103730o1,REMOVED,13817,,Zha16_no_2_tors,,103730.o2,
103738a1,REMOVED,13818,,Zha16_no_2_tors,,103738.a1,
103763a1,REMOVED,13823,,Zha16_no_2_tors,,103763.a1,
103790b1,REMOVED,13831,,Zha16_no_2_tors,,103790.c1,
103805b1,REMOVED,13833,,Zha16_no_2_tors,,103805.b1,
103814a1,REMOVED,13836,,Zha16_no_2_tors,,103814.a1,
103858d1,REMOVED,13843,,Zha16_no_2_tors,,103858.g1,
103870l1,REMOVED,13848,,Zha16_no_2_tors,,103870.j2,
103870m1,REMOVED,13850,,Zha16_no_2_tors,,103870.m1,
103894d1,REMOVED,13852,,Zha16_no_2_tors,,103894.d1,
104210d1,REMOVED,13886,,Zha16_no_2_tors,,104210.e2,
104371b1,REMOVED,13908,,Zha16_no_2_tors,,104371.a1,
104438c1,REMOVED,13913,,Zha16_no_2_tors,,104438.c1,
104461a1,REMOVED,13915,,Zha16_no_2_tors,,104461.a1,
104533c1,REMOVED,13924,,Zha16_no_2_tors,,104533.c1,
104546a1,REMOVED,13928,,Zha16_no_2_tors,,104546.a1,
104630b1,REMOVED,13934,,Zha16_no_2_tors,,104630.b1,
104755e1,REMOVED,13942,,Zha16_no_2_tors,,104755.c2,
104819a1,REMOVED,13944,,Zha16_no_2_tors,,104819.b1,
104902d1,REMOVED,13949,,Zha16_no_2_tors,,104902.d2,
104995a1,REMOVED,13961,,Zha16_no_2_tors,,104995.a1,
105035b1,REMOVED,13962,,Zha16_no_2_tors,,105035.a1,
105070g1,REMOVED,13965,,Zha16_no_2_tors,,105070.a1,
105205b1,REMOVED,13977,,Zha16_no_2_tors,,105205.b1,
105355f1,REMOVED,13995,,Zha16_no_2_tors,,105355.g1,
105469a1,REMOVED,14003,,Zha16_no_2_tors,,105469.a1,
105482a1,REMOVED,14004,,Zha16_no_2_tors,,105482.b1,
105518a1,REMOVED,14007,,Zha16_no_2_tors,,105518.a1,
105545d1,REMOVED,14010,,Zha16_no_2_tors,,105545.c1,
105830f1,REMOVED,14029,,Zha16_no_2_tors,,105830.b2,
105842d1,REMOVED,14032,,Zha16_no_2_tors,,105842.a1,
105910q1,REMOVED,14039,,Zha16_no_2_tors,,105910.n1,
107074b1,REMOVED,14115,,Zha16_no_2_tors,,107074.b1,
107189c1,REMOVED,14125,,Zha16_no_2_tors,,107189.e1,
107290c1,REMOVED,14129,,Zha16_no_2_tors,,107290.c1,
107386a1,REMOVED,14134,,Zha16_no_2_tors,,107386.a1,
107533a1,REMOVED,14152,,Zha16_no_2_tors,,107533.b1,
107770b1,REMOVED,14168,,Zha16_no_2_tors,,107770.c1,
107770e1,REMOVED,14169,,Zha16_no_2_tors,,107770.d1,
107891b1,REMOVED,14176,,Zha16_no_2_tors,,107891.a1,
108035b1,REMOVED,14188,,Zha16_no_2_tors,,108035.b1,
108082a1,REMOVED,14190,,Zha16_no_2_tors,,108082.a1,
108170c1,REMOVED,14196,,Zha16_no_2_tors,,108170.f1,
108218b1,REMOVED,14201,,Zha16_no_2_tors,,108218.c1,
108358a1,REMOVED,14212,,Zha16_no_2_tors,,108358.a2,
108467b1,REMOVED,14221,,Zha16_no_2_tors,,108467.a1,
108491a1,REMOVED,14225,,Zha16_no_2_tors,,108491.a1,
108766l1,REMOVED,14255,,Zha16_no_2_tors,,108766.e2,
108814a1,REMOVED,14259,,Zha16_no_2_tors,,108814.a1,
109043a1,REMOVED,14272,,Zha16_no_2_tors,,109043.a1,
109282a1,REMOVED,14294,,Zha16_no_2_tors,,109282.a2,
109754c1,REMOVED,14322,,Zha16_no_2_tors,,109754.b1,
109915c1,REMOVED,14341,,Zha16_no_2_tors,,109915.b2,
109958a1,REMOVED,14347,,Zha16_no_2_tors,,109958.a1,
109979a1,REMOVED,14349,,Zha16_no_2_tors,,109979.a1,
110074b1,REMOVED,14358,,Zha16_no_2_tors,,110074.b2,
110123a1,REMOVED,14363,,Zha16_no_2_tors,,110123.a1,
110174a1,REMOVED,14368,,Zha16_no_2_tors,,110174.a1,
110222e1,REMOVED,14372,,Zha16_no_2_tors,,110222.e1,
110303b1,REMOVED,14377,,Zha16_no_2_tors,,110303.c1,
110546c1,REMOVED,14400,,Zha16_no_2_tors,,110546.c2,
110698a1,REMOVED,14418,,Zha16_no_2_tors,,110698.a1,
110747a1,REMOVED,14421,,Zha16_no_2_tors,,110747.b2,
110845c1,REMOVED,14427,,Zha16_no_2_tors,,110845.c1,
110942c1,REMOVED,14438,,Zha16_no_2_tors,,110942.e1,
111145c1,REMOVED,14450,,Zha16_no_2_tors,,111145.a1,
111538b1,REMOVED,14475,,Zha16_no_2_tors,,111538.a1,
111538e1,REMOVED,14477,,Zha16_no_2_tors,,111538.d1,
111626d1,REMOVED,14486,,Zha16_no_2_tors,,111626.g1,
111755b1,REMOVED,14489,,Zha16_no_2_tors,,111755.a1,
111862a1,REMOVED,14496,,Zha16_no_2_tors,,111862.a1,
111998a1,REMOVED,14511,,Zha16_no_2_tors,,111998.a1,
112058a1,REMOVED,14518,,Zha16_no_2_tors,,112058.a1,
112610a1,REMOVED,14557,,Zha16_no_2_tors,,112610.a1,
112658a1,REMOVED,14558,,Zha16_no_2_tors,,112658.a3,
112882a1,REMOVED,14578,,Zha16_no_2_tors,,112882.d1,
112886b1,REMOVED,14579,,Zha16_no_2_tors,,112886.b1,
112970l1,REMOVED,14586,,Zha16_no_2_tors,,112970.j1,
113042a1,REMOVED,14588,,Zha16_no_2_tors,,113042.a1,
113114c1,REMOVED,14596,,Zha16_no_2_tors,,113114.d1,
113162i1,REMOVED,14601,,Zha16_no_2_tors,,113162.d1,
113221b1,REMOVED,14608,,Zha16_no_2_tors,,113221.a1,
113426a1,REMOVED,14627,,Zha16_no_2_tors,,113426.a1,
113522b1,REMOVED,14631,,Zha16_no_2_tors,,113522.c1,
113522c1,REMOVED,14630,,Zha16_no_2_tors,,113522.b2,
113555b1,REMOVED,14634,,Zha16_no_2_tors,,113555.a2,
113570h1,REMOVED,14641,,Zha16_no_2_tors,,113570.h1,
113570q1,REMOVED,14645,,Zha16_no_2_tors,,113570.r1,
113590c1,REMOVED,14647,,Zha16_no_2_tors,,113590.c1,
113666g1,REMOVED,14653,,Zha16_no_2_tors,,113666.h1,
113726b1,REMOVED,14659,,Zha16_no_2_tors,,113726.b1,
113762a1,REMOVED,14662,,Zha16_no_2_tors,,113762.a1,
113965b1,REMOVED,14676,,Zha16_no_2_tors,,113965.a2,
114010f1,REMOVED,14680,,Zha16_no_2_tors,,114010.a2,
114011a1,REMOVED,14681,,Zha16_no_2_tors,,114011.a1,
114218c1,REMOVED,14701,,Zha16_no_2_tors,,114218.c1,
114307a1,REMOVED,14706,,Zha16_no_2_tors,,114307.a1,
114374c1,REMOVED,14712,,Zha16_no_2_tors,,114374.c1,
114398b1,REMOVED,14714,,Zha16_no_2_tors,,114398.a1,
114422i1,REMOVED,14719,,Zha16_no_2_tors,,114422.h1,
114443a1,REMOVED,14723,,Zha16_no_2_tors,,114443.a1,
114494a1,REMOVED,14725,,Zha16_no_2_tors,,114494.b1,
114494b1,REMOVED,14724,,Zha16_no_2_tors,,114494.a1,
114589e1,REMOVED,14729,,Zha16_no_2_tors,,114589.d2,
114595c1,REMOVED,14730,,Zha16_no_2_tors,,114595.b1,
114662a1,REMOVED,14738,,Zha16_no_2_tors,,114662.a1,
114722a1,REMOVED,14745,,Zha16_no_2_tors,,114722.a1,
114730d1,REMOVED,14747,,Zha16_no_2_tors,,114730.c1,
114730j1,REMOVED,14748,,Zha16_no_2_tors,,114730.f1,
115093a1,REMOVED,14778,,Zha16_no_2_tors,,115093.a1,
115334a1,REMOVED,14798,,Zha16_no_2_tors,,115334.a1,
115430c1,REMOVED,14808,,Zha16_no_2_tors,,115430.a1,
115430m1,REMOVED,14810,,Zha16_no_2_tors,,115430.p1,
115685a1,REMOVED,14829,,Zha16_no_2_tors,,115685.g1,
115805c1,REMOVED,14836,,Zha16_no_2_tors,,115805.b2,
115913b1,REMOVED,14844,,Zha16_no_2_tors,,115913.a1,
115978a1,REMOVED,14849,,Zha16_no_2_tors,,115978.b1,
116029b1,REMOVED,14854,,Zha16_no_2_tors,,116029.b1,
116171a1,REMOVED,14868,,Zha16_no_2_tors,,116171.a1,
116258a1,REMOVED,14872,,Zha16_no_2_tors,,116258.a1,
116435d1,REMOVED,14880,,Zha16_no_2_tors,,116435.b1,
116630i1,REMOVED,14893,,Zha16_no_2_tors,,116630.h1,
116642c1,REMOVED,14895,,Zha16_no_2_tors,,116642.c1,
116698d1,REMOVED,14902,,Zha16_no_2_tors,,116698.d2,
116702c1,REMOVED,14905,,Zha16_no_2_tors,,116702.c2,
116822b1,REMOVED,14913,,Zha16_no_2_tors,,116822.b1,
116966a1,REMOVED,14922,,Zha16_no_2_tors,,116966.a2,
117038a1,REMOVED,14937,,Zha16_no_2_tors,,117038.a1,
117046a1,REMOVED,14940,,Zha16_no_2_tors,,117046.a1,
117058a1,REMOVED,14941,,Zha16_no_2_tors,,117058.b2,
117118d1,REMOVED,14944,,Zha16_no_2_tors,,117118.d1,
117118e1,REMOVED,14945,,Zha16_no_2_tors,,117118.e1,
117515a1,REMOVED,14978,,Zha16_no_2_tors,,117515.a1,
117622a1,REMOVED,14986,,Zha16_no_2_tors,,117622.c2,
117901a1,REMOVED,15008,,Zha16_no_2_tors,,117901.a1,
118178a1,REMOVED,15024,,Zha16_no_2_tors,,118178.a1,
118198a1,REMOVED,15025,,Zha16_no_2_tors,,118198.a1,
118306a1,REMOVED,15034,,Zha16_no_2_tors,,118306.d2,
118370y1,REMOVED,15039,,Zha16_no_2_tors,,118370.s1,
118439c1,REMOVED,15043,,Zha16_no_2_tors,,118439.c1,
118514a1,REMOVED,15047,,Zha16_no_2_tors,,118514.a1,
118526a1,REMOVED,15048,,Zha16_no_2_tors,,118526.a1,
118634c1,REMOVED,15054,,Zha16_no_2_tors,,118634.c1,
118790h1,REMOVED,15065,,Zha16_no_2_tors,,118790.h1,
118979a1,REMOVED,15077,,Zha16_no_2_tors,,118979.b1,
119017b1,REMOVED,15080,,Zha16_no_2_tors,,119017.a1,
119038b1,REMOVED,15086,,Zha16_no_2_tors,,119038.c1,
119042g1,REMOVED,15088,,Zha16_no_2_tors,,119042.g1,
119054j1,REMOVED,15089,,Zha16_no_2_tors,,119054.g1,
119090a1,REMOVED,15095,,Zha16_no_2_tors,,119090.a1,
119446a1,REMOVED,15124,,Zha16_no_2_tors,,119446.a1,
119510a1,REMOVED,15127,,Zha16_no_2_tors,,119510.b2,
119510j1,REMOVED,15128,,Zha16_no_2_tors,,119510.f1,
119573a1,REMOVED,15135,,Zha16_no_2_tors,,119573.a1,
119582a1,REMOVED,15137,,Zha16_no_2_tors,,119582.a1,
119602d1,REMOVED,15141,,Zha16_no_2_tors,,119602.g1,
119702a1,REMOVED,15149,,Zha16_no_2_tors,,119702.a1,
119726a1,REMOVED,15152,,Zha16_no_2_tors,,119726.a1,
119845c1,REMOVED,15160,,Zha16_no_2_tors,,119845.a2,
119915a1,REMOVED,15164,,Zha16_no_2_tors,,119915.a1,
119938b1,REMOVED,15167,,Zha16_no_2_tors,,119938.b2,
120134a1,REMOVED,15192,,Zha16_no_2_tors,,120134.b1,
120374a1,REMOVED,15201,,Zha16_no_2_tors,,120374.a1,
120418b1,REMOVED,15203,,Zha16_no_2_tors,,120418.a1,
120530a1,REMOVED,15211,,Zha16_no_2_tors,,120530.c1,
120598a1,REMOVED,15218,,Zha16_no_2_tors,,120598.a2,
120659b1,REMOVED,15223,,Zha16_no_2_tors,,120659.a2,
120853a1,REMOVED,15237,,Zha16_no_2_tors,,120853.a1,
121042a1,REMOVED,15248,,Zha16_no_2_tors,,121042.a1,
121093a1,REMOVED,15253,,Zha16_no_2_tors,,121093.a1,
121210g1,REMOVED,15266,,Zha16_no_2_tors,,121210.c1,
121394h1,REMOVED,15282,,Zha16_no_2_tors,,121394.g2,
121486b1,REMOVED,15288,,Zha16_no_2_tors,,121486.d1,
121610a1,REMOVED,15300,,Zha16_no_2_tors,,121610.b1,
121706e1,REMOVED,15305,,Zha16_no_2_tors,,121706.a1,
121709a1,REMOVED,15306,,Zha16_no_2_tors,,121709.b2,
121715a1,REMOVED,15310,,Zha16_no_2_tors,,121715.b1,
121730l1,REMOVED,15312,,Zha16_no_2_tors,,121730.n1,
121730o1,REMOVED,15314,,Zha16_no_2_tors,,121730.v1,
121730t1,REMOVED,15315,,Zha16_no_2_tors,,121730.w1,
121730w1,REMOVED,15313,,Zha16_no_2_tors,,121730.t1,
121946c1,REMOVED,15329,,Zha16_no_2_tors,,121946.d1,
121946d1,REMOVED,15328,,Zha16_no_2_tors,,121946.c1,
122003a1,REMOVED,15333,,Zha16_no_2_tors,,122003.a1,
122170b1,REMOVED,15339,,Zha16_no_2_tors,,122170.d1,
122234a1,REMOVED,15350,,Zha16_no_2_tors,,122234.a1,
122315a1,REMOVED,15354,,Zha16_no_2_tors,,122315.a1,
122507e1,REMOVED,15374,,Zha16_no_2_tors,,122507.a1,
122534e1,REMOVED,15377,,Zha16_no_2_tors,,122534.f1,
122878d1,REMOVED,15402,,Zha16_no_2_tors,,122878.d1,
122942a1,REMOVED,15407,,Zha16_no_2_tors,,122942.a1,
123098e1,REMOVED,15421,,Zha16_no_2_tors,,123098.f2,
123301a1,REMOVED,15441,,Zha16_no_2_tors,,123301.a1,
123314a1,REMOVED,15442,,Zha16_no_2_tors,,123314.a1,
123347d1,REMOVED,15444,,Zha16_no_2_tors,,123347.b1,
123442d1,REMOVED,15451,,Zha16_no_2_tors,,123442.d1,
124014j1,REMOVED,15494,,Zha16_no_2_tors,,124014.k2,
124111b1,REMOVED,15502,,Zha16_no_2_tors,,124111.a1,
124397a1,REMOVED,15531,,Zha16_no_2_tors,,124397.a1,
124469a1,REMOVED,15536,,Zha16_no_2_tors,,124469.a1,
124658b1,REMOVED,15553,,Zha16_no_2_tors,,124658.a1,
124806f1,REMOVED,15567,,Zha16_no_2_tors,,124806.f2,
124882b1,REMOVED,15579,,Zha16_no_2_tors,,124882.b1,
125110e1,REMOVED,15595,,Zha16_no_2_tors,,125110.c2,
125462a1,REMOVED,15628,,Zha16_no_2_tors,,125462.a1,
125566c1,REMOVED,15640,,Zha16_no_2_tors,,125566.c1,
125590c1,REMOVED,15644,,Zha16_no_2_tors,,125590.b2,
125801a1,REMOVED,15667,,Zha16_no_2_tors,,125801.a1,
125822b1,REMOVED,15668,,Zha16_no_2_tors,,125822.a2,
126155a1,REMOVED,15691,,Zha16_no_2_tors,,126155.a1,
126170f1,REMOVED,15694,,Zha16_no_2_tors,,126170.b3,
126170h1,REMOVED,15695,,Zha16_no_2_tors,,126170.c2,
126205a1,REMOVED,15696,,Zha16_no_2_tors,,126205.a2,
126242b1,REMOVED,15702,,Zha16_no_2_tors,,126242.b1,
126290c1,REMOVED,15705,,Zha16_no_2_tors,,126290.b1,
126710c1,REMOVED,15742,,Zha16_no_2_tors,,126710.c1,
126755d1,REMOVED,15744,,Zha16_no_2_tors,,126755.c1,
127262a1,REMOVED,15781,,Zha16_no_2_tors,,127262.a2,
127313a1,REMOVED,15786,,Zha16_no_2_tors,,127313.a1,
127330m1,REMOVED,15788,,Zha16_no_2_tors,,127330.k1,
127330p1,REMOVED,15790,,Zha16_no_2_tors,,127330.r1,
127393a1,REMOVED,15796,,Zha16_no_2_tors,,127393.b1,
127594a1,REMOVED,15815,,Zha16_no_2_tors,,127594.a1,
127963a1,REMOVED,15846,,Zha16_no_2_tors,,127963.a1,
128042a1,REMOVED,15852,,Zha16_no_2_tors,,128042.a1,
128197a1,REMOVED,15863,,Zha16_no_2_tors,,128197.a2,
128366c1,REMOVED,15875,,Zha16_no_2_tors,,128366.c1,
128710d1,REMOVED,15892,,Zha16_no_2_tors,,128710.d1,
128734c1,REMOVED,15893,,Zha16_no_2_tors,,128734.c1,
128739a1,REMOVED,15894,,Zha16_no_2_tors,,128739.a2,
128834a1,REMOVED,15896,,Zha16_no_2_tors,,128834.a1,
129118c1,REMOVED,15914,,Zha16_no_2_tors,,129118.c2,
129149a1,REMOVED,15919,,Zha16_no_2_tors,,129149.a2,
129203a1,REMOVED,15924,,Zha16_no_2_tors,,129203.a1,
129329a1,REMOVED,15939,,Zha16_no_2_tors,,129329.b1,
129493b1,REMOVED,15949,,Zha16_no_2_tors,,129493.c1,
129515a1,REMOVED,15952,,Zha16_no_2_tors,,129515.c1,
129515b1,REMOVED,15951,,Zha16_no_2_tors,,129515.a1,
129610c1,REMOVED,15962,,Zha16_no_2_tors,,129610.c2,
129746a1,REMOVED,15977,,Zha16_no_2_tors,,129746.a1,
129802c1,REMOVED,15982,,Zha16_no_2_tors,,129802.c1,
129851a1,REMOVED,15987,,Zha16_no_2_tors,,129851.a2,
129934e1,REMOVED,15994,,Zha16_no_2_tors,,129934.g1,
129998f1,REMOVED,16000,,Zha16_no_2_tors,,129998.k1,
130039b1,REMOVED,16002,,Zha16_no_2_tors,,130039.b1,
130067a1,REMOVED,16003,,Zha16_no_2_tors,,130067.a1,
130382e1,REMOVED,16012,,Zha16_no_2_tors,,130382.b2,
130570h1,REMOVED,16022,,Zha16_no_2_tors,,130570.c2,
130571a1,REMOVED,16023,,Zha16_no_2_tors,,130571.a1,
130715c1,REMOVED,16030,,Zha16_no_2_tors,,130715.c1,
130790k1,REMOVED,16034,,Zha16_no_2_tors,,130790.a1,
131054i1,REMOVED,16064,,Zha16_no_2_tors,,131054.s1,
131366a1,REMOVED,16082,,Zha16_no_2_tors,,131366.d3,
131378f1,REMOVED,16085,,Zha16_no_2_tors,,131378.d1,
132035a1,REMOVED,16122,,Zha16_no_2_tors,,132035.a1,
132205a1,REMOVED,16135,,Zha16_no_2_tors,,132205.a1,
132230h1,REMOVED,16138,,Zha16_no_2_tors,,132230.m2,
132286e1,REMOVED,16142,,Zha16_no_2_tors,,132286.b2,
132335e1,REMOVED,16150,,Zha16_no_2_tors,,132335.e1,
132370b1,REMOVED,16160,,Zha16_no_2_tors,,132370.q1,
132370i1,REMOVED,16159,,Zha16_no_2_tors,,132370.c2,
132461b1,REMOVED,16167,,Zha16_no_2_tors,,132461.b1,
132470a1,REMOVED,16168,,Zha16_no_2_tors,,132470.a1,
132587f1,REMOVED,16177,,Zha16_no_2_tors,,132587.f2,
132605a1,REMOVED,16181,,Zha16_no_2_tors,,132605.a1,
132610g1,REMOVED,16183,,Zha16_no_2_tors,,132610.d2,
132770h1,REMOVED,16206,,Zha16_no_2_tors,,132770.w2,
132770j1,REMOVED,16208,,Zha16_no_2_tors,,132770.y1,
132770k1,REMOVED,16196,,Zha16_no_2_tors,,132770.a1,
132770y1,REMOVED,16201,,Zha16_no_2_tors,,132770.o1,
132805a1,REMOVED,16212,,Zha16_no_2_tors,,132805.a1,
132995a1,REMOVED,16233,,Zha16_no_2_tors,,132995.a1,
133198a1,REMOVED,16251,,Zha16_no_2_tors,,133198.d1,
133198d1,REMOVED,16249,,Zha16_no_2_tors,,133198.a2,
133630a1,REMOVED,16271,,Zha16_no_2_tors,,133630.d1,
133741a1,REMOVED,16281,,Zha16_no_2_tors,,133741.a1,
134078d1,REMOVED,16303,,Zha16_no_2_tors,,134078.a3,
134645c1,REMOVED,16341,,Zha16_no_2_tors,,134645.c1,
134662b1,REMOVED,16343,,Zha16_no_2_tors,,134662.c2,
134819a1,REMOVED,16355,,Zha16_no_2_tors,,134819.a1,
134830a1,REMOVED,16357,,Zha16_no_2_tors,,134830.d1,
134893a1,REMOVED,16359,,Zha16_no_2_tors,,134893.a1,
135107a1,REMOVED,16369,,Zha16_no_2_tors,,135107.a1,
135134a1,REMOVED,16370,,Zha16_no_2_tors,,135134.a1,
135470d1,REMOVED,16391,,Zha16_no_2_tors,,135470.n2,
135478a1,REMOVED,16393,,Zha16_no_2_tors,,135478.a1,
135506b1,REMOVED,16396,,Zha16_no_2_tors,,135506.b1,
135755a1,REMOVED,16413,,Zha16_no_2_tors,,135755.a1,
135881a1,REMOVED,16417,,Zha16_no_2_tors,,135881.a1,
136070a1,REMOVED,16436,,Zha16_no_2_tors,,136070.a1,
136085a1,REMOVED,16439,,Zha16_no_2_tors,,136085.a1,
136114d1,REMOVED,16444,,Zha16_no_2_tors,,136114.f2,
136385a1,REMOVED,16458,,Zha16_no_2_tors,,136385.a1,
136510b1,REMOVED,16469,,Zha16_no_2_tors,,136510.n1,
136595c1,REMOVED,16473,,Zha16_no_2_tors,,136595.c1,
136610d1,REMOVED,16475,,Zha16_no_2_tors,,136610.a1,
136702j1,REMOVED,16481,,Zha16_no_2_tors,,136702.j1,
136846b1,REMOVED,16489,,Zha16_no_2_tors,,136846.a2,
137015b1,REMOVED,16497,,Zha16_no_2_tors,,137015.b1,
137161a1,REMOVED,16514,,Zha16_no_2_tors,,137161.a1,
137314c1,REMOVED,16524,,Zha16_no_2_tors,,137314.b2,
137410i1,REMOVED,16530,,Zha16_no_2_tors,,137410.u1,
137410q1,REMOVED,16529,,Zha16_no_2_tors,,137410.g2,
137570e1,REMOVED,16538,,Zha16_no_2_tors,,137570.a1,
137642a1,REMOVED,16547,,Zha16_no_2_tors,,137642.a1,
137918a1,REMOVED,16566,,Zha16_no_2_tors,,137918.a1,
138259b1,REMOVED,16598,,Zha16_no_2_tors,,138259.b1,
138566c1,REMOVED,16623,,Zha16_no_2_tors,,138566.c1,
138602a1,REMOVED,16629,,Zha16_no_2_tors,,138602.d2,
138779a1,REMOVED,16640,,Zha16_no_2_tors,,138779.a1,
138851b1,REMOVED,16645,,Zha16_no_2_tors,,138851.b1,
139141a1,REMOVED,16663,,Zha16_no_2_tors,,139141.a1,
139282b1,REMOVED,16672,,Zha16_no_2_tors,,139282.a1,
139285a1,REMOVED,16673,,Zha16_no_2_tors,,139285.a1,
139363a1,REMOVED,16680,,Zha16_no_2_tors,,139363.a2,
139370g1,REMOVED,16682,,Zha16_no_2_tors,,139370.t2,
139426e1,REMOVED,16688,,Zha16_no_2_tors,,139426.g1,
139570b1,REMOVED,16701,,Zha16_no_2_tors,,139570.e1,
139574a1,REMOVED,16704,,Zha16_no_2_tors,,139574.a1,
139730b1,REMOVED,16710,,Zha16_no_2_tors,,139730.a1,
139814n1,REMOVED,16718,,Zha16_no_2_tors,,139814.i1,
139834b1,REMOVED,16720,,Zha16_no_2_tors,,139834.b1,
140102a1,REMOVED,16740,,Zha16_no_2_tors,,140102.a1,
140998j1,REMOVED,16790,,Zha16_no_2_tors,,140998.a2,
141206a1,REMOVED,16807,,Zha16_no_2_tors,,141206.f1,
141206c1,REMOVED,16805,,Zha16_no_2_tors,,141206.a1,
141298e1,REMOVED,16813,,Zha16_no_2_tors,,141298.j1,
141446b1,REMOVED,16828,,Zha16_no_2_tors,,141446.d1,
141526a1,REMOVED,16838,,Zha16_no_2_tors,,141526.c2,
141526d1,REMOVED,16839,,Zha16_no_2_tors,,141526.f1,
141542g1,REMOVED,16841,,Zha16_no_2_tors,,141542.c1,
141662b1,REMOVED,16852,,Zha16_no_2_tors,,141662.b1,
141746c1,REMOVED,16857,,Zha16_no_2_tors,,141746.e1,
141778o1,REMOVED,16858,,Zha16_no_2_tors,,141778.b1,
141922a1,REMOVED,16874,,Zha16_no_2_tors,,141922.b1,
142202a1,REMOVED,16892,,Zha16_no_2_tors,,142202.b1,
142253a1,REMOVED,16894,,Zha16_no_2_tors,,142253.a2,
142610n1,REMOVED,16913,,Zha16_no_2_tors,,142610.i1,
142670e1,REMOVED,16915,,Zha16_no_2_tors,,142670.c2,
142987a1,REMOVED,16935,,Zha16_no_2_tors,,142987.a1,
143003a1,REMOVED,16937,,Zha16_no_2_tors,,143003.a2,
143269b1,REMOVED,16958,,Zha16_no_2_tors,,143269.b2,
143330a1,REMOVED,16971,,Zha16_no_2_tors,,143330.d1,
143330f1,REMOVED,16970,,Zha16_no_2_tors,,143330.c1,
143338a1,REMOVED,16974,,Zha16_no_2_tors,,143338.d1,
143338d1,REMOVED,16973,,Zha16_no_2_tors,,143338.c2,
143429b1,REMOVED,16977,,Zha16_no_2_tors,,143429.b2,
143474a1,REMOVED,16981,,Zha16_no_2_tors,,143474.a2,
143542a1,REMOVED,16985,,Zha16_no_2_tors,,143542.a1,
144317a1,REMOVED,17039,,Zha16_no_2_tors,,144317.a2,
144467a1,REMOVED,17047,,Zha16_no_2_tors,,144467.a1,
144538a1,REMOVED,17050,,Zha16_no_2_tors,,144538.a1,
144614b1,REMOVED,17059,,Zha16_no_2_tors,,144614.e1,
144635a1,REMOVED,17060,,Zha16_no_2_tors,,144635.a1,
144710d1,REMOVED,17062,,Zha16_no_2_tors,,144710.a2,
144782c1,REMOVED,17067,,Zha16_no_2_tors,,144782.e1,
144970t1,REMOVED,17082,,Zha16_no_2_tors,,144970.d2,
145390t1,REMOVED,17114,,Zha16_no_2_tors,,145390.c2,
145411a1,REMOVED,17119,,Zha16_no_2_tors,,145411.a1,
145426e1,REMOVED,17121,,Zha16_no_2_tors,,145426.f1,
145454a1,REMOVED,17124,,Zha16_no_2_tors,,145454.a1,
145490a1,REMOVED,17125,,Zha16_no_2_tors,,145490.a1,
145510c1,REMOVED,17127,,Zha16_no_2_tors,,145510.c1,
145522a1,REMOVED,17128,,Zha16_no_2_tors,,145522.d2,
145570b1,REMOVED,17135,,Zha16_no_2_tors,,145570.a2,
145870e1,REMOVED,17156,,Zha16_no_2_tors,,145870.a1,
145990a1,REMOVED,17164,,Zha16_no_2_tors,,145990.a1,
146146a1,REMOVED,17173,,Zha16_no_2_tors,,146146.g1,
146146l1,REMOVED,17175,,Zha16_no_2_tors,,146146.r1,
146555a1,REMOVED,17205,,Zha16_no_2_tors,,146555.a1,
146629a1,REMOVED,17209,,Zha16_no_2_tors,,146629.a1,
146663a1,REMOVED,17211,,Zha16_no_2_tors,,146663.a1,
146786a1,REMOVED,17223,,Zha16_no_2_tors,,146786.a1,
146930c1,REMOVED,17230,,Zha16_no_2_tors,,146930.b1,
147230a1,REMOVED,17253,,Zha16_no_2_tors,,147230.a1,
147515a1,REMOVED,17264,,Zha16_no_2_tors,,147515.a2,
147518a1,REMOVED,17265,,Zha16_no_2_tors,,147518.a1,
147602c1,REMOVED,17269,,Zha16_no_2_tors,,147602.k1,
147730m1,REMOVED,17276,,Zha16_no_2_tors,,147730.a2,
148069a1,REMOVED,17298,,Zha16_no_2_tors,,148069.a1,
148330b1,REMOVED,17315,,Zha16_no_2_tors,,148330.p3,
148370d1,REMOVED,17319,,Zha16_no_2_tors,,148370.a1,
148394a1,REMOVED,17323,,Zha16_no_2_tors,,148394.a1,
148702b1,REMOVED,17344,,Zha16_no_2_tors,,148702.a1,
149114g1,REMOVED,17370,,Zha16_no_2_tors,,149114.c1,
149170b1,REMOVED,17377,,Zha16_no_2_tors,,149170.d1,
149170d1,REMOVED,17378,,Zha16_no_2_tors,,149170.f2,
149270a1,REMOVED,17388,,Zha16_no_2_tors,,149270.i2,
149270g1,REMOVED,17390,,Zha16_no_2_tors,,149270.o1,
149317a1,REMOVED,17393,,Zha16_no_2_tors,,149317.a1,
149437a1,REMOVED,17403,,Zha16_no_2_tors,,149437.a1,
149498a1,REMOVED,17408,,Zha16_no_2_tors,,149498.a1,
149690e1,REMOVED,17424,,Zha16_no_2_tors,,149690.e1,
149849a1,REMOVED,17430,,Zha16_no_2_tors,,149849.a1,
149849b1,REMOVED,17431,,Zha16_no_2_tors,,149849.b1,
149849c1,REMOVED,17432,,Zha16_no_2_tors,,149849.c1,
149942c1,REMOVED,17438,,Zha16_no_2_tors,,149942.d1,
150190a1,REMOVED,17448,,Zha16_no_2_tors,,150190.c1,
150293a1,REMOVED,17454,,Zha16_no_2_tors,,150293.a1,
150514g1,REMOVED,17467,,Zha16_no_2_tors,,150514.a2,
150785c1,REMOVED,17488,,Zha16_no_2_tors,,150785.c1,
150886a1,REMOVED,17498,,Zha16_no_2_tors,,150886.c1,
150938d1,REMOVED,17502,,Zha16_no_2_tors,,150938.a1,
151058b1,REMOVED,17512,,Zha16_no_2_tors,,151058.a1,
151262a1,REMOVED,17526,,Zha16_no_2_tors,,151262.a1,
151394c1,REMOVED,17534,,Zha16_no_2_tors,,151394.a1,
151555a1,REMOVED,17545,,Zha16_no_2_tors,,151555.a2,
152006c1,REMOVED,17567,,Zha16_no_2_tors,,152006.b1,
152030c1,REMOVED,17570,,Zha16_no_2_tors,,152030.a1,
152102a1,REMOVED,17572,,Zha16_no_2_tors,,152102.b2,
152165a1,REMOVED,17576,,Zha16_no_2_tors,,152165.a2,
152207b1,REMOVED,17578,,Zha16_no_2_tors,,152207.b1,
152422a1,REMOVED,17592,,Zha16_no_2_tors,,152422.a1,
152570g1,REMOVED,17603,,Zha16_no_2_tors,,152570.d2,
152906b1,REMOVED,17634,,Zha16_no_2_tors,,152906.b1,
152930i1,REMOVED,17637,,Zha16_no_2_tors,,152930.c1,
153038a1,REMOVED,17647,,Zha16_no_2_tors,,153038.a1,
153085b1,REMOVED,17652,,Zha16_no_2_tors,,153085.b2,
153218a1,REMOVED,17658,,Zha16_no_2_tors,,153218.f2,
153230d1,REMOVED,17664,,Zha16_no_2_tors,,153230.j1,
153454a1,REMOVED,17688,,Zha16_no_2_tors,,153454.b1,
153454f1,REMOVED,17691,,Zha16_no_2_tors,,153454.g1,
153538d1,REMOVED,17698,,Zha16_no_2_tors,,153538.d1,
153541b1,REMOVED,17701,,Zha16_no_2_tors,,153541.b1,
153610b1,REMOVED,17707,,Zha16_no_2_tors,,153610.c1,
153647b1,REMOVED,17710,,Zha16_no_2_tors,,153647.b1,
153919a1,REMOVED,17721,,Zha16_no_2_tors,,153919.a1,
153986b1,REMOVED,17724,,Zha16_no_2_tors,,153986.a1,
154141c1,REMOVED,17730,,Zha16_no_2_tors,,154141.c1,
154318f1,REMOVED,17750,,Zha16_no_2_tors,,154318.d1,
154502a1,REMOVED,17761,,Zha16_no_2_tors,,154502.c2,
154597a1,REMOVED,17767,,Zha16_no_2_tors,,154597.a1,
154754a1,REMOVED,17777,,Zha16_no_2_tors,,154754.a1,
155045b1,REMOVED,17796,,Zha16_no_2_tors,,155045.b1,
155158b1,REMOVED,17808,,Zha16_no_2_tors,,155158.a1,
155246f1,REMOVED,17814,,Zha16_no_2_tors,,155246.e1,
155282a1,REMOVED,17819,,Zha16_no_2_tors,,155282.a1,
155293a1,REMOVED,17820,,Zha16_no_2_tors,,155293.a1,
155309a1,REMOVED,17822,,Zha16_no_2_tors,,155309.a2,
155339a1,REMOVED,17824,,Zha16_no_2_tors,,155339.a1,
155354a1,REMOVED,17825,,Zha16_no_2_tors,,155354.a1,
155666d1,REMOVED,17838,,Zha16_no_2_tors,,155666.c1,
155774c1,REMOVED,17846,,Zha16_no_2_tors,,155774.b1,
155914b1,REMOVED,17856,,Zha16_no_2_tors,,155914.h2,
156146a1,REMOVED,17879,,Zha16_no_2_tors,,156146.a1,
156610d1,REMOVED,17909,,Zha16_no_2_tors,,156610.e1,
156853a1,REMOVED,17920,,Zha16_no_2_tors,,156853.a1,
156986e1,REMOVED,17929,,Zha16_no_2_tors,,156986.c1,
157043a1,REMOVED,17931,,Zha16_no_2_tors,,157043.a2,
157091a1,REMOVED,17934,,Zha16_no_2_tors,,157091.a1,
157102c1,REMOVED,17938,,Zha16_no_2_tors,,157102.e1,
157285b1,REMOVED,17950,,Zha16_no_2_tors,,157285.b2,
157685c1,REMOVED,17978,,Zha16_no_2_tors,,157685.c2,
157718f1,REMOVED,17983,,Zha16_no_2_tors,,157718.b1,
157891a1,REMOVED,17991,,Zha16_no_2_tors,,157891.a1,
158099a1,REMOVED,18015,,Zha16_no_2_tors,,158099.a1,
158582b1,REMOVED,18055,,Zha16_no_2_tors,,158582.b3,
158774i1,REMOVED,18069,,Zha16_no_2_tors,,158774.c1,
159026c1,REMOVED,18090,,Zha16_no_2_tors,,159026.b2,
159070a1,REMOVED,18093,,Zha16_no_2_tors,,159070.b1,
159587a1,REMOVED,18127,,Zha16_no_2_tors,,159587.a1,
159731c1,REMOVED,18137,,Zha16_no_2_tors,,159731.c2,
159805a1,REMOVED,18142,,Zha16_no_2_tors,,159805.a1,
160006a1,REMOVED,18158,,Zha16_no_2_tors,,160006.a2,
160054a1,REMOVED,18162,,Zha16_no_2_tors,,160054.a1,
160069b1,REMOVED,18164,,Zha16_no_2_tors,,160069.b1,
160165a1,REMOVED,18175,,Zha16_no_2_tors,,160165.a1,
160238a1,REMOVED,18182,,Zha16_no_2_tors,,160238.e1,
160358c1,REMOVED,18190,,Zha16_no_2_tors,,160358.d1,
160363a1,REMOVED,18191,,Zha16_no_2_tors,,160363.a1,
160430b1,REMOVED,18197,,Zha16_no_2_tors,,160430.a2,
160451d1,REMOVED,18203,,Zha16_no_2_tors,,160451.d1,
160610b1,REMOVED,18218,,Zha16_no_2_tors,,160610.c1,
160706i1,REMOVED,18226,,Zha16_no_2_tors,,160706.e1,
160742a1,REMOVED,18232,,Zha16_no_2_tors,,160742.b1,
160958b1,REMOVED,18248,,Zha16_no_2_tors,,160958.a1,
160958d1,REMOVED,18250,,Zha16_no_2_tors,,160958.c1,
161027a1,REMOVED,18255,,Zha16_no_2_tors,,161027.a1,
161098a1,REMOVED,18262,,Zha16_no_2_tors,,161098.a2,
161315a1,REMOVED,18276,,Zha16_no_2_tors,,161315.a1,
161315g1,REMOVED,18277,,Zha16_no_2_tors,,161315.g1,
161482c1,REMOVED,18288,,Zha16_no_2_tors,,161482.c1,
161747b1,REMOVED,18305,,Zha16_no_2_tors,,161747.b1,
162110a1,REMOVED,18327,,Zha16_no_2_tors,,162110.d1,
162130a1,REMOVED,18329,,Zha16_no_2_tors,,162130.a2,
162161a1,REMOVED,18332,,Zha16_no_2_tors,,162161.a1,
162286a1,REMOVED,18338,,Zha16_no_2_tors,,162286.a2,
162467a1,REMOVED,18357,,Zha16_no_2_tors,,162467.a1,
162734d1,REMOVED,18379,,Zha16_no_2_tors,,162734.b1,
163058f1,REMOVED,18407,,Zha16_no_2_tors,,163058.j1,
163165a1,REMOVED,18417,,Zha16_no_2_tors,,163165.a2,
163282a1,REMOVED,18427,,Zha16_no_2_tors,,163282.c2,
163451a1,REMOVED,18432,,Zha16_no_2_tors,,163451.a2,
163486b1,REMOVED,18434,,Zha16_no_2_tors,,163486.c1,
163549a1,REMOVED,18437,,Zha16_no_2_tors,,163549.a1,
163667b1,REMOVED,18449,,Zha16_no_2_tors,,163667.b1,
163742c1,REMOVED,18453,,Zha16_no_2_tors,,163742.b2,
164177a1,REMOVED,18478,,Zha16_no_2_tors,,164177.a1,
164294a1,REMOVED,18494,,Zha16_no_2_tors,,164294.e1,
164294e1,REMOVED,18492,,Zha16_no_2_tors,,164294.a1,
164566a1,REMOVED,18514,,Zha16_no_2_tors,,164566.a1,
164710b1,REMOVED,18521,,Zha16_no_2_tors,,164710.w2,
165011c1,REMOVED,18541,,Zha16_no_2_tors,,165011.c1,
165066d1,REMOVED,18555,,Zha16_no_2_tors,,165066.v3,
165310d1,REMOVED,18574,,Zha16_no_2_tors,,165310.a2,
165515a1,REMOVED,18591,,Zha16_no_2_tors,,165515.a1,
165722c1,REMOVED,18602,,Zha16_no_2_tors,,165722.b2,
165830q1,REMOVED,18611,,Zha16_no_2_tors,,165830.g1,
166166m1,REMOVED,18629,,Zha16_no_2_tors,,166166.h1,
166166o1,REMOVED,18630,,Zha16_no_2_tors,,166166.j1,
166310b1,REMOVED,18638,,Zha16_no_2_tors,,166310.a1,
166313a1,REMOVED,18640,,Zha16_no_2_tors,,166313.a1,
166315c1,REMOVED,18642,,Zha16_no_2_tors,,166315.c2,
166354a1,REMOVED,18644,,Zha16_no_2_tors,,166354.a1,
166370e1,REMOVED,18648,,Zha16_no_2_tors,,166370.a2,
166411a1,REMOVED,18651,,Zha16_no_2_tors,,166411.a1,
166478b1,REMOVED,18657,,Zha16_no_2_tors,,166478.e1,
166478c1,REMOVED,18658,,Zha16_no_2_tors,,166478.f1,
166754b1,REMOVED,18678,,Zha16_no_2_tors,,166754.d1,
166754c1,REMOVED,18677,,Zha16_no_2_tors,,166754.a1,
166814a1,REMOVED,18683,,Zha16_no_2_tors,,166814.a1,
166913a1,REMOVED,18689,,Zha16_no_2_tors,,166913.a1,
167029a1,REMOVED,18697,,Zha16_no_2_tors,,167029.a2,
167302a1,REMOVED,18718,,Zha16_no_2_tors,,167302.b2,
167605a1,REMOVED,18740,,Zha16_no_2_tors,,167605.a1,
167806a1,REMOVED,18757,,Zha16_no_2_tors,,167806.a1,
167867a1,REMOVED,18763,,Zha16_no_2_tors,,167867.a1,
167915d1,REMOVED,18764,,Zha16_no_2_tors,,167915.d1,
167926c1,REMOVED,18765,,Zha16_no_2_tors,,167926.a1,
167962b1,REMOVED,18766,,Zha16_no_2_tors,,167962.a2,
168299a1,REMOVED,18796,,Zha16_no_2_tors,,168299.a2,
168370b1,REMOVED,18798,,Zha16_no_2_tors,,168370.a1,
168515a1,REMOVED,18803,,Zha16_no_2_tors,,168515.a1,
168806g1,REMOVED,18823,,Zha16_no_2_tors,,168806.c1,
168935d1,REMOVED,18843,,Zha16_no_2_tors,,168935.d1,
168986b1,REMOVED,18847,,Zha16_no_2_tors,,168986.b1,
169010b1,REMOVED,18849,,Zha16_no_2_tors,,169010.a1,
169078e1,REMOVED,18855,,Zha16_no_2_tors,,169078.d1,
169195c1,REMOVED,18867,,Zha16_no_2_tors,,169195.c1,
169214a1,REMOVED,18869,,Zha16_no_2_tors,,169214.d1,
169214c1,REMOVED,18870,,Zha16_no_2_tors,,169214.f2,
169235c1,REMOVED,18871,,Zha16_no_2_tors,,169235.c1,
169477a1,REMOVED,18884,,Zha16_no_2_tors,,169477.a1,
169795b1,REMOVED,18919,,Zha16_no_2_tors,,169795.b2,
170270e1,REMOVED,18960,,Zha16_no_2_tors,,170270.c1,
170738a1,REMOVED,18993,,Zha16_no_2_tors,,170738.a1,
170783a1,REMOVED,19000,,Zha16_no_2_tors,,170783.a1,
171118b1,REMOVED,19022,,Zha16_no_2_tors,,171118.a1,
171190i1,REMOVED,19029,,Zha16_no_2_tors,,171190.b2,
171347a1,REMOVED,19037,,Zha16_no_2_tors,,171347.a2,
171563a1,REMOVED,19046,,Zha16_no_2_tors,,171563.a1,
171746b1,REMOVED,19054,,Zha16_no_2_tors,,171746.d1,
171829a1,REMOVED,19062,,Zha16_no_2_tors,,171829.a1,
171926a1,REMOVED,19072,,Zha16_no_2_tors,,171926.d1,
172370b1,REMOVED,19098,,Zha16_no_2_tors,,172370.c2,
172419a1,REMOVED,19102,,Zha16_no_2_tors,,172419.a2,
172429a1,REMOVED,19103,,Zha16_no_2_tors,,172429.a2,
172462d1,REMOVED,19105,,Zha16_no_2_tors,,172462.h1,
172790e1,REMOVED,19125,,Zha16_no_2_tors,,172790.s2,
173123a1,REMOVED,19154,,Zha16_no_2_tors,,173123.a1,
173162a1,REMOVED,19159,,Zha16_no_2_tors,,173162.a1,
173195a1,REMOVED,19162,,Zha16_no_2_tors,,173195.a1,
173213b1,REMOVED,19163,,Zha16_no_2_tors,,173213.b2,
173234a1,REMOVED,19165,,Zha16_no_2_tors,,173234.a1,
173302a1,REMOVED,19166,,Zha16_no_2_tors,,173302.b1,
173446i1,REMOVED,19175,,Zha16_no_2_tors,,173446.n1,
173734a1,REMOVED,19193,,Zha16_no_2_tors,,173734.f2,
173734h1,REMOVED,19192,,Zha16_no_2_tors,,173734.e1,
174058a1,REMOVED,19208,,Zha16_no_2_tors,,174058.a1,
174059b1,REMOVED,19210,,Zha16_no_2_tors,,174059.b1,
174170b1,REMOVED,19219,,Zha16_no_2_tors,,174170.b1,
174515c1,REMOVED,19238,,Zha16_no_2_tors,,174515.d1,
174995a1,REMOVED,19261,,Zha16_no_2_tors,,174995.a1,
175562a1,REMOVED,19299,,Zha16_no_2_tors,,175562.b1,
175595c1,REMOVED,19305,,Zha16_no_2_tors,,175595.c1,
175826g1,REMOVED,19321,,Zha16_no_2_tors,,175826.d2,
175826i1,REMOVED,19322,,Zha16_no_2_tors,,175826.f1,
175913a1,REMOVED,19328,,Zha16_no_2_tors,,175913.a1,
176078b1,REMOVED,19339,,Zha16_no_2_tors,,176078.c1,
176230a1,REMOVED,19347,,Zha16_no_2_tors,,176230.a1,
176291a1,REMOVED,19350,,Zha16_no_2_tors,,176291.a1,
176390b1,REMOVED,19356,,Zha16_no_2_tors,,176390.e2,
176962a1,REMOVED,19399,,Zha16_no_2_tors,,176962.a2,
177134a1,REMOVED,19409,,Zha16_no_2_tors,,177134.a1,
177155d1,REMOVED,19410,,Zha16_no_2_tors,,177155.d1,
177203a1,REMOVED,19415,,Zha16_no_2_tors,,177203.a2,
177254f1,REMOVED,19420,,Zha16_no_2_tors,,177254.d1,
177595c1,REMOVED,19452,,Zha16_no_2_tors,,177595.c1,
177694a1,REMOVED,19457,,Zha16_no_2_tors,,177694.a1,
177914a1,REMOVED,19473,,Zha16_no_2_tors,,177914.a1,
178154a1,REMOVED,19487,,Zha16_no_2_tors,,178154.c1,
178154c1,REMOVED,19486,,Zha16_no_2_tors,,178154.b1,
178342d1,REMOVED,19500,,Zha16_no_2_tors,,178342.d1,
178378b1,REMOVED,19504,,Zha16_no_2_tors,,178378.b1,
178445b1,REMOVED,19508,,Zha16_no_2_tors,,178445.b2,
178466b1,REMOVED,19511,,Zha16_no_2_tors,,178466.k2,
178466h1,REMOVED,19513,,Zha16_no_2_tors,,178466.q1,
178882g1,REMOVED,19539,,Zha16_no_2_tors,,178882.d1,
179087a1,REMOVED,19556,,Zha16_no_2_tors,,179087.a1,
179386e1,REMOVED,19573,,Zha16_no_2_tors,,179386.c1,
179387a1,REMOVED,19575,,Zha16_no_2_tors,,179387.a1,
179410i1,REMOVED,19578,,Zha16_no_2_tors,,179410.c2,
179477a1,REMOVED,19580,,Zha16_no_2_tors,,179477.a1,
179546e1,REMOVED,19584,,Zha16_no_2_tors,,179546.g1,
179630g1,REMOVED,19595,,Zha16_no_2_tors,,179630.e1,
179894a1,REMOVED,19618,,Zha16_no_2_tors,,179894.n2,
179929d1,REMOVED,19622,,Zha16_no_2_tors,,179929.d1,
180006b1,REMOVED,19629,,Zha16_no_2_tors,,180006.j1,
180038b1,REMOVED,19631,,Zha16_no_2_tors,,180038.a1,
180098c1,REMOVED,19635,,Zha16_no_2_tors,,180098.c1,
180182b1,REMOVED,19636,,Zha16_no_2_tors,,180182.b1,
180458a1,REMOVED,19652,,Zha16_no_2_tors,,180458.f1,
180469a1,REMOVED,19654,,Zha16_no_2_tors,,180469.a1,
180698b1,REMOVED,19675,,Zha16_no_2_tors,,180698.e1,
180719b1,REMOVED,19677,,Zha16_no_2_tors,,180719.b1,
180746a1,REMOVED,19678,,Zha16_no_2_tors,,180746.a1,
180790g1,REMOVED,19679,,Zha16_no_2_tors,,180790.c1,
181021b1,REMOVED,19700,,Zha16_no_2_tors,,181021.b1,
181255b1,REMOVED,19719,,Zha16_no_2_tors,,181255.b1,
181357b1,REMOVED,19727,,Zha16_no_2_tors,,181357.b1,
181610v1,REMOVED,19744,,Zha16_no_2_tors,,181610.m1,
181697a1,REMOVED,19752,,Zha16_no_2_tors,,181697.a1,
181726a1,REMOVED,19754,,Zha16_no_2_tors,,181726.a1,
181907b1,REMOVED,19763,,Zha16_no_2_tors,,181907.b1,
181918a1,REMOVED,19767,,Zha16_no_2_tors,,181918.c1,
181963a1,REMOVED,19769,,Zha16_no_2_tors,,181963.a3,
181970a1,REMOVED,19770,,Zha16_no_2_tors,,181970.b1,
182245d1,REMOVED,19789,,Zha16_no_2_tors,,182245.d1,
182411b1,REMOVED,19803,,Zha16_no_2_tors,,182411.b1,
182441a1,REMOVED,19805,,Zha16_no_2_tors,,182441.a1,
182647a1,REMOVED,19825,,Zha16_no_2_tors,,182647.a1,
182702c1,REMOVED,19830,,Zha16_no_2_tors,,182702.a1,
182902b1,REMOVED,19847,,Zha16_no_2_tors,,182902.a2,
183154a1,REMOVED,19868,,Zha16_no_2_tors,,183154.b1,
183323a1,REMOVED,19879,,Zha16_no_2_tors,,183323.a1,
183430o1,REMOVED,19889,,Zha16_no_2_tors,,183430.w2,
183430x1,REMOVED,19886,,Zha16_no_2_tors,,183430.h2,
183635a1,REMOVED,19901,,Zha16_no_2_tors,,183635.a1,
183997b1,REMOVED,19926,,Zha16_no_2_tors,,183997.b1,
184331c1,REMOVED,19941,,Zha16_no_2_tors,,184331.c1,
184334c1,REMOVED,19943,,Zha16_no_2_tors,,184334.e1,
184334e1,REMOVED,19942,,Zha16_no_2_tors,,184334.b1,
184370c1,REMOVED,19947,,Zha16_no_2_tors,,184370.c1,
184670b1,REMOVED,19979,,Zha16_no_2_tors,,184670.d2,
184670d1,REMOVED,19980,,Zha16_no_2_tors,,184670.f1,
184706a1,REMOVED,19983,,Zha16_no_2_tors,,184706.a1,
184822a1,REMOVED,19988,,Zha16_no_2_tors,,184822.b1,
184943d1,REMOVED,19997,,Zha16_no_2_tors,,184943.d1,
185093a1,REMOVED,20016,,Zha16_no_2_tors,,185093.a2,
185174d1,REMOVED,20025,,Zha16_no_2_tors,,185174.a1,
185282a1,REMOVED,20032,,Zha16_no_2_tors,,185282.a1,
185290d1,REMOVED,20034,,Zha16_no_2_tors,,185290.k2,
185290n1,REMOVED,20033,,Zha16_no_2_tors,,185290.g1,
185314d1,REMOVED,20036,,Zha16_no_2_tors,,185314.e1,
185482a1,REMOVED,20052,,Zha16_no_2_tors,,185482.a1,
185702g1,REMOVED,20060,,Zha16_no_2_tors,,185702.e1,
185989a1,REMOVED,20076,,Zha16_no_2_tors,,185989.a2,
186010a1,REMOVED,20081,,Zha16_no_2_tors,,186010.w1,
186010bb1,REMOVED,20080,,Zha16_no_2_tors,,186010.m2,
186110f1,REMOVED,20087,,Zha16_no_2_tors,,186110.i1,
186110h1,REMOVED,20088,,Zha16_no_2_tors,,186110.j1,
186230f1,REMOVED,20092,,Zha16_no_2_tors,,186230.m1,
186626g1,REMOVED,20112,,Zha16_no_2_tors,,186626.a2,
186682b1,REMOVED,20117,,Zha16_no_2_tors,,186682.a2,
186758g1,REMOVED,20125,,Zha16_no_2_tors,,186758.c1,
186809a1,REMOVED,20127,,Zha16_no_2_tors,,186809.a1,
186874b1,REMOVED,20132,,Zha16_no_2_tors,,186874.g1,
186874h1,REMOVED,20130,,Zha16_no_2_tors,,186874.a1,
186922b1,REMOVED,20140,,Zha16_no_2_tors,,186922.a1,
187090e1,REMOVED,20151,,Zha16_no_2_tors,,187090.b1,
187162b1,REMOVED,20158,,Zha16_no_2_tors,,187162.d2,
187202a1,REMOVED,20161,,Zha16_no_2_tors,,187202.a1,
187309a1,REMOVED,20165,,Zha16_no_2_tors,,187309.a1,
187534b1,REMOVED,20186,,Zha16_no_2_tors,,187534.a1,
187619a1,REMOVED,20189,,Zha16_no_2_tors,,187619.a1,
187646d1,REMOVED,20190,,Zha16_no_2_tors,,187646.b2,
188386e1,REMOVED,20240,,Zha16_no_2_tors,,188386.d2,
188461b1,REMOVED,20245,,Zha16_no_2_tors,,188461.b1,
188515c1,REMOVED,20249,,Zha16_no_2_tors,,188515.c1,
188555a1,REMOVED,20253,,Zha16_no_2_tors,,188555.a1,
188611a1,REMOVED,20258,,Zha16_no_2_tors,,188611.a1,
188734n1,REMOVED,20269,,Zha16_no_2_tors,,188734.bb1,
188806b1,REMOVED,20276,,Zha16_no_2_tors,,188806.d1,
188819a1,REMOVED,20277,,Zha16_no_2_tors,,188819.a1,
188821b1,REMOVED,20279,,Zha16_no_2_tors,,188821.b1,
188914b1,REMOVED,20285,,Zha16_no_2_tors,,188914.a2,
189010d1,REMOVED,20294,,Zha16_no_2_tors,,189010.a2,
189037b1,REMOVED,20300,,Zha16_no_2_tors,,189037.b1,
189038a1,REMOVED,20301,,Zha16_no_2_tors,,189038.b1,
189070e1,REMOVED,20304,,Zha16_no_2_tors,,189070.m2,
189070n1,REMOVED,20303,,Zha16_no_2_tors,,189070.h1,
189262a1,REMOVED,20318,,Zha16_no_2_tors,,189262.b1,
189394b1,REMOVED,20329,,Zha16_no_2_tors,,189394.a1,
189410b1,REMOVED,20333,,Zha16_no_2_tors,,189410.g2,
189635a1,REMOVED,20347,,Zha16_no_2_tors,,189635.a2,
189658i1,REMOVED,20348,,Zha16_no_2_tors,,189658.a2,
189722b1,REMOVED,20353,,Zha16_no_2_tors,,189722.b1,
189794c1,REMOVED,20356,,Zha16_no_2_tors,,189794.c1,
189866b1,REMOVED,20362,,Zha16_no_2_tors,,189866.a1,
189878d1,REMOVED,20364,,Zha16_no_2_tors,,189878.a2,
190226a1,REMOVED,20387,,Zha16_no_2_tors,,190226.a1,
190498c1,REMOVED,20403,,Zha16_no_2_tors,,190498.f1,
190646d1,REMOVED,20411,,Zha16_no_2_tors,,190646.b1,
190727a1,REMOVED,20423,,Zha16_no_2_tors,,190727.a1,
190754d1,REMOVED,20428,,Zha16_no_2_tors,,190754.a1,
190862b1,REMOVED,20435,,Zha16_no_2_tors,,190862.b1,
190883b1,REMOVED,20437,,Zha16_no_2_tors,,190883.b1,
191015d1,REMOVED,20444,,Zha16_no_2_tors,,191015.d1,
191090a1,REMOVED,20448,,Zha16_no_2_tors,,191090.b1,
191158a1,REMOVED,20456,,Zha16_no_2_tors,,191158.a1,
191171a1,REMOVED,20458,,Zha16_no_2_tors,,191171.a2,
191315b1,REMOVED,20466,,Zha16_no_2_tors,,191315.b1,
191555b1,REMOVED,20481,,Zha16_no_2_tors,,191555.b1,
191723b1,REMOVED,20488,,Zha16_no_2_tors,,191723.b1,
191822a1,REMOVED,20492,,Zha16_no_2_tors,,191822.a1,
191915a1,REMOVED,20500,,Zha16_no_2_tors,,191915.a1,
191954d1,REMOVED,20507,,Zha16_no_2_tors,,191954.g1,
192062c1,REMOVED,20513,,Zha16_no_2_tors,,192062.d1,
192814a1,REMOVED,20560,,Zha16_no_2_tors,,192814.d1,
192899b1,REMOVED,20569,,Zha16_no_2_tors,,192899.b1,
192910b1,REMOVED,20570,,Zha16_no_2_tors,,192910.a1,
193157a1,REMOVED,20593,,Zha16_no_2_tors,,193157.a1,
193318a1,REMOVED,20603,,Zha16_no_2_tors,,193318.a1,
193426b1,REMOVED,20609,,Zha16_no_2_tors,,193426.d1,
193586a1,REMOVED,20618,,Zha16_no_2_tors,,193586.a1,
193715g1,REMOVED,20624,,Zha16_no_2_tors,,193715.g1,
193735a1,REMOVED,20629,,Zha16_no_2_tors,,193735.a1,
193754a1,REMOVED,20630,,Zha16_no_2_tors,,193754.b1,
193886a1,REMOVED,20641,,Zha16_no_2_tors,,193886.f2,
193966b1,REMOVED,20647,,Zha16_no_2_tors,,193966.a1,
194293a1,REMOVED,20676,,Zha16_no_2_tors,,194293.a1,
194554a1,REMOVED,20693,,Zha16_no_2_tors,,194554.a1,
194603a1,REMOVED,20695,,Zha16_no_2_tors,,194603.a1,
194651a1,REMOVED,20697,,Zha16_no_2_tors,,194651.a1,
194666a1,REMOVED,20698,,Zha16_no_2_tors,,194666.a1,
194845a1,REMOVED,20711,,Zha16_no_2_tors,,194845.a1,
194978a1,REMOVED,20718,,Zha16_no_2_tors,,194978.a1,
195011a1,REMOVED,20721,,Zha16_no_2_tors,,195011.a1,
195085b1,REMOVED,20728,,Zha16_no_2_tors,,195085.b2,
195139a1,REMOVED,20730,,Zha16_no_2_tors,,195139.a1,
195170e1,REMOVED,20732,,Zha16_no_2_tors,,195170.a1,
195547a1,REMOVED,20755,,Zha16_no_2_tors,,195547.a2,
195635c1,REMOVED,20761,,Zha16_no_2_tors,,195635.c1,
195638a1,REMOVED,20762,,Zha16_no_2_tors,,195638.a1,
195671a1,REMOVED,20763,,Zha16_no_2_tors,,195671.a1,
195769b1,REMOVED,20767,,Zha16_no_2_tors,,195769.b1,
195830c1,REMOVED,20770,,Zha16_no_2_tors,,195830.a1,
196214a1,REMOVED,20800,,Zha16_no_2_tors,,196214.a1,
196486b1,REMOVED,20817,,Zha16_no_2_tors,,196486.a1,
196586a1,REMOVED,20822,,Zha16_no_2_tors,,196586.a1,
196730a1,REMOVED,20836,,Zha16_no_2_tors,,196730.g1,
196730k1,REMOVED,20835,,Zha16_no_2_tors,,196730.f1,
196802a1,REMOVED,20846,,Zha16_no_2_tors,,196802.a1,
197045a1,REMOVED,20855,,Zha16_no_2_tors,,197045.a1,
197747b1,REMOVED,20899,,Zha16_no_2_tors,,197747.b1,
197771a1,REMOVED,20903,,Zha16_no_2_tors,,197771.a1,
197890h1,REMOVED,20915,,Zha16_no_2_tors,,197890.q1,
197974a1,REMOVED,20918,,Zha16_no_2_tors,,197974.h2,
198202c1,REMOVED,20934,,Zha16_no_2_tors,,198202.e1,
198610f1,REMOVED,20964,,Zha16_no_2_tors,,198610.b1,
198730a1,REMOVED,20976,,Zha16_no_2_tors,,198730.f2,
198947a1,REMOVED,20995,,Zha16_no_2_tors,,198947.a1,
199106b1,REMOVED,21005,,Zha16_no_2_tors,,199106.b1,
199178c1,REMOVED,21012,,Zha16_no_2_tors,,199178.a1,
199226f1,REMOVED,21019,,Zha16_no_2_tors,,199226.b2,
199366a1,REMOVED,21030,,Zha16_no_2_tors,,199366.c1,
199546a1,REMOVED,21037,,Zha16_no_2_tors,,199546.b1,
199606a1,REMOVED,21042,,Zha16_no_2_tors,,199606.a2,
200090j1,REMOVED,21068,,Zha16_no_2_tors,,200090.e2,
200195b1,REMOVED,21073,,Zha16_no_2_tors,,200195.b1,
200222c1,REMOVED,21077,,Zha16_no_2_tors,,200222.d1,
200330l1,REMOVED,21085,,Zha16_no_2_tors,,200330.a1,
200330m1,REMOVED,21086,,Zha16_no_2_tors,,200330.b1,
200486j1,REMOVED,21106,,Zha16_no_2_tors,,200486.f1,
200546c1,REMOVED,21110,,Zha16_no_2_tors,,200546.c2,
200590c1,REMOVED,21112,,Zha16_no_2_tors,,200590.a1,
200629a1,REMOVED,21116,,Zha16_no_2_tors,,200629.a1,
200702a1,REMOVED,21122,,Zha16_no_2_tors,,200702.a1,
200746a1,REMOVED,21125,,Zha16_no_2_tors,,200746.b1,
200879a1,REMOVED,21131,,Zha16_no_2_tors,,200879.a1,
200906d1,REMOVED,21135,,Zha16_no_2_tors,,200906.d1,
201041a1,REMOVED,21143,,Zha16_no_2_tors,,201041.a1,
201058e1,REMOVED,21144,,Zha16_no_2_tors,,201058.a1,
201134g1,REMOVED,21150,,Zha16_no_2_tors,,201134.b1,
201218a1,REMOVED,21165,,Zha16_no_2_tors,,201218.a1,
201283a1,REMOVED,21168,,Zha16_no_2_tors,,201283.a2,
201295b1,REMOVED,21169,,Zha16_no_2_tors,,201295.b1,
201362g1,REMOVED,21177,,Zha16_no_2_tors,,201362.d3,
201410a1,REMOVED,21180,,Zha16_no_2_tors,,201410.f3,
201563b1,REMOVED,21186,,Zha16_no_2_tors,,201563.b1,
201670i1,REMOVED,21195,,Zha16_no_2_tors,,201670.o1,
202123a1,REMOVED,21223,,Zha16_no_2_tors,,202123.a2,
202130o1,REMOVED,21225,,Zha16_no_2_tors,,202130.bd1,
202358d1,REMOVED,21245,,Zha16_no_2_tors,,202358.d1,
202510n1,REMOVED,21256,,Zha16_no_2_tors,,202510.g1,
202651a1,REMOVED,21264,,Zha16_no_2_tors,,202651.a2,
202718a1,REMOVED,21270,,Zha16_no_2_tors,,202718.a1,
202813a1,REMOVED,21274,,Zha16_no_2_tors,,202813.a1,
202870a1,REMOVED,21281,,Zha16_no_2_tors,,202870.a1,
202910a1,REMOVED,21283,,Zha16_no_2_tors,,202910.b1,
203315b1,REMOVED,21304,,Zha16_no_2_tors,,203315.b1,
203374a1,REMOVED,21307,,Zha16_no_2_tors,,203374.a1,
203411a1,REMOVED,21309,,Zha16_no_2_tors,,203411.a1,
203414b1,REMOVED,21311,,Zha16_no_2_tors,,203414.d2,
203485a1,REMOVED,21316,,Zha16_no_2_tors,,203485.a1,
203510c1,REMOVED,21317,,Zha16_no_2_tors,,203510.c1,
203962d1,REMOVED,21342,,Zha16_no_2_tors,,203962.b2,
204098a1,REMOVED,21356,,Zha16_no_2_tors,,204098.a1,
204155b1,REMOVED,21362,,Zha16_no_2_tors,,204155.b1,
204171a1,REMOVED,21364,,Zha16_no_2_tors,,204171.a2,
204265a1,REMOVED,21372,,Zha16_no_2_tors,,204265.a1,
204358e1,REMOVED,21382,,Zha16_no_2_tors,,204358.i3,
204614a1,REMOVED,21398,,Zha16_no_2_tors,,204614.a1,
204910a1,REMOVED,21422,,Zha16_no_2_tors,,204910.h1,
204958b1,REMOVED,21427,,Zha16_no_2_tors,,204958.c1,
204995d1,REMOVED,21430,,Zha16_no_2_tors,,204995.d1,
205030b1,REMOVED,21436,,Zha16_no_2_tors,,205030.l1,
205270c1,REMOVED,21451,,Zha16_no_2_tors,,205270.a2,
205282f1,REMOVED,21453,,Zha16_no_2_tors,,205282.b2,
205406b1,REMOVED,21468,,Zha16_no_2_tors,,205406.e2,
205406e1,REMOVED,21470,,Zha16_no_2_tors,,205406.h1,
205406f1,REMOVED,21471,,Zha16_no_2_tors,,205406.i1,
205597b1,REMOVED,21488,,Zha16_no_2_tors,,205597.b1,
205730c1,REMOVED,21502,,Zha16_no_2_tors,,205730.a1,
205958h1,REMOVED,21514,,Zha16_no_2_tors,,205958.e1,
206029a1,REMOVED,21524,,Zha16_no_2_tors,,206029.a1,
206330a1,REMOVED,21542,,Zha16_no_2_tors,,206330.d2,
206530a1,REMOVED,21555,,Zha16_no_2_tors,,206530.b1,
206646e1,REMOVED,21563,,Zha16_no_2_tors,,206646.ba1,
206690b1,REMOVED,21566,,Zha16_no_2_tors,,206690.d1,
207298h1,REMOVED,21608,,Zha16_no_2_tors,,207298.d1,
207518f1,REMOVED,21624,,Zha16_no_2_tors,,207518.e1,
207530a1,REMOVED,21625,,Zha16_no_2_tors,,207530.b1,
207538a1,REMOVED,21627,,Zha16_no_2_tors,,207538.a2,
207851a1,REMOVED,21645,,Zha16_no_2_tors,,207851.a2,
207914c1,REMOVED,21652,,Zha16_no_2_tors,,207914.a1,
208078a1,REMOVED,21660,,Zha16_no_2_tors,,208078.a1,
208171a1,REMOVED,21666,,Zha16_no_2_tors,,208171.a2,
208178a1,REMOVED,21668,,Zha16_no_2_tors,,208178.a1,
208558c1,REMOVED,21686,,Zha16_no_2_tors,,208558.d1,
208693b1,REMOVED,21690,,Zha16_no_2_tors,,208693.b1,
208742a1,REMOVED,21693,,Zha16_no_2_tors,,208742.e2,
208894a1,REMOVED,21703,,Zha16_no_2_tors,,208894.e2,
209090g1,REMOVED,21716,,Zha16_no_2_tors,,209090.a1,
209674a1,REMOVED,21759,,Zha16_no_2_tors,,209674.b1,
209699a1,REMOVED,21761,,Zha16_no_2_tors,,209699.a1,
209915c1,REMOVED,21773,,Zha16_no_2_tors,,209915.c1,
210301b1,REMOVED,21794,,Zha16_no_2_tors,,210301.b3,
210410g1,REMOVED,21801,,Zha16_no_2_tors,,210410.d1,
210562b1,REMOVED,21813,,Zha16_no_2_tors,,210562.c1,
210562c1,REMOVED,21812,,Zha16_no_2_tors,,210562.a1,
210626a1,REMOVED,21818,,Zha16_no_2_tors,,210626.a1,
210635a1,REMOVED,21823,,Zha16_no_2_tors,,210635.a1,
210638a1,REMOVED,21825,,Zha16_no_2_tors,,210638.a1,
210794a1,REMOVED,21832,,Zha16_no_2_tors,,210794.a1,
210871a1,REMOVED,21840,,Zha16_no_2_tors,,210871.a1,
210947a1,REMOVED,21848,,Zha16_no_2_tors,,210947.a1,
211042a1,REMOVED,21855,,Zha16_no_2_tors,,211042.a1,
211295a1,REMOVED,21876,,Zha16_no_2_tors,,211295.a1,
211370a1,REMOVED,21881,,Zha16_no_2_tors,,211370.a1,
211549b1,REMOVED,21893,,Zha16_no_2_tors,,211549.b1,
211610a1,REMOVED,21896,,Zha16_no_2_tors,,211610.e2,
211730b1,REMOVED,21902,,Zha16_no_2_tors,,211730.e2,
211790a1,REMOVED,21908,,Zha16_no_2_tors,,211790.c1,
211898a1,REMOVED,21916,,Zha16_no_2_tors,,211898.d1,
212221b1,REMOVED,21949,,Zha16_no_2_tors,,212221.b1,
212294a1,REMOVED,21960,,Zha16_no_2_tors,,212294.a1,
212474b1,REMOVED,21966,,Zha16_no_2_tors,,212474.a1,
212755b1,REMOVED,21980,,Zha16_no_2_tors,,212755.b2,
212890a1,REMOVED,21991,,Zha16_no_2_tors,,212890.b1,
212890b1,REMOVED,21990,,Zha16_no_2_tors,,212890.a1,
212933c1,REMOVED,21992,,Zha16_no_2_tors,,212933.c1,
213034b1,REMOVED,21998,,Zha16_no_2_tors,,213034.b1,
213118d1,REMOVED,22007,,Zha16_no_2_tors,,213118.a1,
213118f1,REMOVED,22008,,Zha16_no_2_tors,,213118.c2,
213662b1,REMOVED,22041,,Zha16_no_2_tors,,213662.a1,
213730h1,REMOVED,22044,,Zha16_no_2_tors,,213730.o1,
213803a1,REMOVED,22051,,Zha16_no_2_tors,,213803.a1,
214190a1,REMOVED,22075,,Zha16_no_2_tors,,214190.a1,
214361b1,REMOVED,22090,,Zha16_no_2_tors,,214361.b1,
214379c1,REMOVED,22092,,Zha16_no_2_tors,,214379.c1,
214415c1,REMOVED,22095,,Zha16_no_2_tors,,214415.c1,
214490n1,REMOVED,22102,,Zha16_no_2_tors,,214490.m1,
214558a1,REMOVED,22108,,Zha16_no_2_tors,,214558.a1,
214579a1,REMOVED,22112,,Zha16_no_2_tors,,214579.a1,
214615b1,REMOVED,22114,,Zha16_no_2_tors,,214615.b1,
214642b1,REMOVED,22122,,Zha16_no_2_tors,,214642.a1,
214658b1,REMOVED,22123,,Zha16_no_2_tors,,214658.a1,
214730c1,REMOVED,22128,,Zha16_no_2_tors,,214730.a2,
214766b1,REMOVED,22129,,Zha16_no_2_tors,,214766.c2,
214894a1,REMOVED,22139,,Zha16_no_2_tors,,214894.a1,
214894b1,REMOVED,22140,,Zha16_no_2_tors,,214894.b1,
214918a1,REMOVED,22142,,Zha16_no_2_tors,,214918.d1,
214918d1,REMOVED,22141,,Zha16_no_2_tors,,214918.c1,
215083b1,REMOVED,22154,,Zha16_no_2_tors,,215083.b1,
215530c1,REMOVED,22177,,Zha16_no_2_tors,,215530.j2,
215683a1,REMOVED,22183,,Zha16_no_2_tors,,215683.a1,
215999a1,REMOVED,22200,,Zha16_no_2_tors,,215999.a1,
216026a1,REMOVED,22203,,Zha16_no_2_tors,,216026.a1,
216098b1,REMOVED,22210,,Zha16_no_2_tors,,216098.a1,
216266b1,REMOVED,22223,,Zha16_no_2_tors,,216266.b2,
216467a1,REMOVED,22239,,Zha16_no_2_tors,,216467.a1,
216562f1,REMOVED,22249,,Zha16_no_2_tors,,216562.c1,
216818a1,REMOVED,22266,,Zha16_no_2_tors,,216818.a1,
216862b1,REMOVED,22273,,Zha16_no_2_tors,,216862.a1,
216886a1,REMOVED,22275,,Zha16_no_2_tors,,216886.a1,
216910a1,REMOVED,22277,,Zha16_no_2_tors,,216910.d1,
217010a1,REMOVED,22285,,Zha16_no_2_tors,,217010.a1,
217226a1,REMOVED,22297,,Zha16_no_2_tors,,217226.a1,
217234b1,REMOVED,22299,,Zha16_no_2_tors,,217234.b1,
217286d1,REMOVED,22303,,Zha16_no_2_tors,,217286.b1,
217294g1,REMOVED,22306,,Zha16_no_2_tors,,217294.h1,
217294h1,REMOVED,22307,,Zha16_no_2_tors,,217294.i1,
217310a1,REMOVED,22309,,Zha16_no_2_tors,,217310.b1,
217466a1,REMOVED,22316,,Zha16_no_2_tors,,217466.a1,
217613b1,REMOVED,22328,,Zha16_no_2_tors,,217613.b2,
217622e1,REMOVED,22331,,Zha16_no_2_tors,,217622.f1,
217693b1,REMOVED,22335,,Zha16_no_2_tors,,217693.b1,
217762b1,REMOVED,22339,,Zha16_no_2_tors,,217762.b1,
217931a1,REMOVED,22356,,Zha16_no_2_tors,,217931.a1,
218006b1,REMOVED,22363,,Zha16_no_2_tors,,218006.a1,
218230a1,REMOVED,22377,,Zha16_no_2_tors,,218230.a1,
218483b1,REMOVED,22395,,Zha16_no_2_tors,,218483.b1,
218818d1,REMOVED,22418,,Zha16_no_2_tors,,218818.c1,
218899b1,REMOVED,22425,,Zha16_no_2_tors,,218899.b1,
219142a1,REMOVED,22443,,Zha16_no_2_tors,,219142.b2,
219178b1,REMOVED,22444,,Zha16_no_2_tors,,219178.b1,
219329d1,REMOVED,22453,,Zha16_no_2_tors,,219329.d1,
219635b1,REMOVED,22480,,Zha16_no_2_tors,,219635.b1,
219802c1,REMOVED,22486,,Zha16_no_2_tors,,219802.a2,
220478b1,REMOVED,22523,,Zha16_no_2_tors,,220478.a2,
221170e1,REMOVED,22565,,Zha16_no_2_tors,,221170.d1,
221230d1,REMOVED,22569,,Zha16_no_2_tors,,221230.a2,
221258a1,REMOVED,22570,,Zha16_no_2_tors,,221258.a1,
221306b1,REMOVED,22572,,Zha16_no_2_tors,,221306.b2,
221329b1,REMOVED,22575,,Zha16_no_2_tors,,221329.b1,
221387a1,REMOVED,22581,,Zha16_no_2_tors,,221387.a2,
221446a1,REMOVED,22582,,Zha16_no_2_tors,,221446.b1,
221474f1,REMOVED,22586,,Zha16_no_2_tors,,221474.h1,
221527b1,REMOVED,22592,,Zha16_no_2_tors,,221527.b1,
221545a1,REMOVED,22593,,Zha16_no_2_tors,,221545.a1,
221566b1,REMOVED,22594,,Zha16_no_2_tors,,221566.c1,
221597a1,REMOVED,22595,,Zha16_no_2_tors,,221597.a1,
221618b1,REMOVED,22597,,Zha16_no_2_tors,,221618.b1,
221694a1,REMOVED,22604,,Zha16_no_2_tors,,221694.c2,
221834a1,REMOVED,22616,,Zha16_no_2_tors,,221834.a1,
222002b1,REMOVED,22626,,Zha16_no_2_tors,,222002.d1,
222110n1,REMOVED,22631,,Zha16_no_2_tors,,222110.g1,
222158a1,REMOVED,22634,,Zha16_no_2_tors,,222158.b2,
222169a1,REMOVED,22636,,Zha16_no_2_tors,,222169.a1,
222401a1,REMOVED,22655,,Zha16_no_2_tors,,222401.a1,
222434b1,REMOVED,22661,,Zha16_no_2_tors,,222434.b1,
222755d1,REMOVED,22695,,Zha16_no_2_tors,,222755.d1,
222755g1,REMOVED,22697,,Zha16_no_2_tors,,222755.g1,
222806a1,REMOVED,22701,,Zha16_no_2_tors,,222806.a1,
222826b1,REMOVED,22702,,Zha16_no_2_tors,,222826.c1,
223106b1,REMOVED,22719,,Zha16_no_2_tors,,223106.b1,
223210k1,REMOVED,22727,,Zha16_no_2_tors,,223210.e2,
223226a1,REMOVED,22730,,Zha16_no_2_tors,,223226.a1,
223390h1,REMOVED,22738,,Zha16_no_2_tors,,223390.f2,
223445c1,REMOVED,22739,,Zha16_no_2_tors,,223445.c2,
223630l1,REMOVED,22754,,Zha16_no_2_tors,,223630.b1,
223715c1,REMOVED,22760,,Zha16_no_2_tors,,223715.c2,
223739b1,REMOVED,22761,,Zha16_no_2_tors,,223739.b1,
223790f1,REMOVED,22764,,Zha16_no_2_tors,,223790.a1,
223814b1,REMOVED,22770,,Zha16_no_2_tors,,223814.a1,
224894a1,REMOVED,22848,,Zha16_no_2_tors,,224894.a1,
225134e1,REMOVED,22861,,Zha16_no_2_tors,,225134.a1,
225323a1,REMOVED,22876,,Zha16_no_2_tors,,225323.a1,
225470e1,REMOVED,22887,,Zha16_no_2_tors,,225470.l1,
225470h1,REMOVED,22884,,Zha16_no_2_tors,,225470.a1,
226018b1,REMOVED,22928,,Zha16_no_2_tors,,226018.c1,
226034a1,REMOVED,22929,,Zha16_no_2_tors,,226034.a1,
226190a1,REMOVED,22944,,Zha16_no_2_tors,,226190.b1,
226238b1,REMOVED,22950,,Zha16_no_2_tors,,226238.h2,
226610k1,REMOVED,22972,,Zha16_no_2_tors,,226610.d2,
226954j1,REMOVED,22996,,Zha16_no_2_tors,,226954.c3,
226974h1,REMOVED,23003,,Zha16_no_2_tors,,226974.ba2,
227006e1,REMOVED,23012,,Zha16_no_2_tors,,227006.c1,
227114a1,REMOVED,23018,,Zha16_no_2_tors,,227114.a1,
227446b1,REMOVED,23040,,Zha16_no_2_tors,,227446.b1,
227530g1,REMOVED,23047,,Zha16_no_2_tors,,227530.a1,
227678c1,REMOVED,23055,,Zha16_no_2_tors,,227678.a1,
227878a1,REMOVED,23067,,Zha16_no_2_tors,,227878.c1,
228053a1,REMOVED,23081,,Zha16_no_2_tors,,228053.a2,
228094a1,REMOVED,23084,,Zha16_no_2_tors,,228094.a1,
228430f1,REMOVED,23107,,Zha16_no_2_tors,,228430.g1,
228430g1,REMOVED,23106,,Zha16_no_2_tors,,228430.a2,
228499a1,REMOVED,23113,,Zha16_no_2_tors,,228499.a1,
228574a1,REMOVED,23122,,Zha16_no_2_tors,,228574.b1,
228653a1,REMOVED,23123,,Zha16_no_2_tors,,228653.a1,
228866a1,REMOVED,23139,,Zha16_no_2_tors,,228866.a2,
228998m1,REMOVED,23151,,Zha16_no_2_tors,,228998.g1,
229034b1,REMOVED,23158,,Zha16_no_2_tors,,229034.g1,
229166a1,REMOVED,23167,,Zha16_no_2_tors,,229166.a1,
229190e1,REMOVED,23169,,Zha16_no_2_tors,,229190.d1,
229405a1,REMOVED,23187,,Zha16_no_2_tors,,229405.a1,
229411a1,REMOVED,23188,,Zha16_no_2_tors,,229411.a1,
229477a1,REMOVED,23189,,Zha16_no_2_tors,,229477.a1,
229670k1,REMOVED,23210,,Zha16_no_2_tors,,229670.b1,
230066a1,REMOVED,23233,,Zha16_no_2_tors,,230066.a1,
230147a1,REMOVED,23237,,Zha16_no_2_tors,,230147.a1,
230258a1,REMOVED,23245,,Zha16_no_2_tors,,230258.a1,
230410d1,REMOVED,23255,,Zha16_no_2_tors,,230410.d2,
230510b1,REMOVED,23265,,Zha16_no_2_tors,,230510.b1,
230510g1,REMOVED,23268,,Zha16_no_2_tors,,230510.g1,
230555a1,REMOVED,23272,,Zha16_no_2_tors,,230555.a1,
230782a1,REMOVED,23283,,Zha16_no_2_tors,,230782.a1,
230845b1,REMOVED,23286,,Zha16_no_2_tors,,230845.b1,
230885a1,REMOVED,23289,,Zha16_no_2_tors,,230885.a1,
230926e1,REMOVED,23292,,Zha16_no_2_tors,,230926.e1,
231438f1,REMOVED,23332,,Zha16_no_2_tors,,231438.f1,
231539a1,REMOVED,23339,,Zha16_no_2_tors,,231539.a1,
231587a1,REMOVED,23342,,Zha16_no_2_tors,,231587.a1,
231803a1,REMOVED,23352,,Zha16_no_2_tors,,231803.a2,
232042a1,REMOVED,23365,,Zha16_no_2_tors,,232042.a1,
232058c1,REMOVED,23370,,Zha16_no_2_tors,,232058.c1,
232165d1,REMOVED,23378,,Zha16_no_2_tors,,232165.d1,
232534a1,REMOVED,23397,,Zha16_no_2_tors,,232534.a1,
232595c1,REMOVED,23401,,Zha16_no_2_tors,,232595.c1,
232606b1,REMOVED,23402,,Zha16_no_2_tors,,232606.b1,
233390c1,REMOVED,23448,,Zha16_no_2_tors,,233390.c1,
233570b1,REMOVED,23455,,Zha16_no_2_tors,,233570.b2,
233618d1,REMOVED,23460,,Zha16_no_2_tors,,233618.d1,
233705a1,REMOVED,23467,,Zha16_no_2_tors,,233705.a1,
233846a1,REMOVED,23478,,Zha16_no_2_tors,,233846.a1,
233870b1,REMOVED,23480,,Zha16_no_2_tors,,233870.b2,
234101a1,REMOVED,23492,,Zha16_no_2_tors,,234101.a2,
234278b1,REMOVED,23503,,Zha16_no_2_tors,,234278.b1,
234766e1,REMOVED,23545,,Zha16_no_2_tors,,234766.e1,
234814c1,REMOVED,23549,,Zha16_no_2_tors,,234814.c1,
234854c1,REMOVED,23552,,Zha16_no_2_tors,,234854.c1,
234938d1,REMOVED,23557,,Zha16_no_2_tors,,234938.d1,
234962c1,REMOVED,23559,,Zha16_no_2_tors,,234962.c1,
235059d1,REMOVED,23564,,Zha16_no_2_tors,,235059.d2,
235090d1,REMOVED,23566,,Zha16_no_2_tors,,235090.d1,
235154a1,REMOVED,23569,,Zha16_no_2_tors,,235154.a1,
235235d1,REMOVED,23576,,Zha16_no_2_tors,,235235.d2,
235259a1,REMOVED,23577,,Zha16_no_2_tors,,235259.a1,
235510q1,REMOVED,23603,,Zha16_no_2_tors,,235510.q1,
235646a1,REMOVED,23616,,Zha16_no_2_tors,,235646.a1,
235790m1,REMOVED,23631,,Zha16_no_2_tors,,235790.m1,
235802b1,REMOVED,23634,,Zha16_no_2_tors,,235802.b1,
235994c1,REMOVED,23641,,Zha16_no_2_tors,,235994.c2,
236009a1,REMOVED,23643,,Zha16_no_2_tors,,236009.a1,
236135c1,REMOVED,23648,,Zha16_no_2_tors,,236135.c1,
236194c1,REMOVED,23658,,Zha16_no_2_tors,,236194.c1,
236197c1,REMOVED,23659,,Zha16_no_2_tors,,236197.c1,
236210d1,REMOVED,23660,,Zha16_no_2_tors,,236210.d2,
236330a1,REMOVED,23668,,Zha16_no_2_tors,,236330.a1,
236390d1,REMOVED,23674,,Zha16_no_2_tors,,236390.d3,
236530l1,REMOVED,23680,,Zha16_no_2_tors,,236530.l3,
236570b1,REMOVED,23681,,Zha16_no_2_tors,,236570.b1,
236722c1,REMOVED,23688,,Zha16_no_2_tors,,236722.c1,
236755b1,REMOVED,23692,,Zha16_no_2_tors,,236755.b1,
236782e1,REMOVED,23700,,Zha16_no_2_tors,,236782.e1,
237026c1,REMOVED,23721,,Zha16_no_2_tors,,237026.c1,
237083a1,REMOVED,23725,,Zha16_no_2_tors,,237083.a1,
237194a1,REMOVED,23731,,Zha16_no_2_tors,,237194.a1,
237595b1,REMOVED,23758,,Zha16_no_2_tors,,237595.b2,
237746b1,REMOVED,23769,,Zha16_no_2_tors,,237746.b1,
237898a1,REMOVED,23788,,Zha16_no_2_tors,,237898.a1,
237922a1,REMOVED,23790,,Zha16_no_2_tors,,237922.a1,
238051b1,REMOVED,23803,,Zha16_no_2_tors,,238051.b1,
238118f1,REMOVED,23809,,Zha16_no_2_tors,,238118.f1,
238210l1,REMOVED,23821,,Zha16_no_2_tors,,238210.l2,
238355c1,REMOVED,23827,,Zha16_no_2_tors,,238355.c1,
238595a1,REMOVED,23843,,Zha16_no_2_tors,,238595.a1,
238595b1,REMOVED,23844,,Zha16_no_2_tors,,238595.b1,
238666a1,REMOVED,23848,,Zha16_no_2_tors,,238666.a1,
238862g1,REMOVED,23863,,Zha16_no_2_tors,,238862.g1,
239030j1,REMOVED,23869,,Zha16_no_2_tors,,239030.j1,
239122a1,REMOVED,23874,,Zha16_no_2_tors,,239122.a2,
239309a1,REMOVED,23889,,Zha16_no_2_tors,,239309.a1,
239366a1,REMOVED,23896,,Zha16_no_2_tors,,239366.a1,
239437a1,REMOVED,23899,,Zha16_no_2_tors,,239437.a1,
239470h1,REMOVED,23905,,Zha16_no_2_tors,,239470.h1,
239510d1,REMOVED,23908,,Zha16_no_2_tors,,239510.d2,
239635b1,REMOVED,23917,,Zha16_no_2_tors,,239635.b2,
239918b1,REMOVED,23930,,Zha16_no_2_tors,,239918.b1,
240026a1,REMOVED,23933,,Zha16_no_2_tors,,240026.a1,
240106a1,REMOVED,23935,,Zha16_no_2_tors,,240106.a1,
240386a1,REMOVED,23954,,Zha16_no_2_tors,,240386.a1,
240422c1,REMOVED,23958,,Zha16_no_2_tors,,240422.c1,
240634d1,REMOVED,23972,,Zha16_no_2_tors,,240634.d1,
240653a1,REMOVED,23975,,Zha16_no_2_tors,,240653.a1,
240670a1,REMOVED,23978,,Zha16_no_2_tors,,240670.a1,
240674a1,REMOVED,23979,,Zha16_no_2_tors,,240674.a1,
240674b1,REMOVED,23980,,Zha16_no_2_tors,,240674.b2,
240709a1,REMOVED,23981,,Zha16_no_2_tors,,240709.a1,
240802a1,REMOVED,23986,,Zha16_no_2_tors,,240802.a1,
240890s1,REMOVED,23990,,Zha16_no_2_tors,,240890.s1,
240931a1,REMOVED,23994,,Zha16_no_2_tors,,240931.a2,
241046f1,REMOVED,24008,,Zha16_no_2_tors,,241046.f1,
241190b1,REMOVED,24016,,Zha16_no_2_tors,,241190.b2,
241285a1,REMOVED,24022,,Zha16_no_2_tors,,241285.a1,
241285f1,REMOVED,24023,,Zha16_no_2_tors,,241285.f1,
241306c1,REMOVED,24026,,Zha16_no_2_tors,,241306.c1,
241355a1,REMOVED,24027,,Zha16_no_2_tors,,241355.a1,
241379a1,REMOVED,24028,,Zha16_no_2_tors,,241379.a1,
241490e1,REMOVED,24037,,Zha16_no_2_tors,,241490.e2,
241490i1,REMOVED,24038,,Zha16_no_2_tors,,241490.i1,
241654e1,REMOVED,24054,,Zha16_no_2_tors,,241654.e2,
241669a1,REMOVED,24056,,Zha16_no_2_tors,,241669.a1,
242042a1,REMOVED,24078,,Zha16_no_2_tors,,242042.a1,
242270g1,REMOVED,24095,,Zha16_no_2_tors,,242270.g1,
242315a1,REMOVED,24099,,Zha16_no_2_tors,,242315.a1,
242558a1,REMOVED,24109,,Zha16_no_2_tors,,242558.a1,
242894b1,REMOVED,24129,,Zha16_no_2_tors,,242894.b1,
243170c1,REMOVED,24152,,Zha16_no_2_tors,,243170.c1,
243254b1,REMOVED,24157,,Zha16_no_2_tors,,243254.b1,
243901a1,REMOVED,24194,,Zha16_no_2_tors,,243901.a1,
244166a1,REMOVED,24206,,Zha16_no_2_tors,,244166.a1,
244187a1,REMOVED,24208,,Zha16_no_2_tors,,244187.a1,
244214a1,REMOVED,24209,,Zha16_no_2_tors,,244214.a1,
244271a1,REMOVED,24211,,Zha16_no_2_tors,,244271.a1,
244330k1,REMOVED,24214,,Zha16_no_2_tors,,244330.k1,
244435a1,REMOVED,24221,,Zha16_no_2_tors,,244435.a1,
244453a1,REMOVED,24223,,Zha16_no_2_tors,,244453.a1,
244549a1,REMOVED,24230,,Zha16_no_2_tors,,244549.a2,
244621a1,REMOVED,24237,,Zha16_no_2_tors,,244621.a1,
244739b1,REMOVED,24245,,Zha16_no_2_tors,,244739.b1,
245014h1,REMOVED,24265,,Zha16_no_2_tors,,245014.h2,
245063a1,REMOVED,24269,,Zha16_no_2_tors,,245063.a1,
245162a1,REMOVED,24274,,Zha16_no_2_tors,,245162.a1,
245378a1,REMOVED,24284,,Zha16_no_2_tors,,245378.a1,
245558c1,REMOVED,24303,,Zha16_no_2_tors,,245558.c1,
245651a1,REMOVED,24310,,Zha16_no_2_tors,,245651.a1,
245987a1,REMOVED,24322,,Zha16_no_2_tors,,245987.a1,
246062a1,REMOVED,24326,,Zha16_no_2_tors,,246062.a1,
246198b1,REMOVED,24327,,Zha16_no_2_tors,,246198.b2,
246314c1,REMOVED,24342,,Zha16_no_2_tors,,246314.c1,
246478f1,REMOVED,24360,,Zha16_no_2_tors,,246478.f1,
246635c1,REMOVED,24370,,Zha16_no_2_tors,,246635.c1,
246670a1,REMOVED,24372,,Zha16_no_2_tors,,246670.a1,
246790j1,REMOVED,24384,,Zha16_no_2_tors,,246790.j1,
246818b1,REMOVED,24388,,Zha16_no_2_tors,,246818.b2,
247022i1,REMOVED,24402,,Zha16_no_2_tors,,247022.i1,
247834e1,REMOVED,24452,,Zha16_no_2_tors,,247834.e1,
247835d1,REMOVED,24453,,Zha16_no_2_tors,,247835.d2,
247861a1,REMOVED,24455,,Zha16_no_2_tors,,247861.a1,
247963b1,REMOVED,24461,,Zha16_no_2_tors,,247963.b1,
248030a1,REMOVED,24467,,Zha16_no_2_tors,,248030.a3,
248315a1,REMOVED,24481,,Zha16_no_2_tors,,248315.a1,
248345b1,REMOVED,24484,,Zha16_no_2_tors,,248345.b1,
248417a1,REMOVED,24489,,Zha16_no_2_tors,,248417.a1,
248795a1,REMOVED,24510,,Zha16_no_2_tors,,248795.a1,
249326e1,REMOVED,24540,,Zha16_no_2_tors,,249326.e2,
250046d1,REMOVED,24589,,Zha16_no_2_tors,,250046.d1,
250222c1,REMOVED,24597,,Zha16_no_2_tors,,250222.c2,
250226a1,REMOVED,24598,,Zha16_no_2_tors,,250226.a1,
250766a1,REMOVED,24627,,Zha16_no_2_tors,,250766.a1,
250910f1,REMOVED,24634,,Zha16_no_2_tors,,250910.f1,
250982i1,REMOVED,24637,,Zha16_no_2_tors,,250982.i1,
251114b1,REMOVED,24648,,Zha16_no_2_tors,,251114.b2,
251363a1,REMOVED,24656,,Zha16_no_2_tors,,251363.a1,
251486a1,REMOVED,24662,,Zha16_no_2_tors,,251486.a1,
251522a1,REMOVED,24665,,Zha16_no_2_tors,,251522.a1,
251749a1,REMOVED,24686,,Zha16_no_2_tors,,251749.a1,
252098b1,REMOVED,24701,,Zha16_no_2_tors,,252098.b2,
252179a1,REMOVED,24708,,Zha16_no_2_tors,,252179.a1,
252397a1,REMOVED,24731,,Zha16_no_2_tors,,252397.a1,
252530a1,REMOVED,24737,,Zha16_no_2_tors,,252530.a1,
252703a1,REMOVED,24746,,Zha16_no_2_tors,,252703.a1,
252758a1,REMOVED,24753,,Zha16_no_2_tors,,252758.a1,
252973a1,REMOVED,24763,,Zha16_no_2_tors,,252973.a1,
253130e1,REMOVED,24774,,Zha16_no_2_tors,,253130.e1,
253421a1,REMOVED,24795,,Zha16_no_2_tors,,253421.a1,
253630a1,REMOVED,24806,,Zha16_no_2_tors,,253630.a1,
253691b1,REMOVED,24808,,Zha16_no_2_tors,,253691.b1,
253814b1,REMOVED,24818,,Zha16_no_2_tors,,253814.b2,
254290a1,REMOVED,24845,,Zha16_no_2_tors,,254290.a2,
254554a1,REMOVED,24873,,Zha16_no_2_tors,,254554.a1,
254562bo1,REMOVED,24878,,Zha16_no_2_tors,,254562.bo2,
254606d1,REMOVED,24883,,Zha16_no_2_tors,,254606.d2,
254707a1,REMOVED,24891,,Zha16_no_2_tors,,254707.a1,
254710c1,REMOVED,24894,,Zha16_no_2_tors,,254710.c2,
254770c1,REMOVED,24898,,Zha16_no_2_tors,,254770.c2,
254786g1,REMOVED,24901,,Zha16_no_2_tors,,254786.g1,
254822a1,REMOVED,24912,,Zha16_no_2_tors,,254822.a1,
254870a1,REMOVED,24914,,Zha16_no_2_tors,,254870.a1,
255010b1,REMOVED,24929,,Zha16_no_2_tors,,255010.b1,
255490c1,REMOVED,24967,,Zha16_no_2_tors,,255490.c1,
255710i1,REMOVED,24982,,Zha16_no_2_tors,,255710.i1,
255779a1,REMOVED,24986,,Zha16_no_2_tors,,255779.a1,
255782c1,REMOVED,24987,,Zha16_no_2_tors,,255782.c1,
255842b1,REMOVED,24990,,Zha16_no_2_tors,,255842.b1,
255883a1,REMOVED,24991,,Zha16_no_2_tors,,255883.a1,
256013b1,REMOVED,25006,,Zha16_no_2_tors,,256013.b1,
256078a1,REMOVED,25010,,Zha16_no_2_tors,,256078.a1,
256501a1,REMOVED,25033,,Zha16_no_2_tors,,256501.a1,
256658a1,REMOVED,25040,,Zha16_no_2_tors,,256658.a1,
256715b1,REMOVED,25048,,Zha16_no_2_tors,,256715.b1,
256954a1,REMOVED,25067,,Zha16_no_2_tors,,256954.a1,
257066b1,REMOVED,25075,,Zha16_no_2_tors,,257066.b1,
257162b1,REMOVED,25085,,Zha16_no_2_tors,,257162.b1,
257257b1,REMOVED,25091,,Zha16_no_2_tors,,257257.b1,
257291a1,REMOVED,25094,,Zha16_no_2_tors,,257291.a1,
257365f1,REMOVED,25101,,Zha16_no_2_tors,,257365.f1,
257422b1,REMOVED,25106,,Zha16_no_2_tors,,257422.b1,
257426d1,REMOVED,25108,,Zha16_no_2_tors,,257426.d2,
257462b1,REMOVED,25109,,Zha16_no_2_tors,,257462.b1,
257581a1,REMOVED,25118,,Zha16_no_2_tors,,257581.a1,
257599a1,REMOVED,25119,,Zha16_no_2_tors,,257599.a1,
257822a1,REMOVED,25131,,Zha16_no_2_tors,,257822.a2,
257834a1,REMOVED,25135,,Zha16_no_2_tors,,257834.a2,
258227a1,REMOVED,25156,,Zha16_no_2_tors,,258227.a1,
258470c1,REMOVED,25170,,Zha16_no_2_tors,,258470.c1,
258614a1,REMOVED,25176,,Zha16_no_2_tors,,258614.a2,
258658a1,REMOVED,25183,,Zha16_no_2_tors,,258658.a2,
258665b1,REMOVED,25189,,Zha16_no_2_tors,,258665.b1,
259037a1,REMOVED,25208,,Zha16_no_2_tors,,259037.a2,
259187a1,REMOVED,25215,,Zha16_no_2_tors,,259187.a1,
259314i1,REMOVED,25226,,Zha16_no_2_tors,,259314.i1,
259435c1,REMOVED,25241,,Zha16_no_2_tors,,259435.c1,
259490v1,REMOVED,25245,,Zha16_no_2_tors,,259490.v1,
259523c1,REMOVED,25247,,Zha16_no_2_tors,,259523.c1,
259597a1,REMOVED,25256,,Zha16_no_2_tors,,259597.a1,
259730e1,REMOVED,25271,,Zha16_no_2_tors,,259730.e1,
259790a1,REMOVED,25274,,Zha16_no_2_tors,,259790.a1,
259822a1,REMOVED,25278,,Zha16_no_2_tors,,259822.a2,
260054a1,REMOVED,25290,,Zha16_no_2_tors,,260054.a1,
260054c1,REMOVED,25291,,Zha16_no_2_tors,,260054.c1,
260054e1,REMOVED,25292,,Zha16_no_2_tors,,260054.e1,
260351a1,REMOVED,25318,,Zha16_no_2_tors,,260351.a1,
260438c1,REMOVED,25322,,Zha16_no_2_tors,,260438.c1,
260891a1,REMOVED,25345,,Zha16_no_2_tors,,260891.a1,
261058b1,REMOVED,25358,,Zha16_no_2_tors,,261058.b1,
261469a1,REMOVED,25376,,Zha16_no_2_tors,,261469.a1,
261978d1,REMOVED,25405,,Zha16_no_2_tors,,261978.d2,
262010i1,REMOVED,25406,,Zha16_no_2_tors,,262010.i1,
262946c1,REMOVED,25459,,Zha16_no_2_tors,,262946.c1,
263246a1,REMOVED,25480,,Zha16_no_2_tors,,263246.a1,
263270n1,REMOVED,25481,,Zha16_no_2_tors,,263270.n1,
263410h1,REMOVED,25490,,Zha16_no_2_tors,,263410.h2,
263410n1,REMOVED,25492,,Zha16_no_2_tors,,263410.n2,
263461a1,REMOVED,25496,,Zha16_no_2_tors,,263461.a1,
263570a1,REMOVED,25505,,Zha16_no_2_tors,,263570.a1,
263930a1,REMOVED,25523,,Zha16_no_2_tors,,263930.a2,
264166a1,REMOVED,25537,,Zha16_no_2_tors,,264166.a1,
264418e1,REMOVED,25556,,Zha16_no_2_tors,,264418.e1,
264526a1,REMOVED,25562,,Zha16_no_2_tors,,264526.a1,
264626b1,REMOVED,25568,,Zha16_no_2_tors,,264626.b1,
265034a1,REMOVED,25585,,Zha16_no_2_tors,,265034.a1,
265366a1,REMOVED,25603,,Zha16_no_2_tors,,265366.a1,
265537a1,REMOVED,25616,,Zha16_no_2_tors,,265537.a1,
265610a1,REMOVED,25620,,Zha16_no_2_tors,,265610.a1,
265649a1,REMOVED,25625,,Zha16_no_2_tors,,265649.a1,
266113a1,REMOVED,25649,,Zha16_no_2_tors,,266113.a1,
266446a1,REMOVED,25675,,Zha16_no_2_tors,,266446.a2,
266594a1,REMOVED,25685,,Zha16_no_2_tors,,266594.a2,
266594d1,REMOVED,25687,,Zha16_no_2_tors,,266594.d1,
266755b1,REMOVED,25701,,Zha16_no_2_tors,,266755.b1,
266954a1,REMOVED,25714,,Zha16_no_2_tors,,266954.a1,
267014e1,REMOVED,25715,,Zha16_no_2_tors,,267014.e2,
267155c1,REMOVED,25721,,Zha16_no_2_tors,,267155.c1,
267851b1,REMOVED,25772,,Zha16_no_2_tors,,267851.b1,
267938a1,REMOVED,25778,,Zha16_no_2_tors,,267938.a1,
268181a1,REMOVED,25797,,Zha16_no_2_tors,,268181.a1,
268402a1,REMOVED,25810,,Zha16_no_2_tors,,268402.a1,
268565a1,REMOVED,25824,,Zha16_no_2_tors,,268565.a1,
268702d1,REMOVED,25835,,Zha16_no_2_tors,,268702.d1,
268963a1,REMOVED,25850,,Zha16_no_2_tors,,268963.a2,
269027a1,REMOVED,25858,,Zha16_no_2_tors,,269027.a1,
269570e1,REMOVED,25890,,Zha16_no_2_tors,,269570.e1,
269606b1,REMOVED,25892,,Zha16_no_2_tors,,269606.b1,
270010m1,REMOVED,25914,,Zha16_no_2_tors,,270010.m2,
270134a1,REMOVED,25920,,Zha16_no_2_tors,,270134.a1,
270190c1,REMOVED,25930,,Zha16_no_2_tors,,270190.c1,
270253a1,REMOVED,25935,,Zha16_no_2_tors,,270253.a1,
270362d1,REMOVED,25947,,Zha16_no_2_tors,,270362.d1,
270374a1,REMOVED,25949,,Zha16_no_2_tors,,270374.a1,
270469a1,REMOVED,25956,,Zha16_no_2_tors,,270469.a1,
270521a1,REMOVED,25959,,Zha16_no_2_tors,,270521.a1,
270670a1,REMOVED,25972,,Zha16_no_2_tors,,270670.a2,
270827b1,REMOVED,25986,,Zha16_no_2_tors,,270827.b1,
270830c1,REMOVED,25987,,Zha16_no_2_tors,,270830.c1,
270854a1,REMOVED,25989,,Zha16_no_2_tors,,270854.a1,
271078c1,REMOVED,26005,,Zha16_no_2_tors,,271078.c1,
271115a1,REMOVED,26011,,Zha16_no_2_tors,,271115.a1,
271405a1,REMOVED,26025,,Zha16_no_2_tors,,271405.a1,
271882a1,REMOVED,26057,,Zha16_no_2_tors,,271882.a1,
272074a1,REMOVED,26069,,Zha16_no_2_tors,,272074.a2,
272098b1,REMOVED,26072,,Zha16_no_2_tors,,272098.b1,
272429a1,REMOVED,26104,,Zha16_no_2_tors,,272429.a1,
272494a1,REMOVED,26107,,Zha16_no_2_tors,,272494.a1,
272918d1,REMOVED,26127,,Zha16_no_2_tors,,272918.d2,
272926c1,REMOVED,26129,,Zha16_no_2_tors,,272926.c1,
273203c1,REMOVED,26147,,Zha16_no_2_tors,,273203.c1,
273398a1,REMOVED,26166,,Zha16_no_2_tors,,273398.a1,
273454f1,REMOVED,26170,,Zha16_no_2_tors,,273454.f1,
273685a1,REMOVED,26187,,Zha16_no_2_tors,,273685.a1,
273914b1,REMOVED,26212,,Zha16_no_2_tors,,273914.b1,
273938d1,REMOVED,26219,,Zha16_no_2_tors,,273938.d1,
273947a1,REMOVED,26220,,Zha16_no_2_tors,,273947.a1,
274043a1,REMOVED,26224,,Zha16_no_2_tors,,274043.a1,
274045c1,REMOVED,26225,,Zha16_no_2_tors,,274045.c1,
274045g1,REMOVED,26226,,Zha16_no_2_tors,,274045.g1,
274078b1,REMOVED,26227,,Zha16_no_2_tors,,274078.b1,
274286a1,REMOVED,26247,,Zha16_no_2_tors,,274286.a1,
274598a1,REMOVED,26263,,Zha16_no_2_tors,,274598.a3,
274619c1,REMOVED,26264,,Zha16_no_2_tors,,274619.c1,
274858a1,REMOVED,26284,,Zha16_no_2_tors,,274858.a2,
274862c1,REMOVED,26286,,Zha16_no_2_tors,,274862.c1,
275162a1,REMOVED,26302,,Zha16_no_2_tors,,275162.a1,
275326a1,REMOVED,26315,,Zha16_no_2_tors,,275326.a2,
275954a1,REMOVED,26360,,Zha16_no_2_tors,,275954.a1,
275990l1,REMOVED,26365,,Zha16_no_2_tors,,275990.l1,
275990p1,REMOVED,26366,,Zha16_no_2_tors,,275990.p2,
276069a1,REMOVED,26373,,Zha16_no_2_tors,,276069.a2,
276586a1,REMOVED,26402,,Zha16_no_2_tors,,276586.a1,
276706a1,REMOVED,26409,,Zha16_no_2_tors,,276706.a1,
276710a1,REMOVED,26410,,Zha16_no_2_tors,,276710.a1,
276758e1,REMOVED,26417,,Zha16_no_2_tors,,276758.e1,
277030d1,REMOVED,26446,,Zha16_no_2_tors,,277030.d1,
277310d1,REMOVED,26463,,Zha16_no_2_tors,,277310.d1,
277433a1,REMOVED,26470,,Zha16_no_2_tors,,277433.a1,
277478b1,REMOVED,26473,,Zha16_no_2_tors,,277478.b1,
277562a1,REMOVED,26480,,Zha16_no_2_tors,,277562.a1,
278014b1,REMOVED,26503,,Zha16_no_2_tors,,278014.b2,
278090b1,REMOVED,26506,,Zha16_no_2_tors,,278090.b1,
278389a1,REMOVED,26520,,Zha16_no_2_tors,,278389.a1,
278411a1,REMOVED,26521,,Zha16_no_2_tors,,278411.a1,
278590e1,REMOVED,26539,,Zha16_no_2_tors,,278590.e1,
278635b1,REMOVED,26542,,Zha16_no_2_tors,,278635.b2,
278654d1,REMOVED,26543,,Zha16_no_2_tors,,278654.d1,
278677a1,REMOVED,26545,,Zha16_no_2_tors,,278677.a1,
278773a1,REMOVED,26554,,Zha16_no_2_tors,,278773.a1,
278938d1,REMOVED,26564,,Zha16_no_2_tors,,278938.d2,
279062b1,REMOVED,26577,,Zha16_no_2_tors,,279062.b2,
279338b1,REMOVED,26587,,Zha16_no_2_tors,,279338.b1,
279338d1,REMOVED,26588,,Zha16_no_2_tors,,279338.d2,
279370h1,REMOVED,26592,,Zha16_no_2_tors,,279370.h1,
279470a1,REMOVED,26598,,Zha16_no_2_tors,,279470.a1,
279734d1,REMOVED,26624,,Zha16_no_2_tors,,279734.d2,
279851b1,REMOVED,26631,,Zha16_no_2_tors,,279851.b2,
279939a1,REMOVED,26637,,Zha16_no_2_tors,,279939.a2,
279973c1,REMOVED,26639,,Zha16_no_2_tors,,279973.c1,
279998a1,REMOVED,26640,,Zha16_no_2_tors,,279998.a1,
280021a1,REMOVED,26642,,Zha16_no_2_tors,,280021.a1,
280462m1,REMOVED,26663,,Zha16_no_2_tors,,280462.m1,
280742e1,REMOVED,26678,,Zha16_no_2_tors,,280742.e1,
280763a1,REMOVED,26680,,Zha16_no_2_tors,,280763.a1,
281105b1,REMOVED,26705,,Zha16_no_2_tors,,281105.b1,
281155b1,REMOVED,26710,,Zha16_no_2_tors,,281155.b2,
281165b1,REMOVED,26716,,Zha16_no_2_tors,,281165.b2,
281267a1,REMOVED,26721,,Zha16_no_2_tors,,281267.a1,
281294d1,REMOVED,26723,,Zha16_no_2_tors,,281294.d1,
281590g1,REMOVED,26745,,Zha16_no_2_tors,,281590.g2,
281918f1,REMOVED,26759,,Zha16_no_2_tors,,281918.f1,
282310l1,REMOVED,26778,,Zha16_no_2_tors,,282310.l1,
282347c1,REMOVED,26784,,Zha16_no_2_tors,,282347.c1,
282637a1,REMOVED,26805,,Zha16_no_2_tors,,282637.a1,
282755e1,REMOVED,26814,,Zha16_no_2_tors,,282755.e1,
282758d1,REMOVED,26816,,Zha16_no_2_tors,,282758.d1,
282970c1,REMOVED,26831,,Zha16_no_2_tors,,282970.c1,
283090b1,REMOVED,26837,,Zha16_no_2_tors,,283090.b1,
283199a1,REMOVED,26846,,Zha16_no_2_tors,,283199.a1,
283310c1,REMOVED,26860,,Zha16_no_2_tors,,283310.c2,
283310d1,REMOVED,26861,,Zha16_no_2_tors,,283310.d1,
283354b1,REMOVED,26867,,Zha16_no_2_tors,,283354.b2,
283427a1,REMOVED,26873,,Zha16_no_2_tors,,283427.a1,
283466b1,REMOVED,26876,,Zha16_no_2_tors,,283466.b1,
283787a1,REMOVED,26898,,Zha16_no_2_tors,,283787.a1,
283926k1,REMOVED,26913,,Zha16_no_2_tors,,283926.k2,
284363a1,REMOVED,26939,,Zha16_no_2_tors,,284363.a1,
284879a1,REMOVED,26979,,Zha16_no_2_tors,,284879.a1,
285122b1,REMOVED,27000,,Zha16_no_2_tors,,285122.b1,
285374e1,REMOVED,27016,,Zha16_no_2_tors,,285374.e1,
285382c1,REMOVED,27017,,Zha16_no_2_tors,,285382.c2,
285518a1,REMOVED,27026,,Zha16_no_2_tors,,285518.a1,
285619a1,REMOVED,27037,,Zha16_no_2_tors,,285619.a2,
285934e1,REMOVED,27056,,Zha16_no_2_tors,,285934.e2,
285974a1,REMOVED,27059,,Zha16_no_2_tors,,285974.a1,
285986b1,REMOVED,27062,,Zha16_no_2_tors,,285986.b1,
286085a1,REMOVED,27067,,Zha16_no_2_tors,,286085.a2,
286090f1,REMOVED,27069,,Zha16_no_2_tors,,286090.f1,
286114b1,REMOVED,27070,,Zha16_no_2_tors,,286114.b2,
286645a1,REMOVED,27110,,Zha16_no_2_tors,,286645.a1,
286714a1,REMOVED,27116,,Zha16_no_2_tors,,286714.a1,
286730d1,REMOVED,27118,,Zha16_no_2_tors,,286730.d1,
287090b1,REMOVED,27138,,Zha16_no_2_tors,,287090.b1,
287110c1,REMOVED,27142,,Zha16_no_2_tors,,287110.c2,
287171a1,REMOVED,27146,,Zha16_no_2_tors,,287171.a1,
287267a1,REMOVED,27150,,Zha16_no_2_tors,,287267.a1,
287314a1,REMOVED,27151,,Zha16_no_2_tors,,287314.a1,
287345c1,REMOVED,27153,,Zha16_no_2_tors,,287345.c1,
287354a1,REMOVED,27154,,Zha16_no_2_tors,,287354.a1,
287474d1,REMOVED,27170,,Zha16_no_2_tors,,287474.d1,
287678a1,REMOVED,27187,,Zha16_no_2_tors,,287678.a1,
287714i1,REMOVED,27194,,Zha16_no_2_tors,,287714.i1,
288035a1,REMOVED,27220,,Zha16_no_2_tors,,288035.a1,
288106n1,REMOVED,27226,,Zha16_no_2_tors,,288106.n1,
288106o1,REMOVED,27227,,Zha16_no_2_tors,,288106.o1,
288190m1,REMOVED,27234,,Zha16_no_2_tors,,288190.m2,
288206a1,REMOVED,27235,,Zha16_no_2_tors,,288206.a1,
288211c1,REMOVED,27239,,Zha16_no_2_tors,,288211.c2,
288662a1,REMOVED,27272,,Zha16_no_2_tors,,288662.a1,
288811a1,REMOVED,27283,,Zha16_no_2_tors,,288811.a2,
288865a1,REMOVED,27285,,Zha16_no_2_tors,,288865.a1,
289115a1,REMOVED,27296,,Zha16_no_2_tors,,289115.a1,
289370a1,REMOVED,27322,,Zha16_no_2_tors,,289370.a1,
289370e1,REMOVED,27323,,Zha16_no_2_tors,,289370.e1,
289501c1,REMOVED,27328,,Zha16_no_2_tors,,289501.c1,
289646i1,REMOVED,27338,,Zha16_no_2_tors,,289646.i1,
289691a1,REMOVED,27346,,Zha16_no_2_tors,,289691.a1,
289739b1,REMOVED,27348,,Zha16_no_2_tors,,289739.b1,
289814e1,REMOVED,27353,,Zha16_no_2_tors,,289814.e2,
290122k1,REMOVED,27381,,Zha16_no_2_tors,,290122.k2,
290162a1,REMOVED,27384,,Zha16_no_2_tors,,290162.a1,
290507a1,REMOVED,27408,,Zha16_no_2_tors,,290507.a1,
290507d1,REMOVED,27409,,Zha16_no_2_tors,,290507.d2,
290554a1,REMOVED,27414,,Zha16_no_2_tors,,290554.a1,
290582a1,REMOVED,27416,,Zha16_no_2_tors,,290582.a1,
290746a1,REMOVED,27435,,Zha16_no_2_tors,,290746.a1,
290830c1,REMOVED,27439,,Zha16_no_2_tors,,290830.c1,
290846a1,REMOVED,27443,,Zha16_no_2_tors,,290846.a1,
290894a1,REMOVED,27446,,Zha16_no_2_tors,,290894.a1,
290906a1,REMOVED,27448,,Zha16_no_2_tors,,290906.a1,
290989b1,REMOVED,27454,,Zha16_no_2_tors,,290989.b2,
291098a1,REMOVED,27462,,Zha16_no_2_tors,,291098.a1,
291110d1,REMOVED,27465,,Zha16_no_2_tors,,291110.d1,
291130q1,REMOVED,27468,,Zha16_no_2_tors,,291130.q3,
291130s1,REMOVED,27469,,Zha16_no_2_tors,,291130.s1,
291226c1,REMOVED,27478,,Zha16_no_2_tors,,291226.c2,
291235c1,REMOVED,27480,,Zha16_no_2_tors,,291235.c1,
291422c1,REMOVED,27490,,Zha16_no_2_tors,,291422.c1,
291445d1,REMOVED,27494,,Zha16_no_2_tors,,291445.d1,
291470c1,REMOVED,27495,,Zha16_no_2_tors,,291470.c1,
291478a1,REMOVED,27496,,Zha16_no_2_tors,,291478.a2,
291515a1,REMOVED,27503,,Zha16_no_2_tors,,291515.a1,
291533a1,REMOVED,27505,,Zha16_no_2_tors,,291533.a1,
291874b1,REMOVED,27529,,Zha16_no_2_tors,,291874.b3,
291874c1,REMOVED,27530,,Zha16_no_2_tors,,291874.c1,
291970g1,REMOVED,27536,,Zha16_no_2_tors,,291970.g2,
292130a1,REMOVED,27546,,Zha16_no_2_tors,,292130.a1,
292190d1,REMOVED,27552,,Zha16_no_2_tors,,292190.d1,
292955a1,REMOVED,27606,,Zha16_no_2_tors,,292955.a1,
293035a1,REMOVED,27609,,Zha16_no_2_tors,,293035.a1,
293347a1,REMOVED,27636,,Zha16_no_2_tors,,293347.a1,
293410ba1,REMOVED,27647,,Zha16_no_2_tors,,293410.ba1,
293410y1,REMOVED,27646,,Zha16_no_2_tors,,293410.y2,
293798a1,REMOVED,27673,,Zha16_no_2_tors,,293798.a1,
294203a1,REMOVED,27699,,Zha16_no_2_tors,,294203.a2,
294470f1,REMOVED,27711,,Zha16_no_2_tors,,294470.f1,
294610a1,REMOVED,27721,,Zha16_no_2_tors,,294610.a2,
294658f1,REMOVED,27727,,Zha16_no_2_tors,,294658.f1,
294749c1,REMOVED,27733,,Zha16_no_2_tors,,294749.c1,
295046a1,REMOVED,27755,,Zha16_no_2_tors,,295046.a1,
295115a1,REMOVED,27759,,Zha16_no_2_tors,,295115.a1,
295586a1,REMOVED,27787,,Zha16_no_2_tors,,295586.a1,
295714b1,REMOVED,27793,,Zha16_no_2_tors,,295714.b2,
295757b1,REMOVED,27797,,Zha16_no_2_tors,,295757.b2,
295898a1,REMOVED,27805,,Zha16_no_2_tors,,295898.a1,
295910l1,REMOVED,27808,,Zha16_no_2_tors,,295910.l1,
296101a1,REMOVED,27818,,Zha16_no_2_tors,,296101.a1,
296338o1,REMOVED,27840,,Zha16_no_2_tors,,296338.o1,
296534c1,REMOVED,27846,,Zha16_no_2_tors,,296534.c1,
296605d1,REMOVED,27853,,Zha16_no_2_tors,,296605.d1,
297115b1,REMOVED,27891,,Zha16_no_2_tors,,297115.b2,
297310b1,REMOVED,27905,,Zha16_no_2_tors,,297310.b1,
297482b1,REMOVED,27911,,Zha16_no_2_tors,,297482.b1,
298090m1,REMOVED,27962,,Zha16_no_2_tors,,298090.m2,
298202a1,REMOVED,27975,,Zha16_no_2_tors,,298202.a1,
298277b1,REMOVED,27980,,Zha16_no_2_tors,,298277.b1,
298657a1,REMOVED,27999,,Zha16_no_2_tors,,298657.a1,
298670a1,REMOVED,28005,,Zha16_no_2_tors,,298670.a1,
298811a1,REMOVED,28016,,Zha16_no_2_tors,,298811.a1,
299051a1,REMOVED,28030,,Zha16_no_2_tors,,299051.a1,
299315a1,REMOVED,28051,,Zha16_no_2_tors,,299315.a1,
299437b1,REMOVED,28058,,Zha16_no_2_tors,,299437.b1,
299519a1,REMOVED,28066,,Zha16_no_2_tors,,299519.a1,
299606a1,REMOVED,28071,,Zha16_no_2_tors,,299606.a1,
299690d1,REMOVED,28081,,Zha16_no_2_tors,,299690.d2,
299719b1,REMOVED,28083,,Zha16_no_2_tors,,299719.b1,
299794c1,REMOVED,28095,,Zha16_no_2_tors,,299794.c2,
299845a1,REMOVED,28105,,Zha16_no_2_tors,,299845.a2,
299990c1,REMOVED,28109,,Zha16_no_2_tors,,299990.c1,
300014c1,REMOVED,28111,,Zha16_no_2_tors,,300014.c1,
300058i1,REMOVED,28113,,Zha16_no_2_tors,,300058.i1,
300107a1,REMOVED,28114,,Zha16_no_2_tors,,300107.a1,
300133a1,REMOVED,28116,,Zha16_no_2_tors,,300133.a1,
300166c1,REMOVED,28117,,Zha16_no_2_tors,,300166.c2,
300494a1,REMOVED,28136,,Zha16_no_2_tors,,300494.a1,
300670n1,REMOVED,28159,,Zha16_no_2_tors,,300670.n1,
300706a1,REMOVED,28164,,Zha16_no_2_tors,,300706.a1,
301178a1,REMOVED,28187,,Zha16_no_2_tors,,301178.a1,
301402a1,REMOVED,28210,,Zha16_no_2_tors,,301402.a1,
301571a1,REMOVED,28220,,Zha16_no_2_tors,,301571.a1,
301630h1,REMOVED,28229,,Zha16_no_2_tors,,301630.h2,
301630k1,REMOVED,28231,,Zha16_no_2_tors,,301630.k1,
301726a1,REMOVED,28239,,Zha16_no_2_tors,,301726.a2,
302029d1,REMOVED,28253,,Zha16_no_2_tors,,302029.d1,
302135a1,REMOVED,28258,,Zha16_no_2_tors,,302135.a1,
302389a1,REMOVED,28271,,Zha16_no_2_tors,,302389.a2,
302414c1,REMOVED,28272,,Zha16_no_2_tors,,302414.c1,
302498i1,REMOVED,28279,,Zha16_no_2_tors,,302498.i1,
302653a1,REMOVED,28293,,Zha16_no_2_tors,,302653.a1,
302867c1,REMOVED,28310,,Zha16_no_2_tors,,302867.c1,
302926a1,REMOVED,28315,,Zha16_no_2_tors,,302926.a1,
302938h1,REMOVED,28317,,Zha16_no_2_tors,,302938.h1,
303346a1,REMOVED,28337,,Zha16_no_2_tors,,303346.a1,
303382c1,REMOVED,28341,,Zha16_no_2_tors,,303382.c1,
303410c1,REMOVED,28344,,Zha16_no_2_tors,,303410.c1,
303422b1,REMOVED,28348,,Zha16_no_2_tors,,303422.b1,
303515a1,REMOVED,28351,,Zha16_no_2_tors,,303515.a1,
303842c1,REMOVED,28366,,Zha16_no_2_tors,,303842.c1,
304030b1,REMOVED,28374,,Zha16_no_2_tors,,304030.b1,
304078a1,REMOVED,28379,,Zha16_no_2_tors,,304078.a1,
304178c1,REMOVED,28386,,Zha16_no_2_tors,,304178.c2,
304283a1,REMOVED,28393,,Zha16_no_2_tors,,304283.a1,
304451a1,REMOVED,28408,,Zha16_no_2_tors,,304451.a1,
304466b1,REMOVED,28410,,Zha16_no_2_tors,,304466.b1,
304526e1,REMOVED,28412,,Zha16_no_2_tors,,304526.e2,
304595b1,REMOVED,28419,,Zha16_no_2_tors,,304595.b1,
304790g1,REMOVED,28437,,Zha16_no_2_tors,,304790.g1,
304810j1,REMOVED,28441,,Zha16_no_2_tors,,304810.j2,
304834a1,REMOVED,28443,,Zha16_no_2_tors,,304834.a1,
305086b1,REMOVED,28458,,Zha16_no_2_tors,,305086.b2,
305167a1,REMOVED,28461,,Zha16_no_2_tors,,305167.a1,
305195c1,REMOVED,28463,,Zha16_no_2_tors,,305195.c1,
305426a1,REMOVED,28476,,Zha16_no_2_tors,,305426.a2,
305510e1,REMOVED,28486,,Zha16_no_2_tors,,305510.e1,
305510i1,REMOVED,28487,,Zha16_no_2_tors,,305510.i1,
305666a1,REMOVED,28493,,Zha16_no_2_tors,,305666.a1,
305938a1,REMOVED,28513,,Zha16_no_2_tors,,305938.a1,
306218f1,REMOVED,28528,,Zha16_no_2_tors,,306218.f1,
306458c1,REMOVED,28541,,Zha16_no_2_tors,,306458.c2,
306546h1,REMOVED,28550,,Zha16_no_2_tors,,306546.h1,
306670t1,REMOVED,28553,,Zha16_no_2_tors,,306670.t1,
306955a1,REMOVED,28567,,Zha16_no_2_tors,,306955.a1,
306962b1,REMOVED,28568,,Zha16_no_2_tors,,306962.b1,
307162a1,REMOVED,28583,,Zha16_no_2_tors,,307162.a2,
307342c1,REMOVED,28595,,Zha16_no_2_tors,,307342.c2,
307477a1,REMOVED,28604,,Zha16_no_2_tors,,307477.a1,
307490a1,REMOVED,28606,,Zha16_no_2_tors,,307490.a1,
307658a1,REMOVED,28626,,Zha16_no_2_tors,,307658.a1,
307702a1,REMOVED,28630,,Zha16_no_2_tors,,307702.a1,
307730b1,REMOVED,28633,,Zha16_no_2_tors,,307730.b1,
307763b1,REMOVED,28635,,Zha16_no_2_tors,,307763.b1,
307898a1,REMOVED,28637,,Zha16_no_2_tors,,307898.a1,
308195a1,REMOVED,28660,,Zha16_no_2_tors,,308195.a1,
308267a1,REMOVED,28664,,Zha16_no_2_tors,,308267.a2,
308345a1,REMOVED,28670,,Zha16_no_2_tors,,308345.a1,
308414a1,REMOVED,28673,,Zha16_no_2_tors,,308414.a1,
308618c1,REMOVED,28683,,Zha16_no_2_tors,,308618.c1,
308659a1,REMOVED,28686,,Zha16_no_2_tors,,308659.a1,
308710c1,REMOVED,28690,,Zha16_no_2_tors,,308710.c1,
308771g1,REMOVED,28697,,Zha16_no_2_tors,,308771.g1,
308858d1,REMOVED,28702,,Zha16_no_2_tors,,308858.d1,
308918b1,REMOVED,28706,,Zha16_no_2_tors,,308918.b1,
308986a1,REMOVED,28714,,Zha16_no_2_tors,,308986.a1,
309110a1,REMOVED,28723,,Zha16_no_2_tors,,309110.a1,
309335b1,REMOVED,28731,,Zha16_no_2_tors,,309335.b1,
309542b1,REMOVED,28740,,Zha16_no_2_tors,,309542.b2,
309979a1,REMOVED,28765,,Zha16_no_2_tors,,309979.a1,
310315b1,REMOVED,28779,,Zha16_no_2_tors,,310315.b1,
310319a1,REMOVED,28780,,Zha16_no_2_tors,,310319.a1,
310394a1,REMOVED,28781,,Zha16_no_2_tors,,310394.a1,
310694a1,REMOVED,28805,,Zha16_no_2_tors,,310694.a2,
310859a1,REMOVED,28817,,Zha16_no_2_tors,,310859.a1,
310942a1,REMOVED,28821,,Zha16_no_2_tors,,310942.a1,
310958a1,REMOVED,28824,,Zha16_no_2_tors,,310958.a1,
311198a1,REMOVED,28841,,Zha16_no_2_tors,,311198.a1,
311234e1,REMOVED,28842,,Zha16_no_2_tors,,311234.e1,
311455a1,REMOVED,28854,,Zha16_no_2_tors,,311455.a1,
311530b1,REMOVED,28856,,Zha16_no_2_tors,,311530.b1,
311558c1,REMOVED,28857,,Zha16_no_2_tors,,311558.c2,
311854a1,REMOVED,28879,,Zha16_no_2_tors,,311854.a2,
312115a1,REMOVED,28898,,Zha16_no_2_tors,,312115.a2,
312286f1,REMOVED,28913,,Zha16_no_2_tors,,312286.f1,
312446b1,REMOVED,28918,,Zha16_no_2_tors,,312446.b1,
312733a1,REMOVED,28939,,Zha16_no_2_tors,,312733.a1,
312970n1,REMOVED,28960,,Zha16_no_2_tors,,312970.n2,
313030h1,REMOVED,28965,,Zha16_no_2_tors,,313030.h1,
313117a1,REMOVED,28967,,Zha16_no_2_tors,,313117.a1,
313222c1,REMOVED,28976,,Zha16_no_2_tors,,313222.c1,
313235a1,REMOVED,28977,,Zha16_no_2_tors,,313235.a1,
313235d1,REMOVED,28979,,Zha16_no_2_tors,,313235.d1,
313246a1,REMOVED,28980,,Zha16_no_2_tors,,313246.a1,
313418b1,REMOVED,28991,,Zha16_no_2_tors,,313418.b1,
313595b1,REMOVED,29000,,Zha16_no_2_tors,,313595.b1,
313622a1,REMOVED,29002,,Zha16_no_2_tors,,313622.a1,
313643a1,REMOVED,29010,,Zha16_no_2_tors,,313643.a1,
313742d1,REMOVED,29017,,Zha16_no_2_tors,,313742.d2,
313838a1,REMOVED,29021,,Zha16_no_2_tors,,313838.a1,
313838b1,REMOVED,29022,,Zha16_no_2_tors,,313838.b1,
313978a1,REMOVED,29027,,Zha16_no_2_tors,,313978.a1,
313978d1,REMOVED,29028,,Zha16_no_2_tors,,313978.d1,
314027a1,REMOVED,29029,,Zha16_no_2_tors,,314027.a1,
314158a1,REMOVED,29037,,Zha16_no_2_tors,,314158.a1,
314405c1,REMOVED,29044,,Zha16_no_2_tors,,314405.c3,
314470c1,REMOVED,29053,,Zha16_no_2_tors,,314470.c2,
314474a1,REMOVED,29054,,Zha16_no_2_tors,,314474.a2,
314587b1,REMOVED,29061,,Zha16_no_2_tors,,314587.b1,
314594a1,REMOVED,29062,,Zha16_no_2_tors,,314594.a1,
314770a1,REMOVED,29074,,Zha16_no_2_tors,,314770.a1,
315035a1,REMOVED,29092,,Zha16_no_2_tors,,315035.a1,
315110a1,REMOVED,29101,,Zha16_no_2_tors,,315110.a2,
315202a1,REMOVED,29109,,Zha16_no_2_tors,,315202.a1,
315302a1,REMOVED,29115,,Zha16_no_2_tors,,315302.a1,
315314b1,REMOVED,29116,,Zha16_no_2_tors,,315314.b1,
315406a1,REMOVED,29123,,Zha16_no_2_tors,,315406.a1,
315755a1,REMOVED,29140,,Zha16_no_2_tors,,315755.a1,
315818e1,REMOVED,29155,,Zha16_no_2_tors,,315818.e1,
315827c1,REMOVED,29157,,Zha16_no_2_tors,,315827.c1,
316029a1,REMOVED,29165,,Zha16_no_2_tors,,316029.a2,
316510b1,REMOVED,29196,,Zha16_no_2_tors,,316510.b2,
316678a1,REMOVED,29206,,Zha16_no_2_tors,,316678.a1,
317006a1,REMOVED,29221,,Zha16_no_2_tors,,317006.a1,
317086f1,REMOVED,29236,,Zha16_no_2_tors,,317086.f1,
317174l1,REMOVED,29245,,Zha16_no_2_tors,,317174.l1,
317206d1,REMOVED,29248,,Zha16_no_2_tors,,317206.d1,
317555b1,REMOVED,29274,,Zha16_no_2_tors,,317555.b1,
317630b1,REMOVED,29280,,Zha16_no_2_tors,,317630.b2,
317699a1,REMOVED,29282,,Zha16_no_2_tors,,317699.a1,
317906e1,REMOVED,29303,,Zha16_no_2_tors,,317906.e1,
317914b1,REMOVED,29304,,Zha16_no_2_tors,,317914.b1,
317926e1,REMOVED,29305,,Zha16_no_2_tors,,317926.e1,
318238a1,REMOVED,29326,,Zha16_no_2_tors,,318238.a1,
318437a1,REMOVED,29341,,Zha16_no_2_tors,,318437.a1,
318449b1,REMOVED,29343,,Zha16_no_2_tors,,318449.b1,
318707c1,REMOVED,29371,,Zha16_no_2_tors,,318707.c1,
318770c1,REMOVED,29376,,Zha16_no_2_tors,,318770.c1,
318830a1,REMOVED,29378,,Zha16_no_2_tors,,318830.a1,
318995a1,REMOVED,29391,,Zha16_no_2_tors,,318995.a1,
319154f1,REMOVED,29402,,Zha16_no_2_tors,,319154.f1,
319285a1,REMOVED,29407,,Zha16_no_2_tors,,319285.a1,
319330f1,REMOVED,29411,,Zha16_no_2_tors,,319330.f1,
319370b1,REMOVED,29413,,Zha16_no_2_tors,,319370.b2,
319574a1,REMOVED,29429,,Zha16_no_2_tors,,319574.a1,
319718d1,REMOVED,29437,,Zha16_no_2_tors,,319718.d2,
319915a1,REMOVED,29444,,Zha16_no_2_tors,,319915.a2,
319918a1,REMOVED,29445,,Zha16_no_2_tors,,319918.a1,
319978a1,REMOVED,29451,,Zha16_no_2_tors,,319978.a1,
320005c1,REMOVED,29453,,Zha16_no_2_tors,,320005.c2,
320054b1,REMOVED,29462,,Zha16_no_2_tors,,320054.b2,
320222h1,REMOVED,29473,,Zha16_no_2_tors,,320222.h1,
320474a1,REMOVED,29485,,Zha16_no_2_tors,,320474.a1,
320642e1,REMOVED,29497,,Zha16_no_2_tors,,320642.e1,
320662h1,REMOVED,29500,,Zha16_no_2_tors,,320662.h1,
320723a1,REMOVED,29507,,Zha16_no_2_tors,,320723.a1,
320849c1,REMOVED,29512,,Zha16_no_2_tors,,320849.c1,
320978f1,REMOVED,29519,,Zha16_no_2_tors,,320978.f1,
321049a1,REMOVED,29524,,Zha16_no_2_tors,,321049.a1,
321218a1,REMOVED,29535,,Zha16_no_2_tors,,321218.a2,
321362a1,REMOVED,29542,,Zha16_no_2_tors,,321362.a1,
321398d1,REMOVED,29544,,Zha16_no_2_tors,,321398.d1,
321422a1,REMOVED,29548,,Zha16_no_2_tors,,321422.a1,
321470l1,REMOVED,29551,,Zha16_no_2_tors,,321470.l2,
321530a1,REMOVED,29557,,Zha16_no_2_tors,,321530.a1,
321530p1,REMOVED,29560,,Zha16_no_2_tors,,321530.p1,
321745a1,REMOVED,29573,,Zha16_no_2_tors,,321745.a1,
322430c1,REMOVED,29621,,Zha16_no_2_tors,,322430.c1,
322498b1,REMOVED,29629,,Zha16_no_2_tors,,322498.b1,
322811a1,REMOVED,29651,,Zha16_no_2_tors,,322811.a1,
322958a1,REMOVED,29660,,Zha16_no_2_tors,,322958.a1,
323074b1,REMOVED,29662,,Zha16_no_2_tors,,323074.b1,
323147a1,REMOVED,29666,,Zha16_no_2_tors,,323147.a1,
323170a1,REMOVED,29668,,Zha16_no_2_tors,,323170.a2,
323270a1,REMOVED,29681,,Zha16_no_2_tors,,323270.a1,
323270b1,REMOVED,29682,,Zha16_no_2_tors,,323270.b1,
323282a1,REMOVED,29684,,Zha16_no_2_tors,,323282.a1,
323642a1,REMOVED,29704,,Zha16_no_2_tors,,323642.a1,
323771a1,REMOVED,29713,,Zha16_no_2_tors,,323771.a3,
324085a1,REMOVED,29731,,Zha16_no_2_tors,,324085.a1,
324095a1,REMOVED,29734,,Zha16_no_2_tors,,324095.a1,
324434a1,REMOVED,29752,,Zha16_no_2_tors,,324434.a2,
324445b1,REMOVED,29756,,Zha16_no_2_tors,,324445.b1,
324782a1,REMOVED,29775,,Zha16_no_2_tors,,324782.a1,
324938b1,REMOVED,29790,,Zha16_no_2_tors,,324938.b2,
325154a1,REMOVED,29809,,Zha16_no_2_tors,,325154.a1,
325214a1,REMOVED,29817,,Zha16_no_2_tors,,325214.a2,
325402d1,REMOVED,29835,,Zha16_no_2_tors,,325402.d1,
325810c1,REMOVED,29855,,Zha16_no_2_tors,,325810.c1,
325838c1,REMOVED,29856,,Zha16_no_2_tors,,325838.c2,
325955b1,REMOVED,29864,,Zha16_no_2_tors,,325955.b1,
326054a1,REMOVED,29870,,Zha16_no_2_tors,,326054.a1,
326365c1,REMOVED,29895,,Zha16_no_2_tors,,326365.c1,
326402a1,REMOVED,29896,,Zha16_no_2_tors,,326402.a2,
326462c1,REMOVED,29900,,Zha16_no_2_tors,,326462.c1,
326531a1,REMOVED,29905,,Zha16_no_2_tors,,326531.a1,
326590c1,REMOVED,29910,,Zha16_no_2_tors,,326590.c2,
326806a1,REMOVED,29925,,Zha16_no_2_tors,,326806.a1,
326965b1,REMOVED,29931,,Zha16_no_2_tors,,326965.b1,
326978a1,REMOVED,29932,,Zha16_no_2_tors,,326978.a1,
327097d1,REMOVED,29939,,Zha16_no_2_tors,,327097.d1,
327107a1,REMOVED,29942,,Zha16_no_2_tors,,327107.a1,
327238d1,REMOVED,29944,,Zha16_no_2_tors,,327238.d1,
327358a1,REMOVED,29952,,Zha16_no_2_tors,,327358.a1,
327631b1,REMOVED,29971,,Zha16_no_2_tors,,327631.b1,
327635e1,REMOVED,29973,,Zha16_no_2_tors,,327635.e1,
327746c1,REMOVED,29981,,Zha16_no_2_tors,,327746.c1,
327866b1,REMOVED,29986,,Zha16_no_2_tors,,327866.b1,
328486f1,REMOVED,30021,,Zha16_no_2_tors,,328486.f1,
328547c1,REMOVED,30024,,Zha16_no_2_tors,,328547.c1,
329794c1,REMOVED,30101,,Zha16_no_2_tors,,329794.c1,
329987d1,REMOVED,30120,,Zha16_no_2_tors,,329987.d1,
330299c1,REMOVED,30143,,Zha16_no_2_tors,,330299.c1,
330434e1,REMOVED,30153,,Zha16_no_2_tors,,330434.e1,
330638a1,REMOVED,30166,,Zha16_no_2_tors,,330638.a1,
330638d1,REMOVED,30167,,Zha16_no_2_tors,,330638.d2,
330638h1,REMOVED,30169,,Zha16_no_2_tors,,330638.h1,
330638m1,REMOVED,30170,,Zha16_no_2_tors,,330638.m1,
330682b1,REMOVED,30172,,Zha16_no_2_tors,,330682.b2,
330803c1,REMOVED,30178,,Zha16_no_2_tors,,330803.c1,
330806a1,REMOVED,30179,,Zha16_no_2_tors,,330806.a1,
330890d1,REMOVED,30181,,Zha16_no_2_tors,,330890.d1,
330986b1,REMOVED,30187,,Zha16_no_2_tors,,330986.b1,
331058f1,REMOVED,30189,,Zha16_no_2_tors,,331058.f1,
331117a1,REMOVED,30192,,Zha16_no_2_tors,,331117.a1,
331246a1,REMOVED,30196,,Zha16_no_2_tors,,331246.a1,
331310k1,REMOVED,30203,,Zha16_no_2_tors,,331310.k1,
331453a1,REMOVED,30209,,Zha16_no_2_tors,,331453.a1,
331630a1,REMOVED,30216,,Zha16_no_2_tors,,331630.a1,
331669a1,REMOVED,30220,,Zha16_no_2_tors,,331669.a1,
331835d1,REMOVED,30225,,Zha16_no_2_tors,,331835.d1,
331870a1,REMOVED,30228,,Zha16_no_2_tors,,331870.a1,
332018a1,REMOVED,30239,,Zha16_no_2_tors,,332018.a1,
332066k1,REMOVED,30248,,Zha16_no_2_tors,,332066.k1,
332606b1,REMOVED,30286,,Zha16_no_2_tors,,332606.b1,
332630e1,REMOVED,30290,,Zha16_no_2_tors,,332630.e1,
332630k1,REMOVED,30292,,Zha16_no_2_tors,,332630.k2,
332642c1,REMOVED,30294,,Zha16_no_2_tors,,332642.c2,
332969a1,REMOVED,30309,,Zha16_no_2_tors,,332969.a1,
332990h1,REMOVED,30312,,Zha16_no_2_tors,,332990.h1,
333146c1,REMOVED,30322,,Zha16_no_2_tors,,333146.c2,
333182e1,REMOVED,30325,,Zha16_no_2_tors,,333182.e1,
333230b1,REMOVED,30328,,Zha16_no_2_tors,,333230.b1,
333371a1,REMOVED,30336,,Zha16_no_2_tors,,333371.a2,
333610a1,REMOVED,30350,,Zha16_no_2_tors,,333610.a1,
333995a1,REMOVED,30373,,Zha16_no_2_tors,,333995.a2,
334115a1,REMOVED,30379,,Zha16_no_2_tors,,334115.a1,
334222b1,REMOVED,30395,,Zha16_no_2_tors,,334222.b1,
334478b1,REMOVED,30408,,Zha16_no_2_tors,,334478.b1,
335030b1,REMOVED,30432,,Zha16_no_2_tors,,335030.b1,
335110c1,REMOVED,30439,,Zha16_no_2_tors,,335110.c1,
335413a1,REMOVED,30459,,Zha16_no_2_tors,,335413.a1,
335422a1,REMOVED,30460,,Zha16_no_2_tors,,335422.a1,
335447a1,REMOVED,30465,,Zha16_no_2_tors,,335447.a1,
335513a1,REMOVED,30469,,Zha16_no_2_tors,,335513.a1,
335657a1,REMOVED,30479,,Zha16_no_2_tors,,335657.a1,
335938c1,REMOVED,30502,,Zha16_no_2_tors,,335938.c1,
336154e1,REMOVED,30510,,Zha16_no_2_tors,,336154.e2,
336514c1,REMOVED,30528,,Zha16_no_2_tors,,336514.c1,
336673c1,REMOVED,30538,,Zha16_no_2_tors,,336673.c1,
336709a1,REMOVED,30540,,Zha16_no_2_tors,,336709.a1,
336971a1,REMOVED,30554,,Zha16_no_2_tors,,336971.a1,
336995a1,REMOVED,30555,,Zha16_no_2_tors,,336995.a1,
337141a1,REMOVED,30562,,Zha16_no_2_tors,,337141.a1,
337430a1,REMOVED,30583,,Zha16_no_2_tors,,337430.a1,
337441a1,REMOVED,30586,,Zha16_no_2_tors,,337441.a1,
337514d1,REMOVED,30591,,Zha16_no_2_tors,,337514.d1,
337573c1,REMOVED,30596,,Zha16_no_2_tors,,337573.c1,
337811a1,REMOVED,30615,,Zha16_no_2_tors,,337811.a2,
337870a1,REMOVED,30622,,Zha16_no_2_tors,,337870.a1,
337922a1,REMOVED,30626,,Zha16_no_2_tors,,337922.a1,
338011a1,REMOVED,30635,,Zha16_no_2_tors,,338011.a1,
338470c1,REMOVED,30652,,Zha16_no_2_tors,,338470.c2,
338509e1,REMOVED,30654,,Zha16_no_2_tors,,338509.e1,
338662a1,REMOVED,30667,,Zha16_no_2_tors,,338662.a1,
338945a1,REMOVED,30683,,Zha16_no_2_tors,,338945.a1,
339226a1,REMOVED,30712,,Zha16_no_2_tors,,339226.a1,
339569b1,REMOVED,30738,,Zha16_no_2_tors,,339569.b1,
339598a1,REMOVED,30741,,Zha16_no_2_tors,,339598.a1,
339878a1,REMOVED,30761,,Zha16_no_2_tors,,339878.a1,
339890a1,REMOVED,30762,,Zha16_no_2_tors,,339890.a2,
340270f1,REMOVED,30792,,Zha16_no_2_tors,,340270.f1,
340390e1,REMOVED,30801,,Zha16_no_2_tors,,340390.e1,
340562b1,REMOVED,30808,,Zha16_no_2_tors,,340562.b1,
340667d1,REMOVED,30820,,Zha16_no_2_tors,,340667.d1,
341110l1,REMOVED,30853,,Zha16_no_2_tors,,341110.l1,
341297a1,REMOVED,30864,,Zha16_no_2_tors,,341297.a1,
341297b1,REMOVED,30865,,Zha16_no_2_tors,,341297.b1,
341558b1,REMOVED,30875,,Zha16_no_2_tors,,341558.b1,
341642a1,REMOVED,30881,,Zha16_no_2_tors,,341642.a1,
341822c1,REMOVED,30898,,Zha16_no_2_tors,,341822.c1,
342146a1,REMOVED,30921,,Zha16_no_2_tors,,342146.a1,
342470b1,REMOVED,30942,,Zha16_no_2_tors,,342470.b1,
342566a1,REMOVED,30946,,Zha16_no_2_tors,,342566.a1,
342586a1,REMOVED,30951,,Zha16_no_2_tors,,342586.a1,
342830a1,REMOVED,30967,,Zha16_no_2_tors,,342830.a1,
343027e1,REMOVED,30981,,Zha16_no_2_tors,,343027.e1,
343154a1,REMOVED,30987,,Zha16_no_2_tors,,343154.a2,
343214b1,REMOVED,30994,,Zha16_no_2_tors,,343214.b1,
343286a1,REMOVED,31004,,Zha16_no_2_tors,,343286.a1,
343370b1,REMOVED,31014,,Zha16_no_2_tors,,343370.b2,
343691c1,REMOVED,31027,,Zha16_no_2_tors,,343691.c1,
343859a1,REMOVED,31045,,Zha16_no_2_tors,,343859.a2,
343978g1,REMOVED,31053,,Zha16_no_2_tors,,343978.g1,
344002b1,REMOVED,31055,,Zha16_no_2_tors,,344002.b1,
344030a1,REMOVED,31056,,Zha16_no_2_tors,,344030.a1,
344123a1,REMOVED,31061,,Zha16_no_2_tors,,344123.a1,
344195a1,REMOVED,31067,,Zha16_no_2_tors,,344195.a1,
344266a1,REMOVED,31071,,Zha16_no_2_tors,,344266.a1,
344659c1,REMOVED,31098,,Zha16_no_2_tors,,344659.c1,
344699a1,REMOVED,31106,,Zha16_no_2_tors,,344699.a1,
344998c1,REMOVED,31123,,Zha16_no_2_tors,,344998.c1,
345230b1,REMOVED,31133,,Zha16_no_2_tors,,345230.b2,
345299a1,REMOVED,31139,,Zha16_no_2_tors,,345299.a1,
345419b1,REMOVED,31146,,Zha16_no_2_tors,,345419.b1,
345590c1,REMOVED,31153,,Zha16_no_2_tors,,345590.c1,
345590n1,REMOVED,31154,,Zha16_no_2_tors,,345590.n1,
346486b1,REMOVED,31210,,Zha16_no_2_tors,,346486.b1,
346731e1,REMOVED,31223,,Zha16_no_2_tors,,346731.e2,
346922a1,REMOVED,31236,,Zha16_no_2_tors,,346922.a1,
346955b1,REMOVED,31245,,Zha16_no_2_tors,,346955.b1,
347326b1,REMOVED,31260,,Zha16_no_2_tors,,347326.b1,
347630a1,REMOVED,31284,,Zha16_no_2_tors,,347630.a1,
347930a1,REMOVED,31301,,Zha16_no_2_tors,,347930.a1,
348110b1,REMOVED,31315,,Zha16_no_2_tors,,348110.b2,
348157b1,REMOVED,31319,,Zha16_no_2_tors,,348157.b2,
348274d1,REMOVED,31329,,Zha16_no_2_tors,,348274.d1,
348301b1,REMOVED,31330,,Zha16_no_2_tors,,348301.b1,
348370f1,REMOVED,31339,,Zha16_no_2_tors,,348370.f1,
348418d1,REMOVED,31345,,Zha16_no_2_tors,,348418.d1,
348502b1,REMOVED,31348,,Zha16_no_2_tors,,348502.b1,
348502l1,REMOVED,31350,,Zha16_no_2_tors,,348502.l1,
348535b1,REMOVED,31353,,Zha16_no_2_tors,,348535.b1,
348986a1,REMOVED,31389,,Zha16_no_2_tors,,348986.a1,
349195a1,REMOVED,31400,,Zha16_no_2_tors,,349195.a2,
349622a1,REMOVED,31423,,Zha16_no_2_tors,,349622.a1,
349706a1,REMOVED,31430,,Zha16_no_2_tors,,349706.a1,
349918c1,REMOVED,31447,,Zha16_no_2_tors,,349918.c1,
349982a1,REMOVED,31451,,Zha16_no_2_tors,,349982.a1,
350051a1,REMOVED,31456,,Zha16_no_2_tors,,350051.a1,
350366b1,REMOVED,31478,,Zha16_no_2_tors,,350366.b1,
350402a1,REMOVED,31484,,Zha16_no_2_tors,,350402.a1,
350426a1,REMOVED,31488,,Zha16_no_2_tors,,350426.a2,
351206a1,REMOVED,31536,,Zha16_no_2_tors,,351206.a1,
351395a1,REMOVED,31541,,Zha16_no_2_tors,,351395.a1,
351554b1,REMOVED,31553,,Zha16_no_2_tors,,351554.b1,
352351b1,REMOVED,31599,,Zha16_no_2_tors,,352351.b1,
352454a1,REMOVED,31602,,Zha16_no_2_tors,,352454.a1,
352510a1,REMOVED,31604,,Zha16_no_2_tors,,352510.a1,
352513a1,REMOVED,31605,,Zha16_no_2_tors,,352513.a1,
353030i1,REMOVED,31636,,Zha16_no_2_tors,,353030.i1,
353086a1,REMOVED,31638,,Zha16_no_2_tors,,353086.a1,
353231a1,REMOVED,31649,,Zha16_no_2_tors,,353231.a1,
353242b1,REMOVED,31653,,Zha16_no_2_tors,,353242.b2,
353258a1,REMOVED,31654,,Zha16_no_2_tors,,353258.a1,
353366a1,REMOVED,31659,,Zha16_no_2_tors,,353366.a1,
353555a1,REMOVED,31668,,Zha16_no_2_tors,,353555.a1,
353758a1,REMOVED,31687,,Zha16_no_2_tors,,353758.a2,
353830c1,REMOVED,31692,,Zha16_no_2_tors,,353830.c1,
353945a1,REMOVED,31698,,Zha16_no_2_tors,,353945.a1,
353990l1,REMOVED,31703,,Zha16_no_2_tors,,353990.l2,
354034a1,REMOVED,31709,,Zha16_no_2_tors,,354034.a1,
354133b1,REMOVED,31715,,Zha16_no_2_tors,,354133.b1,
354277d1,REMOVED,31724,,Zha16_no_2_tors,,354277.d1,
355094a1,REMOVED,31758,,Zha16_no_2_tors,,355094.a1,
355154a1,REMOVED,31768,,Zha16_no_2_tors,,355154.a2,
355426a1,REMOVED,31784,,Zha16_no_2_tors,,355426.a2,
355510b1,REMOVED,31789,,Zha16_no_2_tors,,355510.b2,
355606c1,REMOVED,31795,,Zha16_no_2_tors,,355606.c1,
355754a1,REMOVED,31802,,Zha16_no_2_tors,,355754.a1,
355762b1,REMOVED,31803,,Zha16_no_2_tors,,355762.b1,
356035b1,REMOVED,31824,,Zha16_no_2_tors,,356035.b1,
356066a1,REMOVED,31826,,Zha16_no_2_tors,,356066.a1,
356317a1,REMOVED,31835,,Zha16_no_2_tors,,356317.a1,
356510y1,REMOVED,31844,,Zha16_no_2_tors,,356510.y1,
356585b1,REMOVED,31849,,Zha16_no_2_tors,,356585.b1,
356618c1,REMOVED,31852,,Zha16_no_2_tors,,356618.c2,
357011c1,REMOVED,31871,,Zha16_no_2_tors,,357011.c1,
357299a1,REMOVED,31891,,Zha16_no_2_tors,,357299.a2,
357371e1,REMOVED,31896,,Zha16_no_2_tors,,357371.e1,
357826b1,REMOVED,31918,,Zha16_no_2_tors,,357826.b2,
357866a1,REMOVED,31925,,Zha16_no_2_tors,,357866.a1,
357938a1,REMOVED,31929,,Zha16_no_2_tors,,357938.a1,
357995c1,REMOVED,31931,,Zha16_no_2_tors,,357995.c1,
358130e1,REMOVED,31943,,Zha16_no_2_tors,,358130.e1,
358234b1,REMOVED,31951,,Zha16_no_2_tors,,358234.b1,
358466a1,REMOVED,31963,,Zha16_no_2_tors,,358466.a1,
358514a1,REMOVED,31966,,Zha16_no_2_tors,,358514.a1,
358577a1,REMOVED,31969,,Zha16_no_2_tors,,358577.a1,
358658a1,REMOVED,31972,,Zha16_no_2_tors,,358658.a1,
358883b1,REMOVED,31993,,Zha16_no_2_tors,,358883.b1,
359326d1,REMOVED,32033,,Zha16_no_2_tors,,359326.d1,
359387a1,REMOVED,32037,,Zha16_no_2_tors,,359387.a1,
359714c1,REMOVED,32060,,Zha16_no_2_tors,,359714.c2,
359795a1,REMOVED,32066,,Zha16_no_2_tors,,359795.a1,
359813a1,REMOVED,32067,,Zha16_no_2_tors,,359813.a2,
359855a1,REMOVED,32068,,Zha16_no_2_tors,,359855.a1,
359855b1,REMOVED,32069,,Zha16_no_2_tors,,359855.b1,
359986b1,REMOVED,32074,,Zha16_no_2_tors,,359986.b1,
360022b1,REMOVED,32078,,Zha16_no_2_tors,,360022.b2,
360314b1,REMOVED,32099,,Zha16_no_2_tors,,360314.b2,
360349b1,REMOVED,32103,,Zha16_no_2_tors,,360349.b1,
360398b1,REMOVED,32109,,Zha16_no_2_tors,,360398.b1,
360578a1,REMOVED,32127,,Zha16_no_2_tors,,360578.a1,
360854c1,REMOVED,32151,,Zha16_no_2_tors,,360854.c2,
361214a1,REMOVED,32166,,Zha16_no_2_tors,,361214.a1,
361369b1,REMOVED,32185,,Zha16_no_2_tors,,361369.b1,
361369c1,REMOVED,32186,,Zha16_no_2_tors,,361369.c1,
361690b1,REMOVED,32207,,Zha16_no_2_tors,,361690.b1,
361802b1,REMOVED,32211,,Zha16_no_2_tors,,361802.b2,
361966b1,REMOVED,32221,,Zha16_no_2_tors,,361966.b1,
362030b1,REMOVED,32226,,Zha16_no_2_tors,,362030.b1,
362270c1,REMOVED,32238,,Zha16_no_2_tors,,362270.c1,
362411a1,REMOVED,32244,,Zha16_no_2_tors,,362411.a1,
362594a1,REMOVED,32257,,Zha16_no_2_tors,,362594.a1,
362654a1,REMOVED,32260,,Zha16_no_2_tors,,362654.a2,
362986a1,REMOVED,32284,,Zha16_no_2_tors,,362986.a2,
363011a1,REMOVED,32287,,Zha16_no_2_tors,,363011.a2,
363070a1,REMOVED,32294,,Zha16_no_2_tors,,363070.a1,
363290b1,REMOVED,32307,,Zha16_no_2_tors,,363290.b1,
363370n1,REMOVED,32314,,Zha16_no_2_tors,,363370.n1,
363467a1,REMOVED,32325,,Zha16_no_2_tors,,363467.a1,
363662a1,REMOVED,32334,,Zha16_no_2_tors,,363662.a1,
363686c1,REMOVED,32336,,Zha16_no_2_tors,,363686.c1,
363715c1,REMOVED,32337,,Zha16_no_2_tors,,363715.c1,
364126d1,REMOVED,32368,,Zha16_no_2_tors,,364126.d2,
364202a1,REMOVED,32372,,Zha16_no_2_tors,,364202.a1,
364394a1,REMOVED,32377,,Zha16_no_2_tors,,364394.a2,
364435b1,REMOVED,32381,,Zha16_no_2_tors,,364435.b1,
364562b1,REMOVED,32384,,Zha16_no_2_tors,,364562.b1,
364726a1,REMOVED,32393,,Zha16_no_2_tors,,364726.a1,
365118s1,REMOVED,32417,,Zha16_no_2_tors,,365118.s2,
365135a1,REMOVED,32419,,Zha16_no_2_tors,,365135.a1,
365237a1,REMOVED,32424,,Zha16_no_2_tors,,365237.a1,
365258a1,REMOVED,32425,,Zha16_no_2_tors,,365258.a1,
365330i1,REMOVED,32427,,Zha16_no_2_tors,,365330.i1,
365365k1,REMOVED,32435,,Zha16_no_2_tors,,365365.k1,
365410c1,REMOVED,32439,,Zha16_no_2_tors,,365410.c1,
365510c1,REMOVED,32446,,Zha16_no_2_tors,,365510.c1,
365755b1,REMOVED,32463,,Zha16_no_2_tors,,365755.b2,
365870a1,REMOVED,32469,,Zha16_no_2_tors,,365870.a1,
366014b1,REMOVED,32486,,Zha16_no_2_tors,,366014.b1,
366155a1,REMOVED,32495,,Zha16_no_2_tors,,366155.a1,
366278b1,REMOVED,32501,,Zha16_no_2_tors,,366278.b1,
366302a1,REMOVED,32502,,Zha16_no_2_tors,,366302.a1,
366371a1,REMOVED,32506,,Zha16_no_2_tors,,366371.a1,
366598b1,REMOVED,32517,,Zha16_no_2_tors,,366598.b1,
367094f1,REMOVED,32555,,Zha16_no_2_tors,,367094.f1,
367286b1,REMOVED,32568,,Zha16_no_2_tors,,367286.b1,
367754a1,REMOVED,32607,,Zha16_no_2_tors,,367754.a1,
367787b1,REMOVED,32609,,Zha16_no_2_tors,,367787.b1,
368074c1,REMOVED,32626,,Zha16_no_2_tors,,368074.c2,
368561a1,REMOVED,32658,,Zha16_no_2_tors,,368561.a1,
368635a1,REMOVED,32664,,Zha16_no_2_tors,,368635.a2,
368735b1,REMOVED,32666,,Zha16_no_2_tors,,368735.b1,
368990a1,REMOVED,32683,,Zha16_no_2_tors,,368990.a1,
369230b1,REMOVED,32697,,Zha16_no_2_tors,,369230.b1,
369397a1,REMOVED,32701,,Zha16_no_2_tors,,369397.a1,
369445a1,REMOVED,32704,,Zha16_no_2_tors,,369445.a1,
369763b1,REMOVED,32722,,Zha16_no_2_tors,,369763.b2,
369815b1,REMOVED,32730,,Zha16_no_2_tors,,369815.b1,
370022a1,REMOVED,32759,,Zha16_no_2_tors,,370022.a1,
370070a1,REMOVED,32761,,Zha16_no_2_tors,,370070.a1,
370727a1,REMOVED,32806,,Zha16_no_2_tors,,370727.a1,
370810b1,REMOVED,32816,,Zha16_no_2_tors,,370810.b1,
370874c1,REMOVED,32818,,Zha16_no_2_tors,,370874.c2,
371162b1,REMOVED,32837,,Zha16_no_2_tors,,371162.b1,
371195f1,REMOVED,32840,,Zha16_no_2_tors,,371195.f1,
371602i1,REMOVED,32864,,Zha16_no_2_tors,,371602.i1,
371602k1,REMOVED,32865,,Zha16_no_2_tors,,371602.k2,
371786a1,REMOVED,32871,,Zha16_no_2_tors,,371786.a1,
371918a1,REMOVED,32877,,Zha16_no_2_tors,,371918.a1,
372071a1,REMOVED,32890,,Zha16_no_2_tors,,372071.a1,
372610d1,REMOVED,32931,,Zha16_no_2_tors,,372610.d2,
372770a1,REMOVED,32936,,Zha16_no_2_tors,,372770.a1,
372851a1,REMOVED,32939,,Zha16_no_2_tors,,372851.a1,
372886d1,REMOVED,32944,,Zha16_no_2_tors,,372886.d1,
373054a1,REMOVED,32951,,Zha16_no_2_tors,,373054.a1,
373286a1,REMOVED,32965,,Zha16_no_2_tors,,373286.a1,
373354b1,REMOVED,32978,,Zha16_no_2_tors,,373354.b1,
373427a1,REMOVED,32984,,Zha16_no_2_tors,,373427.a1,
373510f1,REMOVED,32989,,Zha16_no_2_tors,,373510.f1,
373658b1,REMOVED,32998,,Zha16_no_2_tors,,373658.b1,
373751b1,REMOVED,33005,,Zha16_no_2_tors,,373751.b1,
373795a1,REMOVED,33008,,Zha16_no_2_tors,,373795.a1,
373958a1,REMOVED,33022,,Zha16_no_2_tors,,373958.a1,
374021a1,REMOVED,33030,,Zha16_no_2_tors,,374021.a1,
374138a1,REMOVED,33039,,Zha16_no_2_tors,,374138.a1,
374315b1,REMOVED,33048,,Zha16_no_2_tors,,374315.b1,
374371a1,REMOVED,33050,,Zha16_no_2_tors,,374371.a1,
374462a1,REMOVED,33054,,Zha16_no_2_tors,,374462.a1,
374731e1,REMOVED,33068,,Zha16_no_2_tors,,374731.e2,
374734a1,REMOVED,33069,,Zha16_no_2_tors,,374734.a1,
374869b1,REMOVED,33076,,Zha16_no_2_tors,,374869.b1,
374946bc1,REMOVED,33084,,Zha16_no_2_tors,,374946.bc1,
375166b1,REMOVED,33097,,Zha16_no_2_tors,,375166.b1,
375445b1,REMOVED,33113,,Zha16_no_2_tors,,375445.b1,
375746a1,REMOVED,33125,,Zha16_no_2_tors,,375746.a1,
376066a1,REMOVED,33149,,Zha16_no_2_tors,,376066.a1,
376163a1,REMOVED,33160,,Zha16_no_2_tors,,376163.a1,
376211a1,REMOVED,33167,,Zha16_no_2_tors,,376211.a1,
376670d1,REMOVED,33190,,Zha16_no_2_tors,,376670.d1,
376981c1,REMOVED,33208,,Zha16_no_2_tors,,376981.c1,
377009b1,REMOVED,33213,,Zha16_no_2_tors,,377009.b1,
377222a1,REMOVED,33222,,Zha16_no_2_tors,,377222.a1,
377266a1,REMOVED,33228,,Zha16_no_2_tors,,377266.a1,
377629a1,REMOVED,33242,,Zha16_no_2_tors,,377629.a1,
378233b1,REMOVED,33259,,Zha16_no_2_tors,,378233.b1,
378365b1,REMOVED,33271,,Zha16_no_2_tors,,378365.b1,
378994a1,REMOVED,33309,,Zha16_no_2_tors,,378994.a1,
379118a1,REMOVED,33320,,Zha16_no_2_tors,,379118.a1,
379310e1,REMOVED,33328,,Zha16_no_2_tors,,379310.e2,
379338f1,REMOVED,33330,,Zha16_no_2_tors,,379338.f1,
379406a1,REMOVED,33333,,Zha16_no_2_tors,,379406.a1,
379546d1,REMOVED,33341,,Zha16_no_2_tors,,379546.d1,
379715e1,REMOVED,33351,,Zha16_no_2_tors,,379715.e2,
379715g1,REMOVED,33352,,Zha16_no_2_tors,,379715.g1,
379753d1,REMOVED,33355,,Zha16_no_2_tors,,379753.d1,
379910c1,REMOVED,33363,,Zha16_no_2_tors,,379910.c1,
379943a1,REMOVED,33365,,Zha16_no_2_tors,,379943.a1,
379958a1,REMOVED,33367,,Zha16_no_2_tors,,379958.a1,
380315a1,REMOVED,33391,,Zha16_no_2_tors,,380315.a1,
380378b1,REMOVED,33398,,Zha16_no_2_tors,,380378.b1,
380570b1,REMOVED,33415,,Zha16_no_2_tors,,380570.b1,
380653e1,REMOVED,33423,,Zha16_no_2_tors,,380653.e1,
380914i1,REMOVED,33442,,Zha16_no_2_tors,,380914.i1,
380987b1,REMOVED,33448,,Zha16_no_2_tors,,380987.b1,
381203b1,REMOVED,33453,,Zha16_no_2_tors,,381203.b1,
381342j1,REMOVED,33463,,Zha16_no_2_tors,,381342.j1,
381698a1,REMOVED,33487,,Zha16_no_2_tors,,381698.a1,
381830a1,REMOVED,33498,,Zha16_no_2_tors,,381830.a2,
381922a1,REMOVED,33506,,Zha16_no_2_tors,,381922.a1,
382070a1,REMOVED,33513,,Zha16_no_2_tors,,382070.a1,
383026f1,REMOVED,33579,,Zha16_no_2_tors,,383026.f1,
383054a1,REMOVED,33582,,Zha16_no_2_tors,,383054.a1,
383110i1,REMOVED,33585,,Zha16_no_2_tors,,383110.i1,
383206c1,REMOVED,33595,,Zha16_no_2_tors,,383206.c1,
383410b1,REMOVED,33601,,Zha16_no_2_tors,,383410.b1,
383509a1,REMOVED,33607,,Zha16_no_2_tors,,383509.a1,
383579b1,REMOVED,33612,,Zha16_no_2_tors,,383579.b1,
383762a1,REMOVED,33620,,Zha16_no_2_tors,,383762.a1,
383782g1,REMOVED,33623,,Zha16_no_2_tors,,383782.g2,
383834a1,REMOVED,33624,,Zha16_no_2_tors,,383834.a1,
383990g1,REMOVED,33631,,Zha16_no_2_tors,,383990.g1,
384334c1,REMOVED,33653,,Zha16_no_2_tors,,384334.c1,
384395a1,REMOVED,33657,,Zha16_no_2_tors,,384395.a1,
385226a1,REMOVED,33687,,Zha16_no_2_tors,,385226.a1,
385283b1,REMOVED,33691,,Zha16_no_2_tors,,385283.b1,
386099b1,REMOVED,33730,,Zha16_no_2_tors,,386099.b1,
386123a1,REMOVED,33734,,Zha16_no_2_tors,,386123.a1,
386206a1,REMOVED,33740,,Zha16_no_2_tors,,386206.a1,
386254b1,REMOVED,33746,,Zha16_no_2_tors,,386254.b2,
386558a1,REMOVED,33761,,Zha16_no_2_tors,,386558.a2,
386635a1,REMOVED,33765,,Zha16_no_2_tors,,386635.a2,
386657b1,REMOVED,33767,,Zha16_no_2_tors,,386657.b1,
387290a1,REMOVED,33813,,Zha16_no_2_tors,,387290.a1,
387299a1,REMOVED,33814,,Zha16_no_2_tors,,387299.a1,
387302a1,REMOVED,33815,,Zha16_no_2_tors,,387302.a1,
387310a1,REMOVED,33816,,Zha16_no_2_tors,,387310.a1,
387310n1,REMOVED,33817,,Zha16_no_2_tors,,387310.n2,
387533a1,REMOVED,33835,,Zha16_no_2_tors,,387533.a2,
387755a1,REMOVED,33850,,Zha16_no_2_tors,,387755.a1,
387827a1,REMOVED,33855,,Zha16_no_2_tors,,387827.a1,
387899a1,REMOVED,33860,,Zha16_no_2_tors,,387899.a1,
387901a1,REMOVED,33861,,Zha16_no_2_tors,,387901.a1,
387998a1,REMOVED,33866,,Zha16_no_2_tors,,387998.a2,
388045d1,REMOVED,33868,,Zha16_no_2_tors,,388045.d1,
388078b1,REMOVED,33871,,Zha16_no_2_tors,,388078.b1,
388366g1,REMOVED,33891,,Zha16_no_2_tors,,388366.g1,
388430a1,REMOVED,33895,,Zha16_no_2_tors,,388430.a1,
388585c1,REMOVED,33914,,Zha16_no_2_tors,,388585.c1,
388634d1,REMOVED,33918,,Zha16_no_2_tors,,388634.d1,
388762g1,REMOVED,33925,,Zha16_no_2_tors,,388762.g1,
388990f1,REMOVED,33942,,Zha16_no_2_tors,,388990.f1,
389062b1,REMOVED,33950,,Zha16_no_2_tors,,389062.b1,
389170d1,REMOVED,33956,,Zha16_no_2_tors,,389170.d1,
389377a1,REMOVED,33974,,Zha16_no_2_tors,,389377.a1,
389546a1,REMOVED,33981,,Zha16_no_2_tors,,389546.a2,
389593b1,REMOVED,33987,,Zha16_no_2_tors,,389593.b1,
389926a1,REMOVED,34003,,Zha16_no_2_tors,,389926.a1,
390065i1,REMOVED,34015,,Zha16_no_2_tors,,390065.i1,
390218a1,REMOVED,34027,,Zha16_no_2_tors,,390218.a1,
390790e1,REMOVED,34067,,Zha16_no_2_tors,,390790.e2,
390874c1,REMOVED,34071,,Zha16_no_2_tors,,390874.c1,
391034m1,REMOVED,34078,,Zha16_no_2_tors,,391034.m1,
391237a1,REMOVED,34085,,Zha16_no_2_tors,,391237.a2,
391294a1,REMOVED,34088,,Zha16_no_2_tors,,391294.a1,
391298a1,REMOVED,34089,,Zha16_no_2_tors,,391298.a1,
391463a1,REMOVED,34102,,Zha16_no_2_tors,,391463.a1,
391670d1,REMOVED,34108,,Zha16_no_2_tors,,391670.d2,
391834a1,REMOVED,34120,,Zha16_no_2_tors,,391834.a1,
391910a1,REMOVED,34122,,Zha16_no_2_tors,,391910.a1,
392453a1,REMOVED,34152,,Zha16_no_2_tors,,392453.a1,
392509c1,REMOVED,34156,,Zha16_no_2_tors,,392509.c2,
392581a1,REMOVED,34158,,Zha16_no_2_tors,,392581.a1,
393110a1,REMOVED,34193,,Zha16_no_2_tors,,393110.a1,
393589a1,REMOVED,34226,,Zha16_no_2_tors,,393589.a1,
393590c1,REMOVED,34229,,Zha16_no_2_tors,,393590.c2,
393605a1,REMOVED,34231,,Zha16_no_2_tors,,393605.a1,
393614a1,REMOVED,34232,,Zha16_no_2_tors,,393614.a1,
393626a1,REMOVED,34233,,Zha16_no_2_tors,,393626.a1,
393923a1,REMOVED,34255,,Zha16_no_2_tors,,393923.a1,
394111a1,REMOVED,34272,,Zha16_no_2_tors,,394111.a1,
394270c1,REMOVED,34286,,Zha16_no_2_tors,,394270.c2,
394307a1,REMOVED,34288,,Zha16_no_2_tors,,394307.a1,
394307b1,REMOVED,34289,,Zha16_no_2_tors,,394307.b1,
394307c1,REMOVED,34290,,Zha16_no_2_tors,,394307.c1,
394478f1,REMOVED,34300,,Zha16_no_2_tors,,394478.f1,
394582b1,REMOVED,34303,,Zha16_no_2_tors,,394582.b2,
394730d1,REMOVED,34313,,Zha16_no_2_tors,,394730.d1,
394910f1,REMOVED,34318,,Zha16_no_2_tors,,394910.f1,
394957c1,REMOVED,34319,,Zha16_no_2_tors,,394957.c1,
395029b1,REMOVED,34322,,Zha16_no_2_tors,,395029.b1,
395230a1,REMOVED,34336,,Zha16_no_2_tors,,395230.a1,
395473b1,REMOVED,34355,,Zha16_no_2_tors,,395473.b1,
395473c1,REMOVED,34356,,Zha16_no_2_tors,,395473.c1,
395635a1,REMOVED,34359,,Zha16_no_2_tors,,395635.a1,
395882a1,REMOVED,34375,,Zha16_no_2_tors,,395882.a2,
395986c1,REMOVED,34382,,Zha16_no_2_tors,,395986.c1,
396011a1,REMOVED,34383,,Zha16_no_2_tors,,396011.a2,
396109c1,REMOVED,34387,,Zha16_no_2_tors,,396109.c1,
396242c1,REMOVED,34394,,Zha16_no_2_tors,,396242.c1,
396242d1,REMOVED,34395,,Zha16_no_2_tors,,396242.d1,
396382d1,REMOVED,34403,,Zha16_no_2_tors,,396382.d1,
396521a1,REMOVED,34410,,Zha16_no_2_tors,,396521.a1,
396611a1,REMOVED,34415,,Zha16_no_2_tors,,396611.a1,
396862e1,REMOVED,34429,,Zha16_no_2_tors,,396862.e1,
396935b1,REMOVED,34436,,Zha16_no_2_tors,,396935.b1,
396970d1,REMOVED,34438,,Zha16_no_2_tors,,396970.d2,
396970e1,REMOVED,34439,,Zha16_no_2_tors,,396970.e1,
397049a1,REMOVED,34442,,Zha16_no_2_tors,,397049.a1,
397222a1,REMOVED,34450,,Zha16_no_2_tors,,397222.a1,
397286b1,REMOVED,34451,,Zha16_no_2_tors,,397286.b1,
397331a1,REMOVED,34457,,Zha16_no_2_tors,,397331.a1,
397610a1,REMOVED,34468,,Zha16_no_2_tors,,397610.a1,
397817a1,REMOVED,34479,,Zha16_no_2_tors,,397817.a1,
398138c1,REMOVED,34509,,Zha16_no_2_tors,,398138.c1,
398197a1,REMOVED,34510,,Zha16_no_2_tors,,398197.a2,
398335b1,REMOVED,34523,,Zha16_no_2_tors,,398335.b1,
398363a1,REMOVED,34524,,Zha16_no_2_tors,,398363.a1,
398818d1,REMOVED,34553,,Zha16_no_2_tors,,398818.d1,
398915a1,REMOVED,34558,,Zha16_no_2_tors,,398915.a1,
398930f1,REMOVED,34559,,Zha16_no_2_tors,,398930.f1,
399046a1,REMOVED,34571,,Zha16_no_2_tors,,399046.a1,
399202a1,REMOVED,34583,,Zha16_no_2_tors,,399202.a1,
399245a1,REMOVED,34592,,Zha16_no_2_tors,,399245.a2,
399358a1,REMOVED,34601,,Zha16_no_2_tors,,399358.a1,
399418a1,REMOVED,34604,,Zha16_no_2_tors,,399418.a3,
399707f1,REMOVED,34619,,Zha16_no_2_tors,,399707.f1,
399755a1,REMOVED,34624,,Zha16_no_2_tors,,399755.a1,
399923b1,REMOVED,34635,,Zha16_no_2_tors,,399923.b1,
400190h1,REMOVED,34641,,Zha16_no_2_tors,,400190.h1,
400258d1,REMOVED,34649,,Zha16_no_2_tors,,400258.d2,
400490i1,REMOVED,34667,,Zha16_no_2_tors,,400490.i1,
400490k1,REMOVED,34668,,Zha16_no_2_tors,,400490.k1,
400582i1,REMOVED,34677,,Zha16_no_2_tors,,400582.i2,
400582j1,REMOVED,34678,,Zha16_no_2_tors,,400582.j1,
400654a1,REMOVED,34681,,Zha16_no_2_tors,,400654.a2,
400939a1,REMOVED,34696,,Zha16_no_2_tors,,400939.a2,
401210e1,REMOVED,34716,,Zha16_no_2_tors,,401210.e1,
401315a1,REMOVED,34724,,Zha16_no_2_tors,,401315.a1,
401395a1,REMOVED,34730,,Zha16_no_2_tors,,401395.a2,
401842b1,REMOVED,34756,,Zha16_no_2_tors,,401842.b1,
402013a1,REMOVED,34774,,Zha16_no_2_tors,,402013.a1,
402245a1,REMOVED,34790,,Zha16_no_2_tors,,402245.a1,
402382b1,REMOVED,34793,,Zha16_no_2_tors,,402382.b2,
402554b1,REMOVED,34803,,Zha16_no_2_tors,,402554.b1,
403073a1,REMOVED,34844,,Zha16_no_2_tors,,403073.a1,
403337a1,REMOVED,34859,,Zha16_no_2_tors,,403337.a1,
403379b1,REMOVED,34860,,Zha16_no_2_tors,,403379.b1,
403474f1,REMOVED,34861,,Zha16_no_2_tors,,403474.f2,
403573a1,REMOVED,34865,,Zha16_no_2_tors,,403573.a1,
403670a1,REMOVED,34870,,Zha16_no_2_tors,,403670.a1,
403699a1,REMOVED,34872,,Zha16_no_2_tors,,403699.a1,
403846e1,REMOVED,34880,,Zha16_no_2_tors,,403846.e2,
404198b1,REMOVED,34894,,Zha16_no_2_tors,,404198.b1,
404327e1,REMOVED,34905,,Zha16_no_2_tors,,404327.e1,
404390a1,REMOVED,34910,,Zha16_no_2_tors,,404390.a1,
404435a1,REMOVED,34915,,Zha16_no_2_tors,,404435.a1,
404482b1,REMOVED,34917,,Zha16_no_2_tors,,404482.b1,
404530g1,REMOVED,34927,,Zha16_no_2_tors,,404530.g1,
404530h1,REMOVED,34928,,Zha16_no_2_tors,,404530.h1,
404698b1,REMOVED,34938,,Zha16_no_2_tors,,404698.b1,
404891a1,REMOVED,34947,,Zha16_no_2_tors,,404891.a1,
405251a1,REMOVED,34965,,Zha16_no_2_tors,,405251.a1,
405686a1,REMOVED,34999,,Zha16_no_2_tors,,405686.a1,
405755b1,REMOVED,35005,,Zha16_no_2_tors,,405755.b1,
406151a1,REMOVED,35022,,Zha16_no_2_tors,,406151.a1,
406315h1,REMOVED,35033,,Zha16_no_2_tors,,406315.h1,
406810b1,REMOVED,35057,,Zha16_no_2_tors,,406810.b2,
406810e1,REMOVED,35058,,Zha16_no_2_tors,,406810.e2,
407045a1,REMOVED,35069,,Zha16_no_2_tors,,407045.a1,
407341a1,REMOVED,35088,,Zha16_no_2_tors,,407341.a2,
407402a1,REMOVED,35092,,Zha16_no_2_tors,,407402.a2,
407477a1,REMOVED,35095,,Zha16_no_2_tors,,407477.a2,
407762o1,REMOVED,35115,,Zha16_no_2_tors,,407762.o1,
407858b1,REMOVED,35116,,Zha16_no_2_tors,,407858.b1,
407941a1,REMOVED,35119,,Zha16_no_2_tors,,407941.a2,
408002a1,REMOVED,35129,,Zha16_no_2_tors,,408002.a1,
408013b1,REMOVED,35132,,Zha16_no_2_tors,,408013.b1,
408061a1,REMOVED,35134,,Zha16_no_2_tors,,408061.a1,
408346b1,REMOVED,35148,,Zha16_no_2_tors,,408346.b1,
408394c1,REMOVED,35153,,Zha16_no_2_tors,,408394.c1,
408595l1,REMOVED,35172,,Zha16_no_2_tors,,408595.l1,
408866a1,REMOVED,35184,,Zha16_no_2_tors,,408866.a1,
409507a1,REMOVED,35234,,Zha16_no_2_tors,,409507.a2,
409685a1,REMOVED,35247,,Zha16_no_2_tors,,409685.a1,
409694b1,REMOVED,35248,,Zha16_no_2_tors,,409694.b2,
409751a1,REMOVED,35251,,Zha16_no_2_tors,,409751.a1,
409862a1,REMOVED,35255,,Zha16_no_2_tors,,409862.a1,
410018d1,REMOVED,35267,,Zha16_no_2_tors,,410018.d1,
410222a1,REMOVED,35283,,Zha16_no_2_tors,,410222.a1,
410366d1,REMOVED,35291,,Zha16_no_2_tors,,410366.d2,
410627a1,REMOVED,35309,,Zha16_no_2_tors,,410627.a1,
411131a1,REMOVED,35340,,Zha16_no_2_tors,,411131.a1,
411190f1,REMOVED,35345,,Zha16_no_2_tors,,411190.f1,
411194a1,REMOVED,35346,,Zha16_no_2_tors,,411194.a1,
411299b1,REMOVED,35349,,Zha16_no_2_tors,,411299.b1,
411374a1,REMOVED,35350,,Zha16_no_2_tors,,411374.a1,
411482b1,REMOVED,35354,,Zha16_no_2_tors,,411482.b1,
411482c1,REMOVED,35355,,Zha16_no_2_tors,,411482.c1,
411730a1,REMOVED,35365,,Zha16_no_2_tors,,411730.a1,
411730e1,REMOVED,35368,,Zha16_no_2_tors,,411730.e2,
412451a1,REMOVED,35413,,Zha16_no_2_tors,,412451.a1,
412811a1,REMOVED,35430,,Zha16_no_2_tors,,412811.a1,
412834a1,REMOVED,35431,,Zha16_no_2_tors,,412834.a1,
412910d1,REMOVED,35437,,Zha16_no_2_tors,,412910.d1,
412930g1,REMOVED,35438,,Zha16_no_2_tors,,412930.g2,
412930h1,REMOVED,35439,,Zha16_no_2_tors,,412930.h1,
412946a1,REMOVED,35440,,Zha16_no_2_tors,,412946.a1,
413006d1,REMOVED,35444,,Zha16_no_2_tors,,413006.d1,
413029a1,REMOVED,35446,,Zha16_no_2_tors,,413029.a1,
413105g1,REMOVED,35457,,Zha16_no_2_tors,,413105.g1,
413105k1,REMOVED,35458,,Zha16_no_2_tors,,413105.k1,
413555a1,REMOVED,35484,,Zha16_no_2_tors,,413555.a1,
413585b1,REMOVED,35489,,Zha16_no_2_tors,,413585.b1,
413674a1,REMOVED,35496,,Zha16_no_2_tors,,413674.a1,
413846a1,REMOVED,35505,,Zha16_no_2_tors,,413846.a1,
413894b1,REMOVED,35511,,Zha16_no_2_tors,,413894.b1,
414178a1,REMOVED,35522,,Zha16_no_2_tors,,414178.a1,
414215b1,REMOVED,35524,,Zha16_no_2_tors,,414215.b1,
414262b1,REMOVED,35527,,Zha16_no_2_tors,,414262.b1,
414358d1,REMOVED,35537,,Zha16_no_2_tors,,414358.d1,
414470c1,REMOVED,35545,,Zha16_no_2_tors,,414470.c2,
414646a1,REMOVED,35557,,Zha16_no_2_tors,,414646.a2,
415043e1,REMOVED,35581,,Zha16_no_2_tors,,415043.e1,
415115a1,REMOVED,35591,,Zha16_no_2_tors,,415115.a1,
415198h1,REMOVED,35595,,Zha16_no_2_tors,,415198.h1,
415306b1,REMOVED,35602,,Zha16_no_2_tors,,415306.b1,
415330a1,REMOVED,35604,,Zha16_no_2_tors,,415330.a1,
415387b1,REMOVED,35608,,Zha16_no_2_tors,,415387.b1,
415853a1,REMOVED,35625,,Zha16_no_2_tors,,415853.a1,
415907a1,REMOVED,35629,,Zha16_no_2_tors,,415907.a1,
415954g1,REMOVED,35631,,Zha16_no_2_tors,,415954.g2,
416390q1,REMOVED,35656,,Zha16_no_2_tors,,416390.q1,
416390u1,REMOVED,35657,,Zha16_no_2_tors,,416390.u1,
416411a1,REMOVED,35659,,Zha16_no_2_tors,,416411.a1,
416414a1,REMOVED,35660,,Zha16_no_2_tors,,416414.a1,
416422c1,REMOVED,35661,,Zha16_no_2_tors,,416422.c1,
416447a1,REMOVED,35665,,Zha16_no_2_tors,,416447.a1,
416578b1,REMOVED,35672,,Zha16_no_2_tors,,416578.b1,
416681a1,REMOVED,35681,,Zha16_no_2_tors,,416681.a1,
416798b1,REMOVED,35693,,Zha16_no_2_tors,,416798.b2,
416866b1,REMOVED,35701,,Zha16_no_2_tors,,416866.b1,
417118d1,REMOVED,35717,,Zha16_no_2_tors,,417118.d1,
417395a1,REMOVED,35736,,Zha16_no_2_tors,,417395.a1,
417473a1,REMOVED,35745,,Zha16_no_2_tors,,417473.a1,
417670b1,REMOVED,35759,,Zha16_no_2_tors,,417670.b1,
417755a1,REMOVED,35763,,Zha16_no_2_tors,,417755.a1,
417911c1,REMOVED,35770,,Zha16_no_2_tors,,417911.c1,
418049a1,REMOVED,35779,,Zha16_no_2_tors,,418049.a1,
418834a1,REMOVED,35820,,Zha16_no_2_tors,,418834.a2,
418990q1,REMOVED,35835,,Zha16_no_2_tors,,418990.q1,
419237c1,REMOVED,35841,,Zha16_no_2_tors,,419237.c2,
419366d1,REMOVED,35847,,Zha16_no_2_tors,,419366.d1,
419366f1,REMOVED,35849,,Zha16_no_2_tors,,419366.f1,
419558h1,REMOVED,35861,,Zha16_no_2_tors,,419558.h1,
419606b1,REMOVED,35864,,Zha16_no_2_tors,,419606.b1,
419846a1,REMOVED,35878,,Zha16_no_2_tors,,419846.a1,
419939a1,REMOVED,35883,,Zha16_no_2_tors,,419939.a1,
419990c1,REMOVED,35884,,Zha16_no_2_tors,,419990.c1,
420034a1,REMOVED,35885,,Zha16_no_2_tors,,420034.a2,
420118f1,REMOVED,35889,,Zha16_no_2_tors,,420118.f1,
420563e1,REMOVED,35927,,Zha16_no_2_tors,,420563.e1,
420965a1,REMOVED,35946,,Zha16_no_2_tors,,420965.a1,
421162f1,REMOVED,35958,,Zha16_no_2_tors,,421162.f2,
421595e1,REMOVED,35973,,Zha16_no_2_tors,,421595.e1,
421835d1,REMOVED,35987,,Zha16_no_2_tors,,421835.d2,
422366b1,REMOVED,36024,,Zha16_no_2_tors,,422366.b1,
422435e1,REMOVED,36026,,Zha16_no_2_tors,,422435.e1,
422758d1,REMOVED,36043,,Zha16_no_2_tors,,422758.d1,
422902b1,REMOVED,36048,,Zha16_no_2_tors,,422902.b1,
422963a1,REMOVED,36052,,Zha16_no_2_tors,,422963.a1,
423157a1,REMOVED,36063,,Zha16_no_2_tors,,423157.a1,
423253a1,REMOVED,36075,,Zha16_no_2_tors,,423253.a1,
423286a1,REMOVED,36077,,Zha16_no_2_tors,,423286.a1,
423358i1,REMOVED,36081,,Zha16_no_2_tors,,423358.i2,
423530e1,REMOVED,36093,,Zha16_no_2_tors,,423530.e1,
423545a1,REMOVED,36095,,Zha16_no_2_tors,,423545.a1,
423578c1,REMOVED,36098,,Zha16_no_2_tors,,423578.c1,
423661a1,REMOVED,36101,,Zha16_no_2_tors,,423661.a1,
423682m1,REMOVED,36103,,Zha16_no_2_tors,,423682.m1,
423757a1,REMOVED,36108,,Zha16_no_2_tors,,423757.a1,
424202a1,REMOVED,36131,,Zha16_no_2_tors,,424202.a1,
424298b1,REMOVED,36136,,Zha16_no_2_tors,,424298.b1,
424715b1,REMOVED,36161,,Zha16_no_2_tors,,424715.b1,
424717a1,REMOVED,36162,,Zha16_no_2_tors,,424717.a2,
424741a1,REMOVED,36165,,Zha16_no_2_tors,,424741.a1,
424822b1,REMOVED,36167,,Zha16_no_2_tors,,424822.b1,
424837a1,REMOVED,36168,,Zha16_no_2_tors,,424837.a1,
426170b1,REMOVED,36234,,Zha16_no_2_tors,,426170.b1,
426445b1,REMOVED,36250,,Zha16_no_2_tors,,426445.b2,
426626i1,REMOVED,36259,,Zha16_no_2_tors,,426626.i1,
426835a1,REMOVED,36269,,Zha16_no_2_tors,,426835.a1,
426890b1,REMOVED,36270,,Zha16_no_2_tors,,426890.b1,
426922b1,REMOVED,36271,,Zha16_no_2_tors,,426922.b1,
426923b1,REMOVED,36272,,Zha16_no_2_tors,,426923.b1,
427178a1,REMOVED,36286,,Zha16_no_2_tors,,427178.a1,
427481b1,REMOVED,36296,,Zha16_no_2_tors,,427481.b1,
427562a1,REMOVED,36300,,Zha16_no_2_tors,,427562.a2,
428122a1,REMOVED,36326,,Zha16_no_2_tors,,428122.a1,
428122d1,REMOVED,36328,,Zha16_no_2_tors,,428122.d2,
428122f1,REMOVED,36330,,Zha16_no_2_tors,,428122.f1,
428230a1,REMOVED,36338,,Zha16_no_2_tors,,428230.a2,
428302a1,REMOVED,36345,,Zha16_no_2_tors,,428302.a1,
428434b1,REMOVED,36355,,Zha16_no_2_tors,,428434.b1,
428870n1,REMOVED,36382,,Zha16_no_2_tors,,428870.n1,
428987a1,REMOVED,36388,,Zha16_no_2_tors,,428987.a1,
429013a1,REMOVED,36390,,Zha16_no_2_tors,,429013.a2,
429026f1,REMOVED,36395,,Zha16_no_2_tors,,429026.f1,
429110b1,REMOVED,36406,,Zha16_no_2_tors,,429110.b1,
429110h1,REMOVED,36407,,Zha16_no_2_tors,,429110.h1,
429110k1,REMOVED,36408,,Zha16_no_2_tors,,429110.k1,
429506c1,REMOVED,36420,,Zha16_no_2_tors,,429506.c2,
429607c1,REMOVED,36428,,Zha16_no_2_tors,,429607.c1,
429830i1,REMOVED,36443,,Zha16_no_2_tors,,429830.i2,
429845d1,REMOVED,36444,,Zha16_no_2_tors,,429845.d1,
429946a1,REMOVED,36449,,Zha16_no_2_tors,,429946.a1,
430042a1,REMOVED,36456,,Zha16_no_2_tors,,430042.a1,
430046a1,REMOVED,36458,,Zha16_no_2_tors,,430046.a1,
430331a1,REMOVED,36470,,Zha16_no_2_tors,,430331.a2,
430547a1,REMOVED,36480,,Zha16_no_2_tors,,430547.a1,
430778a1,REMOVED,36491,,Zha16_no_2_tors,,430778.a1,
430939b1,REMOVED,36499,,Zha16_no_2_tors,,430939.b2,
431134a1,REMOVED,36514,,Zha16_no_2_tors,,431134.a1,
431171b1,REMOVED,36519,,Zha16_no_2_tors,,431171.b1,
431342c1,REMOVED,36528,,Zha16_no_2_tors,,431342.c1,
431914a1,REMOVED,36549,,Zha16_no_2_tors,,431914.a1,
431938e1,REMOVED,36552,,Zha16_no_2_tors,,431938.e1,
432266a1,REMOVED,36568,,Zha16_no_2_tors,,432266.a1,
432542b1,REMOVED,36583,,Zha16_no_2_tors,,432542.b2,
432730c1,REMOVED,36589,,Zha16_no_2_tors,,432730.c1,
432917a1,REMOVED,36601,,Zha16_no_2_tors,,432917.a1,
433130a1,REMOVED,36616,,Zha16_no_2_tors,,433130.a1,
433202n1,REMOVED,36621,,Zha16_no_2_tors,,433202.n1,
433370a1,REMOVED,36629,,Zha16_no_2_tors,,433370.a1,
433570a1,REMOVED,36640,,Zha16_no_2_tors,,433570.a1,
434159b1,REMOVED,36674,,Zha16_no_2_tors,,434159.b1,
434206a1,REMOVED,36678,,Zha16_no_2_tors,,434206.a1,
434413a1,REMOVED,36693,,Zha16_no_2_tors,,434413.a1,
434467a1,REMOVED,36696,,Zha16_no_2_tors,,434467.a2,
434714b1,REMOVED,36705,,Zha16_no_2_tors,,434714.b1,
435014a1,REMOVED,36719,,Zha16_no_2_tors,,435014.a1,
435370v1,REMOVED,36747,,Zha16_no_2_tors,,435370.v2,
435394a1,REMOVED,36749,,Zha16_no_2_tors,,435394.a1,
435710a1,REMOVED,36778,,Zha16_no_2_tors,,435710.a1,
435710j1,REMOVED,36781,,Zha16_no_2_tors,,435710.j2,
435830a1,REMOVED,36789,,Zha16_no_2_tors,,435830.a1,
436310i1,REMOVED,36829,,Zha16_no_2_tors,,436310.i1,
436418d1,REMOVED,36835,,Zha16_no_2_tors,,436418.d1,
436955a1,REMOVED,36863,,Zha16_no_2_tors,,436955.a1,
437114b1,REMOVED,36874,,Zha16_no_2_tors,,437114.b2,
437470k1,REMOVED,36896,,Zha16_no_2_tors,,437470.k1,
437974b1,REMOVED,36927,,Zha16_no_2_tors,,437974.b2,
437995a1,REMOVED,36929,,Zha16_no_2_tors,,437995.a1,
438022c1,REMOVED,36931,,Zha16_no_2_tors,,438022.c2,
438406c1,REMOVED,36953,,Zha16_no_2_tors,,438406.c1,
438851d1,REMOVED,36983,,Zha16_no_2_tors,,438851.d1,
439405a1,REMOVED,37008,,Zha16_no_2_tors,,439405.a1,
439474c1,REMOVED,37013,,Zha16_no_2_tors,,439474.c1,
439538a1,REMOVED,37017,,Zha16_no_2_tors,,439538.a1,
439543a1,REMOVED,37018,,Zha16_no_2_tors,,439543.a1,
439690a1,REMOVED,37030,,Zha16_no_2_tors,,439690.a1,
439706c1,REMOVED,37032,,Zha16_no_2_tors,,439706.c2,
440117a1,REMOVED,37056,,Zha16_no_2_tors,,440117.a2,
440218a1,REMOVED,37060,,Zha16_no_2_tors,,440218.a1,
440335b1,REMOVED,37070,,Zha16_no_2_tors,,440335.b1,
440407a1,REMOVED,37076,,Zha16_no_2_tors,,440407.a1,
440458d1,REMOVED,37080,,Zha16_no_2_tors,,440458.d1,
440555d1,REMOVED,37085,,Zha16_no_2_tors,,440555.d1,
440749a1,REMOVED,37104,,Zha16_no_2_tors,,440749.a1,
440813b1,REMOVED,37109,,Zha16_no_2_tors,,440813.b2,
440854a1,REMOVED,37110,,Zha16_no_2_tors,,440854.a1,
440882a1,REMOVED,37112,,Zha16_no_2_tors,,440882.a1,
440965a1,REMOVED,37117,,Zha16_no_2_tors,,440965.a1,
441395a1,REMOVED,37144,,Zha16_no_2_tors,,441395.a1,
441682a1,REMOVED,37157,,Zha16_no_2_tors,,441682.a2,
441694c1,REMOVED,37159,,Zha16_no_2_tors,,441694.c1,
442043a1,REMOVED,37182,,Zha16_no_2_tors,,442043.a1,
442337a1,REMOVED,37197,,Zha16_no_2_tors,,442337.a1,
442355b1,REMOVED,37200,,Zha16_no_2_tors,,442355.b1,
442511a1,REMOVED,37208,,Zha16_no_2_tors,,442511.a1,
442670c1,REMOVED,37220,,Zha16_no_2_tors,,442670.c1,
442741a1,REMOVED,37227,,Zha16_no_2_tors,,442741.a1,
442795a1,REMOVED,37230,,Zha16_no_2_tors,,442795.a1,
442805b1,REMOVED,37233,,Zha16_no_2_tors,,442805.b1,
443002a1,REMOVED,37248,,Zha16_no_2_tors,,443002.a1,
443002b1,REMOVED,37249,,Zha16_no_2_tors,,443002.b1,
443054a1,REMOVED,37254,,Zha16_no_2_tors,,443054.a1,
443138b1,REMOVED,37256,,Zha16_no_2_tors,,443138.b1,
443170m1,REMOVED,37261,,Zha16_no_2_tors,,443170.m1,
443531a1,REMOVED,37274,,Zha16_no_2_tors,,443531.a1,
443773c1,REMOVED,37288,,Zha16_no_2_tors,,443773.c1,
443923a1,REMOVED,37294,,Zha16_no_2_tors,,443923.a1,
444278e1,REMOVED,37316,,Zha16_no_2_tors,,444278.e1,
444458p1,REMOVED,37333,,Zha16_no_2_tors,,444458.p1,
444610b1,REMOVED,37338,,Zha16_no_2_tors,,444610.b2,
444998a1,REMOVED,37357,,Zha16_no_2_tors,,444998.a1,
445010a1,REMOVED,37358,,Zha16_no_2_tors,,445010.a1,
445030b1,REMOVED,37360,,Zha16_no_2_tors,,445030.b1,
445154a1,REMOVED,37366,,Zha16_no_2_tors,,445154.a1,
445211e1,REMOVED,37376,,Zha16_no_2_tors,,445211.e1,
445571a1,REMOVED,37395,,Zha16_no_2_tors,,445571.a1,
445610d1,REMOVED,37398,,Zha16_no_2_tors,,445610.d1,
445787a1,REMOVED,37411,,Zha16_no_2_tors,,445787.a1,
445970k1,REMOVED,37424,,Zha16_no_2_tors,,445970.k2,
446033a1,REMOVED,37427,,Zha16_no_2_tors,,446033.a1,
446314b1,REMOVED,37445,,Zha16_no_2_tors,,446314.b2,
446378a1,REMOVED,37447,,Zha16_no_2_tors,,446378.a1,
446509a1,REMOVED,37452,,Zha16_no_2_tors,,446509.a1,
446989c1,REMOVED,37479,,Zha16_no_2_tors,,446989.c1,
447122e1,REMOVED,37491,,Zha16_no_2_tors,,447122.e2,
447410b1,REMOVED,37502,,Zha16_no_2_tors,,447410.b1,
447414k1,REMOVED,37503,,Zha16_no_2_tors,,447414.k2,
447445b1,REMOVED,37505,,Zha16_no_2_tors,,447445.b1,
447491a1,REMOVED,37506,,Zha16_no_2_tors,,447491.a1,
447533a1,REMOVED,37510,,Zha16_no_2_tors,,447533.a1,
447562b1,REMOVED,37514,,Zha16_no_2_tors,,447562.b1,
447814b1,REMOVED,37530,,Zha16_no_2_tors,,447814.b2,
447902a1,REMOVED,37534,,Zha16_no_2_tors,,447902.a2,
447905a1,REMOVED,37536,,Zha16_no_2_tors,,447905.a1,
448058a1,REMOVED,37547,,Zha16_no_2_tors,,448058.a2,
448286c1,REMOVED,37560,,Zha16_no_2_tors,,448286.c1,
448286d1,REMOVED,37561,,Zha16_no_2_tors,,448286.d2,
449074b1,REMOVED,37606,,Zha16_no_2_tors,,449074.b1,
449293a1,REMOVED,37622,,Zha16_no_2_tors,,449293.a2,
449389a1,REMOVED,37630,,Zha16_no_2_tors,,449389.a1,
449834o1,REMOVED,37654,,Zha16_no_2_tors,,449834.o2,
449998a1,REMOVED,37662,,Zha16_no_2_tors,,449998.a2,
450357a1,REMOVED,37683,,Zha16_no_2_tors,,450357.a2,
450395a1,REMOVED,37685,,Zha16_no_2_tors,,450395.a1,
450427a1,REMOVED,37687,,Zha16_no_2_tors,,450427.a2,
450499a1,REMOVED,37692,,Zha16_no_2_tors,,450499.a2,
451010a1,REMOVED,37721,,Zha16_no_2_tors,,451010.a1,
451043a1,REMOVED,37725,,Zha16_no_2_tors,,451043.a1,
451115c1,REMOVED,37731,,Zha16_no_2_tors,,451115.c1,
451234b1,REMOVED,37741,,Zha16_no_2_tors,,451234.b2,
451358i1,REMOVED,37750,,Zha16_no_2_tors,,451358.i1,
452341b1,REMOVED,37810,,Zha16_no_2_tors,,452341.b1,
452342c1,REMOVED,37812,,Zha16_no_2_tors,,452342.c1,
452518a1,REMOVED,37823,,Zha16_no_2_tors,,452518.a1,
452570d1,REMOVED,37824,,Zha16_no_2_tors,,452570.d2,
453134f1,REMOVED,37857,,Zha16_no_2_tors,,453134.f1,
453854e1,REMOVED,37895,,Zha16_no_2_tors,,453854.e2,
453874a1,REMOVED,37898,,Zha16_no_2_tors,,453874.a1,
454051a1,REMOVED,37909,,Zha16_no_2_tors,,454051.a1,
454195a1,REMOVED,37916,,Zha16_no_2_tors,,454195.a2,
454322a1,REMOVED,37924,,Zha16_no_2_tors,,454322.a2,
454526a1,REMOVED,37938,,Zha16_no_2_tors,,454526.a1,
454643c1,REMOVED,37946,,Zha16_no_2_tors,,454643.c1,
454682c1,REMOVED,37950,,Zha16_no_2_tors,,454682.c1,
454682d1,REMOVED,37951,,Zha16_no_2_tors,,454682.d1,
454717a1,REMOVED,37953,,Zha16_no_2_tors,,454717.a1,
454790b1,REMOVED,37962,,Zha16_no_2_tors,,454790.b2,
454811a1,REMOVED,37966,,Zha16_no_2_tors,,454811.a2,
454946a1,REMOVED,37974,,Zha16_no_2_tors,,454946.a1,
455126a1,REMOVED,37982,,Zha16_no_2_tors,,455126.a1,
455222a1,REMOVED,37986,,Zha16_no_2_tors,,455222.a1,
455570a1,REMOVED,38003,,Zha16_no_2_tors,,455570.a1,
455690c1,REMOVED,38014,,Zha16_no_2_tors,,455690.c1,
455734d1,REMOVED,38015,,Zha16_no_2_tors,,455734.d2,
455917b1,REMOVED,38022,,Zha16_no_2_tors,,455917.b2,
456086e1,REMOVED,38034,,Zha16_no_2_tors,,456086.e1,
456253b1,REMOVED,38041,,Zha16_no_2_tors,,456253.b1,
456686a1,REMOVED,38072,,Zha16_no_2_tors,,456686.a1,
457394d1,REMOVED,38116,,Zha16_no_2_tors,,457394.d1,
457642b1,REMOVED,38124,,Zha16_no_2_tors,,457642.b1,
457667a1,REMOVED,38127,,Zha16_no_2_tors,,457667.a1,
457694a1,REMOVED,38129,,Zha16_no_2_tors,,457694.a1,
457706a1,REMOVED,38132,,Zha16_no_2_tors,,457706.a1,
457765n1,REMOVED,38139,,Zha16_no_2_tors,,457765.n2,
458083a1,REMOVED,38153,,Zha16_no_2_tors,,458083.a1,
458090c1,REMOVED,38155,,Zha16_no_2_tors,,458090.c1,
458378b1,REMOVED,38170,,Zha16_no_2_tors,,458378.b1,
458378d1,REMOVED,38171,,Zha16_no_2_tors,,458378.d1,
458422f1,REMOVED,38173,,Zha16_no_2_tors,,458422.f1,
458626a1,REMOVED,38188,,Zha16_no_2_tors,,458626.a1,
458626w1,REMOVED,38190,,Zha16_no_2_tors,,458626.w1,
458870e1,REMOVED,38205,,Zha16_no_2_tors,,458870.e1,
459002c1,REMOVED,38212,,Zha16_no_2_tors,,459002.c1,
459062a1,REMOVED,38220,,Zha16_no_2_tors,,459062.a2,
459391e1,REMOVED,38241,,Zha16_no_2_tors,,459391.e1,
459662e1,REMOVED,38249,,Zha16_no_2_tors,,459662.e1,
459710a1,REMOVED,38254,,Zha16_no_2_tors,,459710.a1,
459790a1,REMOVED,38258,,Zha16_no_2_tors,,459790.a1,
459790d1,REMOVED,38259,,Zha16_no_2_tors,,459790.d1,
459938d1,REMOVED,38267,,Zha16_no_2_tors,,459938.d1,
460115a1,REMOVED,38274,,Zha16_no_2_tors,,460115.a1,
460178a1,REMOVED,38282,,Zha16_no_2_tors,,460178.a1,
460285b1,REMOVED,38286,,Zha16_no_2_tors,,460285.b1,
460607b1,REMOVED,38295,,Zha16_no_2_tors,,460607.b1,
460610b1,REMOVED,38296,,Zha16_no_2_tors,,460610.b1,
460898d1,REMOVED,38318,,Zha16_no_2_tors,,460898.d1,
460942a1,REMOVED,38321,,Zha16_no_2_tors,,460942.a1,
460994a1,REMOVED,38323,,Zha16_no_2_tors,,460994.a1,
461195c1,REMOVED,38339,,Zha16_no_2_tors,,461195.c1,
461702a1,REMOVED,38377,,Zha16_no_2_tors,,461702.a1,
461906g1,REMOVED,38388,,Zha16_no_2_tors,,461906.g2,
462059a1,REMOVED,38402,,Zha16_no_2_tors,,462059.a1,
462638c1,REMOVED,38429,,Zha16_no_2_tors,,462638.c1,
462698b1,REMOVED,38431,,Zha16_no_2_tors,,462698.b1,
462737c1,REMOVED,38434,,Zha16_no_2_tors,,462737.c1,
462914a1,REMOVED,38443,,Zha16_no_2_tors,,462914.a1,
463034c1,REMOVED,38450,,Zha16_no_2_tors,,463034.c1,
463186b1,REMOVED,38462,,Zha16_no_2_tors,,463186.b1,
463493a1,REMOVED,38488,,Zha16_no_2_tors,,463493.a2,
463606q1,REMOVED,38494,,Zha16_no_2_tors,,463606.q1,
463903b1,REMOVED,38512,,Zha16_no_2_tors,,463903.b1,
464342a1,REMOVED,38523,,Zha16_no_2_tors,,464342.a1,
464470d1,REMOVED,38527,,Zha16_no_2_tors,,464470.d2,
465229a1,REMOVED,38576,,Zha16_no_2_tors,,465229.a1,
465386a1,REMOVED,38583,,Zha16_no_2_tors,,465386.a1,
465386d1,REMOVED,38584,,Zha16_no_2_tors,,465386.d1,
465490a1,REMOVED,38589,,Zha16_no_2_tors,,465490.a1,
465703a1,REMOVED,38601,,Zha16_no_2_tors,,465703.a1,
465703b1,REMOVED,38602,,Zha16_no_2_tors,,465703.b1,
465803a1,REMOVED,38606,,Zha16_no_2_tors,,465803.a1,
465862a1,REMOVED,38611,,Zha16_no_2_tors,,465862.a1,
466030d1,REMOVED,38626,,Zha16_no_2_tors,,466030.d1,
466034b1,REMOVED,38627,,Zha16_no_2_tors,,466034.b1,
466490c1,REMOVED,38644,,Zha16_no_2_tors,,466490.c1,
466739a1,REMOVED,38651,,Zha16_no_2_tors,,466739.a1,
466922d1,REMOVED,38663,,Zha16_no_2_tors,,466922.d1,
466930e1,REMOVED,38667,,Zha16_no_2_tors,,466930.e1,
467155b1,REMOVED,38674,,Zha16_no_2_tors,,467155.b1,
467258b1,REMOVED,38684,,Zha16_no_2_tors,,467258.b2,
467390a1,REMOVED,38696,,Zha16_no_2_tors,,467390.a1,
467390h1,REMOVED,38697,,Zha16_no_2_tors,,467390.h1,
467539a1,REMOVED,38707,,Zha16_no_2_tors,,467539.a1,
467570d1,REMOVED,38709,,Zha16_no_2_tors,,467570.d1,
467618b1,REMOVED,38718,,Zha16_no_2_tors,,467618.b1,
467842a1,REMOVED,38734,,Zha16_no_2_tors,,467842.a1,
467974a1,REMOVED,38748,,Zha16_no_2_tors,,467974.a2,
467998a1,REMOVED,38750,,Zha16_no_2_tors,,467998.a1,
468154a1,REMOVED,38764,,Zha16_no_2_tors,,468154.a1,
468197e1,REMOVED,38766,,Zha16_no_2_tors,,468197.e1,
468314b1,REMOVED,38774,,Zha16_no_2_tors,,468314.b1,
468358d1,REMOVED,38775,,Zha16_no_2_tors,,468358.d2,
468410d1,REMOVED,38779,,Zha16_no_2_tors,,468410.d2,
468757b1,REMOVED,38795,,Zha16_no_2_tors,,468757.b1,
468890c1,REMOVED,38801,,Zha16_no_2_tors,,468890.c2,
469090c1,REMOVED,38814,,Zha16_no_2_tors,,469090.c1,
469090e1,REMOVED,38815,,Zha16_no_2_tors,,469090.e1,
469118a1,REMOVED,38817,,Zha16_no_2_tors,,469118.a1,
469931a1,REMOVED,38855,,Zha16_no_2_tors,,469931.a2,
469994a1,REMOVED,38859,,Zha16_no_2_tors,,469994.a1,
470305b1,REMOVED,38881,,Zha16_no_2_tors,,470305.b1,
470485b1,REMOVED,38897,,Zha16_no_2_tors,,470485.b1,
470603a1,REMOVED,38910,,Zha16_no_2_tors,,470603.a1,
470698c1,REMOVED,38916,,Zha16_no_2_tors,,470698.c2,
470861a1,REMOVED,38927,,Zha16_no_2_tors,,470861.a1,
471002c1,REMOVED,38935,,Zha16_no_2_tors,,471002.c1,
471311a1,REMOVED,38952,,Zha16_no_2_tors,,471311.a1,
471314e1,REMOVED,38954,,Zha16_no_2_tors,,471314.e1,
471422i1,REMOVED,38959,,Zha16_no_2_tors,,471422.i1,
471746d1,REMOVED,38972,,Zha16_no_2_tors,,471746.d2,
471902a1,REMOVED,38985,,Zha16_no_2_tors,,471902.a1,
472130b1,REMOVED,38993,,Zha16_no_2_tors,,472130.b1,
472214a1,REMOVED,39000,,Zha16_no_2_tors,,472214.a1,
472310c1,REMOVED,39007,,Zha16_no_2_tors,,472310.c2,
473057b1,REMOVED,39045,,Zha16_no_2_tors,,473057.b1,
473106d1,REMOVED,39049,,Zha16_no_2_tors,,473106.d1,
473186a1,REMOVED,39061,,Zha16_no_2_tors,,473186.a1,
473330p1,REMOVED,39076,,Zha16_no_2_tors,,473330.p1,
473603a1,REMOVED,39091,,Zha16_no_2_tors,,473603.a1,
473603b1,REMOVED,39092,,Zha16_no_2_tors,,473603.b1,
473779a1,REMOVED,39102,,Zha16_no_2_tors,,473779.a1,
473795b1,REMOVED,39104,,Zha16_no_2_tors,,473795.b2,
474386b1,REMOVED,39144,,Zha16_no_2_tors,,474386.b1,
474470a1,REMOVED,39148,,Zha16_no_2_tors,,474470.a1,
474578d1,REMOVED,39150,,Zha16_no_2_tors,,474578.d1,
474719a1,REMOVED,39162,,Zha16_no_2_tors,,474719.a1,
474770h1,REMOVED,39166,,Zha16_no_2_tors,,474770.h1,
475115b1,REMOVED,39182,,Zha16_no_2_tors,,475115.b1,
475115c1,REMOVED,39183,,Zha16_no_2_tors,,475115.c1,
475678b1,REMOVED,39216,,Zha16_no_2_tors,,475678.b1,
475822a1,REMOVED,39228,,Zha16_no_2_tors,,475822.a1,
475910a1,REMOVED,39230,,Zha16_no_2_tors,,475910.a1,
475931a1,REMOVED,39231,,Zha16_no_2_tors,,475931.a2,
476042e1,REMOVED,39241,,Zha16_no_2_tors,,476042.e1,
476090d1,REMOVED,39244,,Zha16_no_2_tors,,476090.d1,
476090f1,REMOVED,39245,,Zha16_no_2_tors,,476090.f1,
476090g1,REMOVED,39246,,Zha16_no_2_tors,,476090.g1,
476147b1,REMOVED,39250,,Zha16_no_2_tors,,476147.b1,
476210c1,REMOVED,39254,,Zha16_no_2_tors,,476210.c1,
476486b1,REMOVED,39268,,Zha16_no_2_tors,,476486.b2,
476630a1,REMOVED,39273,,Zha16_no_2_tors,,476630.a1,
476630y1,REMOVED,39275,,Zha16_no_2_tors,,476630.y1,
476762d1,REMOVED,39287,,Zha16_no_2_tors,,476762.d1,
476882a1,REMOVED,39297,,Zha16_no_2_tors,,476882.a1,
476882e1,REMOVED,39299,,Zha16_no_2_tors,,476882.e2,
477190a1,REMOVED,39321,,Zha16_no_2_tors,,477190.a1,
477190r1,REMOVED,39323,,Zha16_no_2_tors,,477190.r1,
477413a1,REMOVED,39346,,Zha16_no_2_tors,,477413.a1,
477421b1,REMOVED,39348,,Zha16_no_2_tors,,477421.b3,
477454a1,REMOVED,39352,,Zha16_no_2_tors,,477454.a1,
477730b1,REMOVED,39376,,Zha16_no_2_tors,,477730.b1,
477923a1,REMOVED,39386,,Zha16_no_2_tors,,477923.a2,
478018d1,REMOVED,39394,,Zha16_no_2_tors,,478018.d1,
478030d1,REMOVED,39395,,Zha16_no_2_tors,,478030.d1,
478058b1,REMOVED,39398,,Zha16_no_2_tors,,478058.b1,
478082c1,REMOVED,39399,,Zha16_no_2_tors,,478082.c1,
478126a1,REMOVED,39400,,Zha16_no_2_tors,,478126.a1,
478162a1,REMOVED,39404,,Zha16_no_2_tors,,478162.a1,
478195a1,REMOVED,39405,,Zha16_no_2_tors,,478195.a1,
478234a1,REMOVED,39409,,Zha16_no_2_tors,,478234.a2,
478235a1,REMOVED,39410,,Zha16_no_2_tors,,478235.a1,
478258a1,REMOVED,39411,,Zha16_no_2_tors,,478258.a1,
478355a1,REMOVED,39416,,Zha16_no_2_tors,,478355.a1,
478423c1,REMOVED,39421,,Zha16_no_2_tors,,478423.c1,
478597a1,REMOVED,39433,,Zha16_no_2_tors,,478597.a1,
478610a1,REMOVED,39435,,Zha16_no_2_tors,,478610.a1,
478667a1,REMOVED,39439,,Zha16_no_2_tors,,478667.a1,
478814b1,REMOVED,39449,,Zha16_no_2_tors,,478814.b1,
478898a1,REMOVED,39452,,Zha16_no_2_tors,,478898.a1,
479258b1,REMOVED,39472,,Zha16_no_2_tors,,479258.b1,
479338e1,REMOVED,39477,,Zha16_no_2_tors,,479338.e1,
479435c1,REMOVED,39481,,Zha16_no_2_tors,,479435.c1,
479738a1,REMOVED,39500,,Zha16_no_2_tors,,479738.a1,
479974c1,REMOVED,39514,,Zha16_no_2_tors,,479974.c1,
480110d1,REMOVED,39531,,Zha16_no_2_tors,,480110.d1,
480293d1,REMOVED,39546,,Zha16_no_2_tors,,480293.d1,
480470a1,REMOVED,39557,,Zha16_no_2_tors,,480470.a2,
480662f1,REMOVED,39570,,Zha16_no_2_tors,,480662.f3,
481070c1,REMOVED,39584,,Zha16_no_2_tors,,481070.c1,
481778g1,REMOVED,39628,,Zha16_no_2_tors,,481778.g1,
482042a1,REMOVED,39637,,Zha16_no_2_tors,,482042.a2,
482270f1,REMOVED,39654,,Zha16_no_2_tors,,482270.f1,
482270k1,REMOVED,39656,,Zha16_no_2_tors,,482270.k1,
482314h1,REMOVED,39660,,Zha16_no_2_tors,,482314.h1,
482570i1,REMOVED,39678,,Zha16_no_2_tors,,482570.i1,
482890c1,REMOVED,39698,,Zha16_no_2_tors,,482890.c1,
483094a1,REMOVED,39709,,Zha16_no_2_tors,,483094.a1,
483098e1,REMOVED,39711,,Zha16_no_2_tors,,483098.e1,
483154c1,REMOVED,39714,,Zha16_no_2_tors,,483154.c1,
483422a1,REMOVED,39727,,Zha16_no_2_tors,,483422.a1,
483770a1,REMOVED,39733,,Zha16_no_2_tors,,483770.a1,
484106c1,REMOVED,39760,,Zha16_no_2_tors,,484106.c1,
484382c1,REMOVED,39779,,Zha16_no_2_tors,,484382.c2,
484406c1,REMOVED,39780,,Zha16_no_2_tors,,484406.c1,
484477b1,REMOVED,39790,,Zha16_no_2_tors,,484477.b1,
484522a1,REMOVED,39792,,Zha16_no_2_tors,,484522.a1,
484811a1,REMOVED,39806,,Zha16_no_2_tors,,484811.a1,
484898a1,REMOVED,39808,,Zha16_no_2_tors,,484898.a1,
484930b1,REMOVED,39809,,Zha16_no_2_tors,,484930.b1,
485254a1,REMOVED,39827,,Zha16_no_2_tors,,485254.a2,
485435b1,REMOVED,39835,,Zha16_no_2_tors,,485435.b1,
485771c1,REMOVED,39848,,Zha16_no_2_tors,,485771.c3,
486013d1,REMOVED,39866,,Zha16_no_2_tors,,486013.d1,
486082a1,REMOVED,39869,,Zha16_no_2_tors,,486082.a2,
486115d1,REMOVED,39871,,Zha16_no_2_tors,,486115.d1,
486406a1,REMOVED,39890,,Zha16_no_2_tors,,486406.a1,
486430a1,REMOVED,39891,,Zha16_no_2_tors,,486430.a1,
486434g1,REMOVED,39895,,Zha16_no_2_tors,,486434.g2,
486593a1,REMOVED,39903,,Zha16_no_2_tors,,486593.a1,
486842a1,REMOVED,39918,,Zha16_no_2_tors,,486842.a1,
486910i1,REMOVED,39922,,Zha16_no_2_tors,,486910.i2,
487070b1,REMOVED,39927,,Zha16_no_2_tors,,487070.b1,
487118d1,REMOVED,39934,,Zha16_no_2_tors,,487118.d1,
487595a1,REMOVED,39965,,Zha16_no_2_tors,,487595.a1,
488123a1,REMOVED,40003,,Zha16_no_2_tors,,488123.a1,
488147a1,REMOVED,40005,,Zha16_no_2_tors,,488147.a1,
488219a1,REMOVED,40011,,Zha16_no_2_tors,,488219.a1,
488555a1,REMOVED,40035,,Zha16_no_2_tors,,488555.a1,
488894h1,REMOVED,40059,,Zha16_no_2_tors,,488894.h1,
489038b1,REMOVED,40065,,Zha16_no_2_tors,,489038.b1,
489470a1,REMOVED,40091,,Zha16_no_2_tors,,489470.a1,
489638a1,REMOVED,40098,,Zha16_no_2_tors,,489638.a2,
489955c1,REMOVED,40116,,Zha16_no_2_tors,,489955.c2,
490211a1,REMOVED,40133,,Zha16_no_2_tors,,490211.a1,
490222b1,REMOVED,40135,,Zha16_no_2_tors,,490222.b2,
490282a1,REMOVED,40139,,Zha16_no_2_tors,,490282.a1,
490354c1,REMOVED,40144,,Zha16_no_2_tors,,490354.c1,
490613a1,REMOVED,40157,,Zha16_no_2_tors,,490613.a2,
490738b1,REMOVED,40165,,Zha16_no_2_tors,,490738.b1,
490934g1,REMOVED,40179,,Zha16_no_2_tors,,490934.g2,
491147a1,REMOVED,40192,,Zha16_no_2_tors,,491147.a1,
491774a1,REMOVED,40223,,Zha16_no_2_tors,,491774.a1,
491906a1,REMOVED,40231,,Zha16_no_2_tors,,491906.a1,
492170g1,REMOVED,40242,,Zha16_no_2_tors,,492170.g1,
492170h1,REMOVED,40243,,Zha16_no_2_tors,,492170.h1,
492193a1,REMOVED,40245,,Zha16_no_2_tors,,492193.a1,
492218a1,REMOVED,40247,,Zha16_no_2_tors,,492218.a1,
492362d1,REMOVED,40253,,Zha16_no_2_tors,,492362.d1,
492518b1,REMOVED,40268,,Zha16_no_2_tors,,492518.b1,
492571a1,REMOVED,40273,,Zha16_no_2_tors,,492571.a1,
492590c1,REMOVED,40274,,Zha16_no_2_tors,,492590.c2,
492626a1,REMOVED,40281,,Zha16_no_2_tors,,492626.a1,
492803a1,REMOVED,40286,,Zha16_no_2_tors,,492803.a1,
492830j1,REMOVED,40289,,Zha16_no_2_tors,,492830.j2,
492854c1,REMOVED,40293,,Zha16_no_2_tors,,492854.c1,
492898j1,REMOVED,40297,,Zha16_no_2_tors,,492898.j3,
492898l1,REMOVED,40298,,Zha16_no_2_tors,,492898.l1,
493073a1,REMOVED,40309,,Zha16_no_2_tors,,493073.a1,
493237a1,REMOVED,40319,,Zha16_no_2_tors,,493237.a1,
493658a1,REMOVED,40342,,Zha16_no_2_tors,,493658.a1,
493870d1,REMOVED,40355,,Zha16_no_2_tors,,493870.d1,
493886a1,REMOVED,40356,,Zha16_no_2_tors,,493886.a1,
494221c1,REMOVED,40371,,Zha16_no_2_tors,,494221.c3,
494426a1,REMOVED,40385,,Zha16_no_2_tors,,494426.a1,
494515c1,REMOVED,40390,,Zha16_no_2_tors,,494515.c1,
494714b1,REMOVED,40405,,Zha16_no_2_tors,,494714.b1,
494729a1,REMOVED,40406,,Zha16_no_2_tors,,494729.a1,
494770c1,REMOVED,40409,,Zha16_no_2_tors,,494770.c1,
494795a1,REMOVED,40410,,Zha16_no_2_tors,,494795.a1,
494914j1,REMOVED,40417,,Zha16_no_2_tors,,494914.j1,
495098a1,REMOVED,40428,,Zha16_no_2_tors,,495098.a1,
495494a1,REMOVED,40450,,Zha16_no_2_tors,,495494.a1,
495506c1,REMOVED,40451,,Zha16_no_2_tors,,495506.c1,
495826e1,REMOVED,40474,,Zha16_no_2_tors,,495826.e1,
495874b1,REMOVED,40475,,Zha16_no_2_tors,,495874.b1,
496022a1,REMOVED,40481,,Zha16_no_2_tors,,496022.a1,
496090a1,REMOVED,40487,,Zha16_no_2_tors,,496090.a1,
496097b1,REMOVED,40489,,Zha16_no_2_tors,,496097.b1,
496097c1,REMOVED,40490,,Zha16_no_2_tors,,496097.c1,
496978a1,REMOVED,40531,,Zha16_no_2_tors,,496978.a1,
497002i1,REMOVED,40535,,Zha16_no_2_tors,,497002.i1,
497002o1,REMOVED,40536,,Zha16_no_2_tors,,497002.o1,
497437a1,REMOVED,40568,,Zha16_no_2_tors,,497437.a1,
497510b1,REMOVED,40576,,Zha16_no_2_tors,,497510.b1,
497510c1,REMOVED,40577,,Zha16_no_2_tors,,497510.c1,
497674c1,REMOVED,40585,,Zha16_no_2_tors,,497674.c1,
497762b1,REMOVED,40594,,Zha16_no_2_tors,,497762.b1,
497845d1,REMOVED,40607,,Zha16_no_2_tors,,497845.d1,
498110a1,REMOVED,40623,,Zha16_no_2_tors,,498110.a1,
498155b1,REMOVED,40625,,Zha16_no_2_tors,,498155.b1,
498190a1,REMOVED,40627,,Zha16_no_2_tors,,498190.a1,
498866a1,REMOVED,40664,,Zha16_no_2_tors,,498866.a1,
499235c1,REMOVED,40696,,Zha16_no_2_tors,,499235.c1,
499330h1,REMOVED,40702,,Zha16_no_2_tors,,499330.h1,
499330i1,REMOVED,40703,,Zha16_no_2_tors,,499330.i1,
499358b1,REMOVED,40706,,Zha16_no_2_tors,,499358.b1,
499358e1,REMOVED,40709,,Zha16_no_2_tors,,499358.e2,
499402b1,REMOVED,40711,,Zha16_no_2_tors,,499402.b1,
499409b1,REMOVED,40714,,Zha16_no_2_tors,,499409.b1,
499517d1,REMOVED,40723,,Zha16_no_2_tors,,499517.d1,
499565a1,REMOVED,40727,,Zha16_no_2_tors,,499565.a1,
499843a1,REMOVED,40744,,Zha16_no_2_tors,,499843.a1,
499958a1,REMOVED,40748,,Zha16_no_2_tors,,499958.a1,
499961d1,REMOVED,40749,,Zha16_no_2_tors,,499961.d1,
