curve_label,source,lmfdb_label,algorithm1_failure_class,reason,twist_file_generator_commit
14a1,CLZ20,14.a6,ISOGENY_ONLY,BASE_ADDED_AFTER_TWIST_FILE_LAST_CHANGED,72867942accf94b9513857a2c0bae3895af8e9bc
26a1,Zha16_no_2_tors,26.a2,ISOGENY_ONLY,BASE_ADDED_AFTER_TWIST_FILE_LAST_CHANGED,72867942accf94b9513857a2c0bae3895af8e9bc
26b1,Zha16_no_2_tors,26.b2,BOTH,BASE_ADDED_AFTER_TWIST_FILE_LAST_CHANGED,72867942accf94b9513857a2c0bae3895af8e9bc
34a1,CLZ20,34.a4,ISOGENY_ONLY,BASE_ADDED_AFTER_TWIST_FILE_LAST_CHANGED,72867942accf94b9513857a2c0bae3895af8e9bc
35a1,Zha16_no_2_tors,35.a3,ISOGENY_ONLY,BASE_ADDED_AFTER_TWIST_FILE_LAST_CHANGED,72867942accf94b9513857a2c0bae3895af8e9bc
38a1,Zha16_no_2_tors,38.a3,ISOGENY_ONLY,BASE_ADDED_AFTER_TWIST_FILE_LAST_CHANGED,72867942accf94b9513857a2c0bae3895af8e9bc
38b1,Zha16_no_2_tors,38.b2,ISOGENY_ONLY,BASE_ADDED_AFTER_TWIST_FILE_LAST_CHANGED,72867942accf94b9513857a2c0bae3895af8e9bc
66c1,CLZ20,66.c3,ISOGENY_ONLY,BASE_ADDED_AFTER_TWIST_FILE_LAST_CHANGED,72867942accf94b9513857a2c0bae3895af8e9bc
106a1,Zha16_no_2_tors,106.c2,ISOGENY_ONLY,BASE_ADDED_AFTER_TWIST_FILE_LAST_CHANGED,72867942accf94b9513857a2c0bae3895af8e9bc
110b1,Zha16_no_2_tors,110.c1,ISOGENY_ONLY,BASE_ADDED_AFTER_TWIST_FILE_LAST_CHANGED,72867942accf94b9513857a2c0bae3895af8e9bc
110c1,Zha16_no_2_tors,110.a1,ISOGENY_ONLY,BASE_ADDED_AFTER_TWIST_FILE_LAST_CHANGED,72867942accf94b9513857a2c0bae3895af8e9bc
142d1,Zha16_no_2_tors,142.e2,ISOGENY_ONLY,BASE_ADDED_AFTER_TWIST_FILE_LAST_CHANGED,72867942accf94b9513857a2c0bae3895af8e9bc
170c1,Zha16_no_2_tors,170.e2,ISOGENY_ONLY,BASE_ADDED_AFTER_TWIST_FILE_LAST_CHANGED,72867942accf94b9513857a2c0bae3895af8e9bc
170d1,Zha16_no_2_tors,170.c1,ISOGENY_ONLY,BASE_ADDED_AFTER_TWIST_FILE_LAST_CHANGED,72867942accf94b9513857a2c0bae3895af8e9bc
174b1,Zha16_no_2_tors,174.e2,ISOGENY_ONLY,BASE_ADDED_AFTER_TWIST_FILE_LAST_CHANGED,72867942accf94b9513857a2c0bae3895af8e9bc
182b1,Zha16_no_2_tors,182.d3,ISOGENY_ONLY,BASE_ADDED_AFTER_TWIST_FILE_LAST_CHANGED,72867942accf94b9513857a2c0bae3895af8e9bc
186b1,Zha16_no_2_tors,186.c2,ISOGENY_ONLY,BASE_ADDED_AFTER_TWIST_FILE_LAST_CHANGED,72867942accf94b9513857a2c0bae3895af8e9bc
203a1,Zha16_no_2_tors,203.a2,ISOGENY_ONLY,BASE_ADDED_AFTER_TWIST_FILE_LAST_CHANGED,72867942accf94b9513857a2c0bae3895af8e9bc
246b1,Zha16_no_2_tors,246.g2,ISOGENY_ONLY,BASE_ADDED_AFTER_TWIST_FILE_LAST_CHANGED,72867942accf94b9513857a2c0bae3895af8e9bc
286a1,Zha16_no_2_tors,286.a1,ISOGENY_ONLY,BASE_ADDED_AFTER_TWIST_FILE_LAST_CHANGED,72867942accf94b9513857a2c0bae3895af8e9bc
326c1,Zha16_no_2_tors,326.a2,ISOGENY_ONLY,BASE_ADDED_AFTER_TWIST_FILE_LAST_CHANGED,72867942accf94b9513857a2c0bae3895af8e9bc
355a1,Zha16_no_2_tors,355.a2,ISOGENY_ONLY,BASE_ADDED_AFTER_TWIST_FILE_LAST_CHANGED,72867942accf94b9513857a2c0bae3895af8e9bc
358b1,Zha16_no_2_tors,358.b1,ISOGENY_ONLY,BASE_ADDED_AFTER_TWIST_FILE_LAST_CHANGED,72867942accf94b9513857a2c0bae3895af8e9bc
366b1,Zha16_no_2_tors,366.f2,ISOGENY_ONLY,BASE_ADDED_AFTER_TWIST_FILE_LAST_CHANGED,72867942accf94b9513857a2c0bae3895af8e9bc
370c1,Zha16_no_2_tors,370.a2,ISOGENY_ONLY,BASE_ADDED_AFTER_TWIST_FILE_LAST_CHANGED,72867942accf94b9513857a2c0bae3895af8e9bc
426a1,Zha16_no_2_tors,426.c2,ISOGENY_ONLY,BASE_ADDED_AFTER_TWIST_FILE_LAST_CHANGED,72867942accf94b9513857a2c0bae3895af8e9bc
434b1,Zha16_no_2_tors,434.d2,ISOGENY_ONLY,BASE_ADDED_AFTER_TWIST_FILE_LAST_CHANGED,72867942accf94b9513857a2c0bae3895af8e9bc
485a1,Zha16_no_2_tors,485.a2,ISOGENY_ONLY,BASE_ADDED_AFTER_TWIST_FILE_LAST_CHANGED,72867942accf94b9513857a2c0bae3895af8e9bc
506c1,Zha16_no_2_tors,506.b2,ISOGENY_ONLY,BASE_ADDED_AFTER_TWIST_FILE_LAST_CHANGED,72867942accf94b9513857a2c0bae3895af8e9bc
574j1,Zha16_no_2_tors,574.i2,ISOGENY_ONLY,BASE_ADDED_AFTER_TWIST_FILE_LAST_CHANGED,72867942accf94b9513857a2c0bae3895af8e9bc
606f1,Zha16_no_2_tors,606.f1,ISOGENY_ONLY,BASE_ADDED_AFTER_TWIST_FILE_LAST_CHANGED,72867942accf94b9513857a2c0bae3895af8e9bc
730b1,Zha16_no_2_tors,730.b2,ISOGENY_ONLY,BASE_ADDED_AFTER_TWIST_FILE_LAST_CHANGED,72867942accf94b9513857a2c0bae3895af8e9bc
730k1,Zha16_no_2_tors,730.k2,ISOGENY_ONLY,BASE_ADDED_AFTER_TWIST_FILE_LAST_CHANGED,72867942accf94b9513857a2c0bae3895af8e9bc
786m1,Zha16_no_2_tors,786.m2,ISOGENY_ONLY,BASE_ADDED_AFTER_TWIST_FILE_LAST_CHANGED,72867942accf94b9513857a2c0bae3895af8e9bc
874f1,Zha16_no_2_tors,874.f2,ISOGENY_ONLY,BASE_ADDED_AFTER_TWIST_FILE_LAST_CHANGED,72867942accf94b9513857a2c0bae3895af8e9bc
901c1,Zha16_no_2_tors,901.e2,ISOGENY_ONLY,BASE_ADDED_AFTER_TWIST_FILE_LAST_CHANGED,72867942accf94b9513857a2c0bae3895af8e9bc
934b1,Zha16_no_2_tors,934.b2,ISOGENY_ONLY,BASE_ADDED_AFTER_TWIST_FILE_LAST_CHANGED,72867942accf94b9513857a2c0bae3895af8e9bc
1042c1,Zha16_no_2_tors,1042.b2,ISOGENY_ONLY,BASE_ADDED_AFTER_TWIST_FILE_LAST_CHANGED,72867942accf94b9513857a2c0bae3895af8e9bc
1090h1,Zha16_no_2_tors,1090.f2,ISOGENY_ONLY,BASE_ADDED_AFTER_TWIST_FILE_LAST_CHANGED,72867942accf94b9513857a2c0bae3895af8e9bc
1118a1,Zha16_no_2_tors,1118.a2,ISOGENY_ONLY,BASE_ADDED_AFTER_TWIST_FILE_LAST_CHANGED,72867942accf94b9513857a2c0bae3895af8e9bc
1230k1,Zha16_no_2_tors,1230.k2,ISOGENY_ONLY,BASE_ADDED_AFTER_TWIST_FILE_LAST_CHANGED,72867942accf94b9513857a2c0bae3895af8e9bc
1254k1,Zha16_no_2_tors,1254.j2,ISOGENY_ONLY,BASE_ADDED_AFTER_TWIST_FILE_LAST_CHANGED,72867942accf94b9513857a2c0bae3895af8e9bc
1342c1,Zha16_no_2_tors,1342.b3,ISOGENY_ONLY,BASE_ADDED_AFTER_TWIST_FILE_LAST_CHANGED,72867942accf94b9513857a2c0bae3895af8e9bc
1379a1,Zha16_no_2_tors,1379.a1,ISOGENY_ONLY,BASE_ADDED_AFTER_TWIST_FILE_LAST_CHANGED,72867942accf94b9513857a2c0bae3895af8e9bc
1426b1,CLZ20,1426.b4,ISOGENY_ONLY,BASE_ADDED_AFTER_TWIST_FILE_LAST_CHANGED,72867942accf94b9513857a2c0bae3895af8e9bc
1726b1,Zha16_no_2_tors,1726.b2,ISOGENY_ONLY,BASE_ADDED_AFTER_TWIST_FILE_LAST_CHANGED,72867942accf94b9513857a2c0bae3895af8e9bc
1730a1,Zha16_no_2_tors,1730.a1,ISOGENY_ONLY,BASE_ADDED_AFTER_TWIST_FILE_LAST_CHANGED,72867942accf94b9513857a2c0bae3895af8e9bc
1771c1,Zha16_no_2_tors,1771.c1,ISOGENY_ONLY,BASE_ADDED_AFTER_TWIST_FILE_LAST_CHANGED,72867942accf94b9513857a2c0bae3895af8e9bc
1866i1,Zha16_no_2_tors,1866.i2,ISOGENY_ONLY,BASE_ADDED_AFTER_TWIST_FILE_LAST_CHANGED,72867942accf94b9513857a2c0bae3895af8e9bc
1914o1,Zha16_no_2_tors,1914.o1,ISOGENY_ONLY,BASE_ADDED_AFTER_TWIST_FILE_LAST_CHANGED,72867942accf94b9513857a2c0bae3895af8e9bc
1990d1,Zha16_no_2_tors,1990.c2,ISOGENY_ONLY,BASE_ADDED_AFTER_TWIST_FILE_LAST_CHANGED,72867942accf94b9513857a2c0bae3895af8e9bc
2090m1,Zha16_no_2_tors,2090.o2,ISOGENY_ONLY,BASE_ADDED_AFTER_TWIST_FILE_LAST_CHANGED,72867942accf94b9513857a2c0bae3895af8e9bc
2170f1,Zha16_no_2_tors,2170.e2,ISOGENY_ONLY,BASE_ADDED_AFTER_TWIST_FILE_LAST_CHANGED,72867942accf94b9513857a2c0bae3895af8e9bc
2318e1,Zha16_no_2_tors,2318.d2,ISOGENY_ONLY,BASE_ADDED_AFTER_TWIST_FILE_LAST_CHANGED,72867942accf94b9513857a2c0bae3895af8e9bc
2390a1,Zha16_no_2_tors,2390.a1,ISOGENY_ONLY,BASE_ADDED_AFTER_TWIST_FILE_LAST_CHANGED,72867942accf94b9513857a2c0bae3895af8e9bc
2414c1,Zha16_no_2_tors,2414.e1,ISOGENY_ONLY,BASE_ADDED_AFTER_TWIST_FILE_LAST_CHANGED,72867942accf94b9513857a2c0bae3895af8e9bc
2518c1,Zha16_no_2_tors,2518.c2,ISOGENY_ONLY,BASE_ADDED_AFTER_TWIST_FILE_LAST_CHANGED,72867942accf94b9513857a2c0bae3895af8e9bc
2534i1,Zha16_no_2_tors,2534.g2,ISOGENY_ONLY,BASE_ADDED_AFTER_TWIST_FILE_LAST_CHANGED,72867942accf94b9513857a2c0bae3895af8e9bc
2563b1,Zha16_no_2_tors,2563.c2,ISOGENY_ONLY,BASE_ADDED_AFTER_TWIST_FILE_LAST_CHANGED,72867942accf94b9513857a2c0bae3895af8e9bc
2590c1,Zha16_no_2_tors,2590.a2,ISOGENY_ONLY,BASE_ADDED_AFTER_TWIST_FILE_LAST_CHANGED,72867942accf94b9513857a2c0bae3895af8e9bc
2710f1,Zha16_no_2_tors,2710.e1,ISOGENY_ONLY,BASE_ADDED_AFTER_TWIST_FILE_LAST_CHANGED,72867942accf94b9513857a2c0bae3895af8e9bc
2726c1,Zha16_no_2_tors,2726.a2,ISOGENY_ONLY,BASE_ADDED_AFTER_TWIST_FILE_LAST_CHANGED,72867942accf94b9513857a2c0bae3895af8e9bc
2771a1,Zha16_no_2_tors,2771.a2,ISOGENY_ONLY,BASE_ADDED_AFTER_TWIST_FILE_LAST_CHANGED,72867942accf94b9513857a2c0bae3895af8e9bc
2822a1,Zha16_no_2_tors,2822.b1,ISOGENY_ONLY,BASE_ADDED_AFTER_TWIST_FILE_LAST_CHANGED,72867942accf94b9513857a2c0bae3895af8e9bc
2938c1,Zha16_no_2_tors,2938.a2,ISOGENY_ONLY,BASE_ADDED_AFTER_TWIST_FILE_LAST_CHANGED,72867942accf94b9513857a2c0bae3895af8e9bc
3094h1,Zha16_no_2_tors,3094.e2,ISOGENY_ONLY,BASE_ADDED_AFTER_TWIST_FILE_LAST_CHANGED,72867942accf94b9513857a2c0bae3895af8e9bc
3190a1,Zha16_no_2_tors,3190.a2,ISOGENY_ONLY,BASE_ADDED_AFTER_TWIST_FILE_LAST_CHANGED,72867942accf94b9513857a2c0bae3895af8e9bc
3230b1,Zha16_no_2_tors,3230.b2,ISOGENY_ONLY,BASE_ADDED_AFTER_TWIST_FILE_LAST_CHANGED,72867942accf94b9513857a2c0bae3895af8e9bc
3235b1,Zha16_no_2_tors,3235.b1,ISOGENY_ONLY,BASE_ADDED_AFTER_TWIST_FILE_LAST_CHANGED,72867942accf94b9513857a2c0bae3895af8e9bc
3278a1,Zha16_no_2_tors,3278.c1,ISOGENY_ONLY,BASE_ADDED_AFTER_TWIST_FILE_LAST_CHANGED,72867942accf94b9513857a2c0bae3895af8e9bc
3514c1,Zha16_no_2_tors,3514.b2,ISOGENY_ONLY,BASE_ADDED_AFTER_TWIST_FILE_LAST_CHANGED,72867942accf94b9513857a2c0bae3895af8e9bc
3590b1,Zha16_no_2_tors,3590.a2,ISOGENY_ONLY,BASE_ADDED_AFTER_TWIST_FILE_LAST_CHANGED,72867942accf94b9513857a2c0bae3895af8e9bc
3605c1,Zha16_no_2_tors,3605.c3,ISOGENY_ONLY,BASE_ADDED_AFTER_TWIST_FILE_LAST_CHANGED,72867942accf94b9513857a2c0bae3895af8e9bc
3962c1,Zha16_no_2_tors,3962.c3,ISOGENY_ONLY,BASE_ADDED_AFTER_TWIST_FILE_LAST_CHANGED,72867942accf94b9513857a2c0bae3895af8e9bc
4011d1,Zha16_no_2_tors,4011.a2,ISOGENY_ONLY,BASE_ADDED_AFTER_TWIST_FILE_LAST_CHANGED,72867942accf94b9513857a2c0bae3895af8e9bc
4042a1,Zha16_no_2_tors,4042.a1,ISOGENY_ONLY,BASE_ADDED_AFTER_TWIST_FILE_LAST_CHANGED,72867942accf94b9513857a2c0bae3895af8e9bc
4045a1,Zha16_no_2_tors,4045.a2,ISOGENY_ONLY,BASE_ADDED_AFTER_TWIST_FILE_LAST_CHANGED,72867942accf94b9513857a2c0bae3895af8e9bc
4066a1,Zha16_no_2_tors,4066.a1,ISOGENY_ONLY,BASE_ADDED_AFTER_TWIST_FILE_LAST_CHANGED,72867942accf94b9513857a2c0bae3895af8e9bc
4294h1,Zha16_no_2_tors,4294.f2,ISOGENY_ONLY,BASE_ADDED_AFTER_TWIST_FILE_LAST_CHANGED,72867942accf94b9513857a2c0bae3895af8e9bc
4387a1,Zha16_no_2_tors,4387.a2,ISOGENY_ONLY,BASE_ADDED_AFTER_TWIST_FILE_LAST_CHANGED,72867942accf94b9513857a2c0bae3895af8e9bc
4389k1,Zha16_no_2_tors,4389.b2,ISOGENY_ONLY,BASE_ADDED_AFTER_TWIST_FILE_LAST_CHANGED,72867942accf94b9513857a2c0bae3895af8e9bc
4667a1,Zha16_no_2_tors,4667.a1,ISOGENY_ONLY,BASE_ADDED_AFTER_TWIST_FILE_LAST_CHANGED,72867942accf94b9513857a2c0bae3895af8e9bc
4826c1,Zha16_no_2_tors,4826.b1,ISOGENY_ONLY,BASE_ADDED_AFTER_TWIST_FILE_LAST_CHANGED,72867942accf94b9513857a2c0bae3895af8e9bc
4907a1,Zha16_no_2_tors,4907.c1,ISOGENY_ONLY,BASE_ADDED_AFTER_TWIST_FILE_LAST_CHANGED,72867942accf94b9513857a2c0bae3895af8e9bc
5010h1,Zha16_no_2_tors,5010.h2,ISOGENY_ONLY,BASE_ADDED_AFTER_TWIST_FILE_LAST_CHANGED,72867942accf94b9513857a2c0bae3895af8e9bc
5014a1,Zha16_no_2_tors,5014.a1,ISOGENY_ONLY,BASE_ADDED_AFTER_TWIST_FILE_LAST_CHANGED,72867942accf94b9513857a2c0bae3895af8e9bc
5278c1,Zha16_no_2_tors,5278.a3,ISOGENY_ONLY,BASE_ADDED_AFTER_TWIST_FILE_LAST_CHANGED,72867942accf94b9513857a2c0bae3895af8e9bc
5278g1,Zha16_no_2_tors,5278.d2,ISOGENY_ONLY,BASE_ADDED_AFTER_TWIST_FILE_LAST_CHANGED,72867942accf94b9513857a2c0bae3895af8e9bc
5306d1,Zha16_no_2_tors,5306.d1,ISOGENY_ONLY,BASE_ADDED_AFTER_TWIST_FILE_LAST_CHANGED,72867942accf94b9513857a2c0bae3895af8e9bc
5395b1,Zha16_no_2_tors,5395.b1,ISOGENY_ONLY,BASE_ADDED_AFTER_TWIST_FILE_LAST_CHANGED,72867942accf94b9513857a2c0bae3895af8e9bc
5518a1,Zha16_no_2_tors,5518.a2,ISOGENY_ONLY,BASE_ADDED_AFTER_TWIST_FILE_LAST_CHANGED,72867942accf94b9513857a2c0bae3895af8e9bc
5691g1,Zha16_no_2_tors,5691.a2,ISOGENY_ONLY,BASE_ADDED_AFTER_TWIST_FILE_LAST_CHANGED,72867942accf94b9513857a2c0bae3895af8e9bc
5890d1,Zha16_no_2_tors,5890.a3,ISOGENY_ONLY,BASE_ADDED_AFTER_TWIST_FILE_LAST_CHANGED,72867942accf94b9513857a2c0bae3895af8e9bc
6130c1,Zha16_no_2_tors,6130.c1,ISOGENY_ONLY,BASE_ADDED_AFTER_TWIST_FILE_LAST_CHANGED,72867942accf94b9513857a2c0bae3895af8e9bc
6205b1,Zha16_no_2_tors,6205.b2,ISOGENY_ONLY,BASE_ADDED_AFTER_TWIST_FILE_LAST_CHANGED,72867942accf94b9513857a2c0bae3895af8e9bc
6603b1,Zha16_no_2_tors,6603.a2,ISOGENY_ONLY,BASE_ADDED_AFTER_TWIST_FILE_LAST_CHANGED,72867942accf94b9513857a2c0bae3895af8e9bc
6690j1,Zha16_no_2_tors,6690.j2,ISOGENY_ONLY,BASE_ADDED_AFTER_TWIST_FILE_LAST_CHANGED,72867942accf94b9513857a2c0bae3895af8e9bc
6715b1,Zha16_no_2_tors,6715.c2,ISOGENY_ONLY,BASE_ADDED_AFTER_TWIST_FILE_LAST_CHANGED,72867942accf94b9513857a2c0bae3895af8e9bc
6806e1,Zha16_no_2_tors,6806.f2,ISOGENY_ONLY,BASE_ADDED_AFTER_TWIST_FILE_LAST_CHANGED,72867942accf94b9513857a2c0bae3895af8e9bc
6886a1,Zha16_no_2_tors,6886.a2,ISOGENY_ONLY,BASE_ADDED_AFTER_TWIST_FILE_LAST_CHANGED,72867942accf94b9513857a2c0bae3895af8e9bc
7130a1,Zha16_no_2_tors,7130.e1,ISOGENY_ONLY,BASE_ADDED_AFTER_TWIST_FILE_LAST_CHANGED,72867942accf94b9513857a2c0bae3895af8e9bc
7162b1,Zha16_no_2_tors,7162.b1,ISOGENY_ONLY,BASE_ADDED_AFTER_TWIST_FILE_LAST_CHANGED,72867942accf94b9513857a2c0bae3895af8e9bc
7310c1,Zha16_no_2_tors,7310.a2,ISOGENY_ONLY,BASE_ADDED_AFTER_TWIST_FILE_LAST_CHANGED,72867942accf94b9513857a2c0bae3895af8e9bc
7315b1,Zha16_no_2_tors,7315.b1,ISOGENY_ONLY,BASE_ADDED_AFTER_TWIST_FILE_LAST_CHANGED,72867942accf94b9513857a2c0bae3895af8e9bc
7370j1,Zha16_no_2_tors,7370.g2,ISOGENY_ONLY,BASE_ADDED_AFTER_TWIST_FILE_LAST_CHANGED,72867942accf94b9513857a2c0bae3895af8e9bc
7598h1,Zha16_no_2_tors,7598.k1,ISOGENY_ONLY,BASE_ADDED_AFTER_TWIST_FILE_LAST_CHANGED,72867942accf94b9513857a2c0bae3895af8e9bc
7667a1,Zha16_no_2_tors,7667.a2,ISOGENY_ONLY,BASE_ADDED_AFTER_TWIST_FILE_LAST_CHANGED,72867942accf94b9513857a2c0bae3895af8e9bc
7939a1,Zha16_no_2_tors,7939.a1,ISOGENY_ONLY,BASE_ADDED_AFTER_TWIST_FILE_LAST_CHANGED,72867942accf94b9513857a2c0bae3895af8e9bc
8098b1,Zha16_no_2_tors,8098.d2,ISOGENY_ONLY,BASE_ADDED_AFTER_TWIST_FILE_LAST_CHANGED,72867942accf94b9513857a2c0bae3895af8e9bc
8194a1,Zha16_no_2_tors,8194.a1,ISOGENY_ONLY,BASE_ADDED_AFTER_TWIST_FILE_LAST_CHANGED,72867942accf94b9513857a2c0bae3895af8e9bc
8283j1,Zha16_no_2_tors,8283.a2,ISOGENY_ONLY,BASE_ADDED_AFTER_TWIST_FILE_LAST_CHANGED,72867942accf94b9513857a2c0bae3895af8e9bc
8323c1,Zha16_no_2_tors,8323.a1,ISOGENY_ONLY,BASE_ADDED_AFTER_TWIST_FILE_LAST_CHANGED,72867942accf94b9513857a2c0bae3895af8e9bc
8414h1,Zha16_no_2_tors,8414.e2,ISOGENY_ONLY,BASE_ADDED_AFTER_TWIST_FILE_LAST_CHANGED,72867942accf94b9513857a2c0bae3895af8e9bc
8437b1,Zha16_no_2_tors,8437.b2,ISOGENY_ONLY,BASE_ADDED_AFTER_TWIST_FILE_LAST_CHANGED,72867942accf94b9513857a2c0bae3895af8e9bc
8510f1,Zha16_no_2_tors,8510.g2,ISOGENY_ONLY,BASE_ADDED_AFTER_TWIST_FILE_LAST_CHANGED,72867942accf94b9513857a2c0bae3895af8e9bc
8531a1,Zha16_no_2_tors,8531.a2,ISOGENY_ONLY,BASE_ADDED_AFTER_TWIST_FILE_LAST_CHANGED,72867942accf94b9513857a2c0bae3895af8e9bc
8827c1,Zha16_no_2_tors,8827.c3,ISOGENY_ONLY,BASE_ADDED_AFTER_TWIST_FILE_LAST_CHANGED,72867942accf94b9513857a2c0bae3895af8e9bc
8834e1,Zha16_no_2_tors,8834.d2,ISOGENY_ONLY,BASE_ADDED_AFTER_TWIST_FILE_LAST_CHANGED,72867942accf94b9513857a2c0bae3895af8e9bc
8899a1,Zha16_no_2_tors,8899.a1,ISOGENY_ONLY,BASE_ADDED_AFTER_TWIST_FILE_LAST_CHANGED,72867942accf94b9513857a2c0bae3895af8e9bc
8930l1,Zha16_no_2_tors,8930.i2,ISOGENY_ONLY,BASE_ADDED_AFTER_TWIST_FILE_LAST_CHANGED,72867942accf94b9513857a2c0bae3895af8e9bc
9022a1,Zha16_no_2_tors,9022.a1,ISOGENY_ONLY,BASE_ADDED_AFTER_TWIST_FILE_LAST_CHANGED,72867942accf94b9513857a2c0bae3895af8e9bc
9062a1,Zha16_no_2_tors,9062.a2,ISOGENY_ONLY,BASE_ADDED_AFTER_TWIST_FILE_LAST_CHANGED,72867942accf94b9513857a2c0bae3895af8e9bc
9266c1,Zha16_no_2_tors,9266.e1,ISOGENY_ONLY,BASE_ADDED_AFTER_TWIST_FILE_LAST_CHANGED,72867942accf94b9513857a2c0bae3895af8e9bc
9286b1,Zha16_no_2_tors,9286.b2,ISOGENY_ONLY,BASE_ADDED_AFTER_TWIST_FILE_LAST_CHANGED,72867942accf94b9513857a2c0bae3895af8e9bc
9394d1,Zha16_no_2_tors,9394.c2,ISOGENY_ONLY,BASE_ADDED_AFTER_TWIST_FILE_LAST_CHANGED,72867942accf94b9513857a2c0bae3895af8e9bc
9394l1,Zha16_no_2_tors,9394.l3,ISOGENY_ONLY,BASE_ADDED_AFTER_TWIST_FILE_LAST_CHANGED,72867942accf94b9513857a2c0bae3895af8e9bc
9574e1,Zha16_no_2_tors,9574.e1,ISOGENY_ONLY,BASE_ADDED_AFTER_TWIST_FILE_LAST_CHANGED,72867942accf94b9513857a2c0bae3895af8e9bc
9595a1,Zha16_no_2_tors,9595.a2,ISOGENY_ONLY,BASE_ADDED_AFTER_TWIST_FILE_LAST_CHANGED,72867942accf94b9513857a2c0bae3895af8e9bc
9718b1,Zha16_no_2_tors,9718.b2,ISOGENY_ONLY,BASE_ADDED_AFTER_TWIST_FILE_LAST_CHANGED,72867942accf94b9513857a2c0bae3895af8e9bc
9766c1,Zha16_no_2_tors,9766.a1,ISOGENY_ONLY,BASE_ADDED_AFTER_TWIST_FILE_LAST_CHANGED,72867942accf94b9513857a2c0bae3895af8e9bc
9934g1,Zha16_no_2_tors,9934.e1,ISOGENY_ONLY,BASE_ADDED_AFTER_TWIST_FILE_LAST_CHANGED,72867942accf94b9513857a2c0bae3895af8e9bc
10010e1,Zha16_no_2_tors,10010.g1,ISOGENY_ONLY,BASE_ADDED_AFTER_TWIST_FILE_LAST_CHANGED,72867942accf94b9513857a2c0bae3895af8e9bc
10010l1,Zha16_no_2_tors,10010.h1,ISOGENY_ONLY,BASE_ADDED_AFTER_TWIST_FILE_LAST_CHANGED,72867942accf94b9513857a2c0bae3895af8e9bc
10106a1,Zha16_no_2_tors,10106.a2,ISOGENY_ONLY,BASE_ADDED_AFTER_TWIST_FILE_LAST_CHANGED,72867942accf94b9513857a2c0bae3895af8e9bc
10310b1,Zha16_no_2_tors,10310.b2,ISOGENY_ONLY,BASE_ADDED_AFTER_TWIST_FILE_LAST_CHANGED,72867942accf94b9513857a2c0bae3895af8e9bc
10370b1,Zha16_no_2_tors,10370.c2,ISOGENY_ONLY,BASE_ADDED_AFTER_TWIST_FILE_LAST_CHANGED,72867942accf94b9513857a2c0bae3895af8e9bc
10470d1,Zha16_no_2_tors,10470.d1,ISOGENY_ONLY,BASE_ADDED_AFTER_TWIST_FILE_LAST_CHANGED,72867942accf94b9513857a2c0bae3895af8e9bc
10538b1,Zha16_no_2_tors,10538.a2,ISOGENY_ONLY,BASE_ADDED_AFTER_TWIST_FILE_LAST_CHANGED,72867942accf94b9513857a2c0bae3895af8e9bc
10621c1,Zha16_no_2_tors,10621.c3,ISOGENY_ONLY,BASE_ADDED_AFTER_TWIST_FILE_LAST_CHANGED,72867942accf94b9513857a2c0bae3895af8e9bc
10790j1,Zha16_no_2_tors,10790.i2,ISOGENY_ONLY,BASE_ADDED_AFTER_TWIST_FILE_LAST_CHANGED,72867942accf94b9513857a2c0bae3895af8e9bc
10846f1,Zha16_no_2_tors,10846.e2,ISOGENY_ONLY,BASE_ADDED_AFTER_TWIST_FILE_LAST_CHANGED,72867942accf94b9513857a2c0bae3895af8e9bc
10990g1,Zha16_no_2_tors,10990.g3,ISOGENY_ONLY,BASE_ADDED_AFTER_TWIST_FILE_LAST_CHANGED,72867942accf94b9513857a2c0bae3895af8e9bc
10990i1,Zha16_no_2_tors,10990.b2,ISOGENY_ONLY,BASE_ADDED_AFTER_TWIST_FILE_LAST_CHANGED,72867942accf94b9513857a2c0bae3895af8e9bc
11170d1,Zha16_no_2_tors,11170.e2,ISOGENY_ONLY,BASE_ADDED_AFTER_TWIST_FILE_LAST_CHANGED,72867942accf94b9513857a2c0bae3895af8e9bc
11219a1,Zha16_no_2_tors,11219.b1,ISOGENY_ONLY,BASE_ADDED_AFTER_TWIST_FILE_LAST_CHANGED,72867942accf94b9513857a2c0bae3895af8e9bc
11590o1,Zha16_no_2_tors,11590.m2,ISOGENY_ONLY,BASE_ADDED_AFTER_TWIST_FILE_LAST_CHANGED,72867942accf94b9513857a2c0bae3895af8e9bc
11914e1,Zha16_no_2_tors,11914.b3,ISOGENY_ONLY,BASE_ADDED_AFTER_TWIST_FILE_LAST_CHANGED,72867942accf94b9513857a2c0bae3895af8e9bc
12122b1,Zha16_no_2_tors,12122.b1,ISOGENY_ONLY,BASE_ADDED_AFTER_TWIST_FILE_LAST_CHANGED,72867942accf94b9513857a2c0bae3895af8e9bc
12122d1,Zha16_no_2_tors,12122.e2,ISOGENY_ONLY,BASE_ADDED_AFTER_TWIST_FILE_LAST_CHANGED,72867942accf94b9513857a2c0bae3895af8e9bc
12194d1,Zha16_no_2_tors,12194.b1,ISOGENY_ONLY,BASE_ADDED_AFTER_TWIST_FILE_LAST_CHANGED,72867942accf94b9513857a2c0bae3895af8e9bc
12334b1,Zha16_no_2_tors,12334.a1,ISOGENY_ONLY,BASE_ADDED_AFTER_TWIST_FILE_LAST_CHANGED,72867942accf94b9513857a2c0bae3895af8e9bc
12470b1,Zha16_no_2_tors,12470.f2,ISOGENY_ONLY,BASE_ADDED_AFTER_TWIST_FILE_LAST_CHANGED,72867942accf94b9513857a2c0bae3895af8e9bc
12530h1,Zha16_no_2_tors,12530.a2,ISOGENY_ONLY,BASE_ADDED_AFTER_TWIST_FILE_LAST_CHANGED,72867942accf94b9513857a2c0bae3895af8e9bc
12643a1,Zha16_no_2_tors,12643.a2,ISOGENY_ONLY,BASE_ADDED_AFTER_TWIST_FILE_LAST_CHANGED,72867942accf94b9513857a2c0bae3895af8e9bc
13045c1,Zha16_no_2_tors,13045.b2,ISOGENY_ONLY,BASE_ADDED_AFTER_TWIST_FILE_LAST_CHANGED,72867942accf94b9513857a2c0bae3895af8e9bc
13090l1,Zha16_no_2_tors,13090.j2,ISOGENY_ONLY,BASE_ADDED_AFTER_TWIST_FILE_LAST_CHANGED,72867942accf94b9513857a2c0bae3895af8e9bc
13090m1,Zha16_no_2_tors,13090.k1,ISOGENY_ONLY,BASE_ADDED_AFTER_TWIST_FILE_LAST_CHANGED,72867942accf94b9513857a2c0bae3895af8e9bc
13510f1,Zha16_no_2_tors,13510.f2,ISOGENY_ONLY,BASE_ADDED_AFTER_TWIST_FILE_LAST_CHANGED,72867942accf94b9513857a2c0bae3895af8e9bc
13610e1,Zha16_no_2_tors,13610.f2,ISOGENY_ONLY,BASE_ADDED_AFTER_TWIST_FILE_LAST_CHANGED,72867942accf94b9513857a2c0bae3895af8e9bc
13634a1,Zha16_no_2_tors,13634.a1,ISOGENY_ONLY,BASE_ADDED_AFTER_TWIST_FILE_LAST_CHANGED,72867942accf94b9513857a2c0bae3895af8e9bc
13826e1,Zha16_no_2_tors,13826.f1,ISOGENY_ONLY,BASE_ADDED_AFTER_TWIST_FILE_LAST_CHANGED,72867942accf94b9513857a2c0bae3895af8e9bc
13826f1,Zha16_no_2_tors,13826.e2,ISOGENY_ONLY,BASE_ADDED_AFTER_TWIST_FILE_LAST_CHANGED,72867942accf94b9513857a2c0bae3895af8e9bc
13930k1,Zha16_no_2_tors,13930.i3,ISOGENY_ONLY,BASE_ADDED_AFTER_TWIST_FILE_LAST_CHANGED,72867942accf94b9513857a2c0bae3895af8e9bc
14042f1,Zha16_no_2_tors,14042.d2,ISOGENY_ONLY,BASE_ADDED_AFTER_TWIST_FILE_LAST_CHANGED,72867942accf94b9513857a2c0bae3895af8e9bc
14315d1,Zha16_no_2_tors,14315.c3,ISOGENY_ONLY,BASE_ADDED_AFTER_TWIST_FILE_LAST_CHANGED,72867942accf94b9513857a2c0bae3895af8e9bc
14331d1,Zha16_no_2_tors,14331.b2,ISOGENY_ONLY,BASE_ADDED_AFTER_TWIST_FILE_LAST_CHANGED,72867942accf94b9513857a2c0bae3895af8e9bc
14395a1,Zha16_no_2_tors,14395.a1,ISOGENY_ONLY,BASE_ADDED_AFTER_TWIST_FILE_LAST_CHANGED,72867942accf94b9513857a2c0bae3895af8e9bc
14726b1,Zha16_no_2_tors,14726.b2,ISOGENY_ONLY,BASE_ADDED_AFTER_TWIST_FILE_LAST_CHANGED,72867942accf94b9513857a2c0bae3895af8e9bc
14770e1,Zha16_no_2_tors,14770.a1,ISOGENY_ONLY,BASE_ADDED_AFTER_TWIST_FILE_LAST_CHANGED,72867942accf94b9513857a2c0bae3895af8e9bc
15155c1,Zha16_no_2_tors,15155.c2,ISOGENY_ONLY,BASE_ADDED_AFTER_TWIST_FILE_LAST_CHANGED,72867942accf94b9513857a2c0bae3895af8e9bc
15314e1,Zha16_no_2_tors,15314.f2,ISOGENY_ONLY,BASE_ADDED_AFTER_TWIST_FILE_LAST_CHANGED,72867942accf94b9513857a2c0bae3895af8e9bc
15458a1,Zha16_no_2_tors,15458.a2,ISOGENY_ONLY,BASE_ADDED_AFTER_TWIST_FILE_LAST_CHANGED,72867942accf94b9513857a2c0bae3895af8e9bc
15515a1,Zha16_no_2_tors,15515.b2,ISOGENY_ONLY,BASE_ADDED_AFTER_TWIST_FILE_LAST_CHANGED,72867942accf94b9513857a2c0bae3895af8e9bc
15598a1,Zha16_no_2_tors,15598.b2,ISOGENY_ONLY,BASE_ADDED_AFTER_TWIST_FILE_LAST_CHANGED,72867942accf94b9513857a2c0bae3895af8e9bc
15755b1,Zha16_no_2_tors,15755.c1,ISOGENY_ONLY,BASE_ADDED_AFTER_TWIST_FILE_LAST_CHANGED,72867942accf94b9513857a2c0bae3895af8e9bc
16330b1,Zha16_no_2_tors,16330.c2,ISOGENY_ONLY,BASE_ADDED_AFTER_TWIST_FILE_LAST_CHANGED,72867942accf94b9513857a2c0bae3895af8e9bc
16354e1,Zha16_no_2_tors,16354.h2,ISOGENY_ONLY,BASE_ADDED_AFTER_TWIST_FILE_LAST_CHANGED,72867942accf94b9513857a2c0bae3895af8e9bc
16507a1,Zha16_no_2_tors,16507.a1,ISOGENY_ONLY,BASE_ADDED_AFTER_TWIST_FILE_LAST_CHANGED,72867942accf94b9513857a2c0bae3895af8e9bc
16555f1,Zha16_no_2_tors,16555.d3,ISOGENY_ONLY,BASE_ADDED_AFTER_TWIST_FILE_LAST_CHANGED,72867942accf94b9513857a2c0bae3895af8e9bc
16702a1,Zha16_no_2_tors,16702.a1,ISOGENY_ONLY,BASE_ADDED_AFTER_TWIST_FILE_LAST_CHANGED,72867942accf94b9513857a2c0bae3895af8e9bc
16738b1,Zha16_no_2_tors,16738.a1,ISOGENY_ONLY,BASE_ADDED_AFTER_TWIST_FILE_LAST_CHANGED,72867942accf94b9513857a2c0bae3895af8e9bc
16870b1,Zha16_no_2_tors,16870.a3,ISOGENY_ONLY,BASE_ADDED_AFTER_TWIST_FILE_LAST_CHANGED,72867942accf94b9513857a2c0bae3895af8e9bc
16910f1,Zha16_no_2_tors,16910.c2,ISOGENY_ONLY,BASE_ADDED_AFTER_TWIST_FILE_LAST_CHANGED,72867942accf94b9513857a2c0bae3895af8e9bc
17030e1,Zha16_no_2_tors,17030.e2,ISOGENY_ONLY,BASE_ADDED_AFTER_TWIST_FILE_LAST_CHANGED,72867942accf94b9513857a2c0bae3895af8e9bc
17195a1,Zha16_no_2_tors,17195.a2,ISOGENY_ONLY,BASE_ADDED_AFTER_TWIST_FILE_LAST_CHANGED,72867942accf94b9513857a2c0bae3895af8e9bc
17822f1,Zha16_no_2_tors,17822.a2,ISOGENY_ONLY,BASE_ADDED_AFTER_TWIST_FILE_LAST_CHANGED,72867942accf94b9513857a2c0bae3895af8e9bc
18246e1,Zha16_no_2_tors,18246.e1,ISOGENY_ONLY,BASE_ADDED_AFTER_TWIST_FILE_LAST_CHANGED,72867942accf94b9513857a2c0bae3895af8e9bc
18458d1,Zha16_no_2_tors,18458.e2,ISOGENY_ONLY,BASE_ADDED_AFTER_TWIST_FILE_LAST_CHANGED,72867942accf94b9513857a2c0bae3895af8e9bc
18858j1,Zha16_no_2_tors,18858.i2,ISOGENY_ONLY,BASE_ADDED_AFTER_TWIST_FILE_LAST_CHANGED,72867942accf94b9513857a2c0bae3895af8e9bc
18974b1,Zha16_no_2_tors,18974.a1,ISOGENY_ONLY,BASE_ADDED_AFTER_TWIST_FILE_LAST_CHANGED,72867942accf94b9513857a2c0bae3895af8e9bc
19189b1,Zha16_no_2_tors,19189.b2,ISOGENY_ONLY,BASE_ADDED_AFTER_TWIST_FILE_LAST_CHANGED,72867942accf94b9513857a2c0bae3895af8e9bc
19610d1,Zha16_no_2_tors,19610.c2,ISOGENY_ONLY,BASE_ADDED_AFTER_TWIST_FILE_LAST_CHANGED,72867942accf94b9513857a2c0bae3895af8e9bc
19805a1,Zha16_no_2_tors,19805.a2,ISOGENY_ONLY,BASE_ADDED_AFTER_TWIST_FILE_LAST_CHANGED,72867942accf94b9513857a2c0bae3895af8e9bc
19870a1,Zha16_no_2_tors,19870.a2,ISOGENY_ONLY,BASE_ADDED_AFTER_TWIST_FILE_LAST_CHANGED,72867942accf94b9513857a2c0bae3895af8e9bc
20582a1,Zha16_no_2_tors,20582.a2,ISOGENY_ONLY,BASE_ADDED_AFTER_TWIST_FILE_LAST_CHANGED,72867942accf94b9513857a2c0bae3895af8e9bc
20614a1,Zha16_no_2_tors,20614.a1,ISOGENY_ONLY,BASE_ADDED_AFTER_TWIST_FILE_LAST_CHANGED,72867942accf94b9513857a2c0bae3895af8e9bc
20621a1,Zha16_no_2_tors,20621.c2,ISOGENY_ONLY,BASE_ADDED_AFTER_TWIST_FILE_LAST_CHANGED,72867942accf94b9513857a2c0bae3895af8e9bc
20630c1,Zha16_no_2_tors,20630.c1,ISOGENY_ONLY,BASE_ADDED_AFTER_TWIST_FILE_LAST_CHANGED,72867942accf94b9513857a2c0bae3895af8e9bc
20851a1,Zha16_no_2_tors,20851.a2,ISOGENY_ONLY,BASE_ADDED_AFTER_TWIST_FILE_LAST_CHANGED,72867942accf94b9513857a2c0bae3895af8e9bc
20878d1,Zha16_no_2_tors,20878.e2,ISOGENY_ONLY,BASE_ADDED_AFTER_TWIST_FILE_LAST_CHANGED,72867942accf94b9513857a2c0bae3895af8e9bc
21230d1,Zha16_no_2_tors,21230.c2,ISOGENY_ONLY,BASE_ADDED_AFTER_TWIST_FILE_LAST_CHANGED,72867942accf94b9513857a2c0bae3895af8e9bc
21614a1,Zha16_no_2_tors,21614.a1,ISOGENY_ONLY,BASE_ADDED_AFTER_TWIST_FILE_LAST_CHANGED,72867942accf94b9513857a2c0bae3895af8e9bc
21827b1,Zha16_no_2_tors,21827.b2,ISOGENY_ONLY,BASE_ADDED_AFTER_TWIST_FILE_LAST_CHANGED,72867942accf94b9513857a2c0bae3895af8e9bc
22078d1,Zha16_no_2_tors,22078.c2,ISOGENY_ONLY,BASE_ADDED_AFTER_TWIST_FILE_LAST_CHANGED,72867942accf94b9513857a2c0bae3895af8e9bc
22310d1,Zha16_no_2_tors,22310.d2,ISOGENY_ONLY,BASE_ADDED_AFTER_TWIST_FILE_LAST_CHANGED,72867942accf94b9513857a2c0bae3895af8e9bc
22570h1,Zha16_no_2_tors,22570.f1,ISOGENY_ONLY,BASE_ADDED_AFTER_TWIST_FILE_LAST_CHANGED,72867942accf94b9513857a2c0bae3895af8e9bc
22678b1,Zha16_no_2_tors,22678.a2,ISOGENY_ONLY,BASE_ADDED_AFTER_TWIST_FILE_LAST_CHANGED,72867942accf94b9513857a2c0bae3895af8e9bc
22843a1,Zha16_no_2_tors,22843.a2,ISOGENY_ONLY,BASE_ADDED_AFTER_TWIST_FILE_LAST_CHANGED,72867942accf94b9513857a2c0bae3895af8e9bc
22971d1,Zha16_no_2_tors,22971.a1,ISOGENY_ONLY,BASE_ADDED_AFTER_TWIST_FILE_LAST_CHANGED,72867942accf94b9513857a2c0bae3895af8e9bc
23254g1,Zha16_no_2_tors,23254.d3,ISOGENY_ONLY,BASE_ADDED_AFTER_TWIST_FILE_LAST_CHANGED,72867942accf94b9513857a2c0bae3895af8e9bc
23694k1,Zha16_no_2_tors,23694.k2,ISOGENY_ONLY,BASE_ADDED_AFTER_TWIST_FILE_LAST_CHANGED,72867942accf94b9513857a2c0bae3895af8e9bc
23770a1,Zha16_no_2_tors,23770.b2,ISOGENY_ONLY,BASE_ADDED_AFTER_TWIST_FILE_LAST_CHANGED,72867942accf94b9513857a2c0bae3895af8e9bc
23902d1,Zha16_no_2_tors,23902.e3,ISOGENY_ONLY,BASE_ADDED_AFTER_TWIST_FILE_LAST_CHANGED,72867942accf94b9513857a2c0bae3895af8e9bc
24670a1,Zha16_no_2_tors,24670.a1,ISOGENY_ONLY,BASE_ADDED_AFTER_TWIST_FILE_LAST_CHANGED,72867942accf94b9513857a2c0bae3895af8e9bc
24766d1,Zha16_no_2_tors,24766.d1,ISOGENY_ONLY,BASE_ADDED_AFTER_TWIST_FILE_LAST_CHANGED,72867942accf94b9513857a2c0bae3895af8e9bc
25010b1,Zha16_no_2_tors,25010.c1,ISOGENY_ONLY,BASE_ADDED_AFTER_TWIST_FILE_LAST_CHANGED,72867942accf94b9513857a2c0bae3895af8e9bc
25390c1,Zha16_no_2_tors,25390.b2,ISOGENY_ONLY,BASE_ADDED_AFTER_TWIST_FILE_LAST_CHANGED,72867942accf94b9513857a2c0bae3895af8e9bc
25714d1,Zha16_no_2_tors,25714.c2,ISOGENY_ONLY,BASE_ADDED_AFTER_TWIST_FILE_LAST_CHANGED,72867942accf94b9513857a2c0bae3895af8e9bc
25978b1,Zha16_no_2_tors,25978.a1,ISOGENY_ONLY,BASE_ADDED_AFTER_TWIST_FILE_LAST_CHANGED,72867942accf94b9513857a2c0bae3895af8e9bc
26077a1,Zha16_no_2_tors,26077.a2,ISOGENY_ONLY,BASE_ADDED_AFTER_TWIST_FILE_LAST_CHANGED,72867942accf94b9513857a2c0bae3895af8e9bc
26230b1,Zha16_no_2_tors,26230.a2,ISOGENY_ONLY,BASE_ADDED_AFTER_TWIST_FILE_LAST_CHANGED,72867942accf94b9513857a2c0bae3895af8e9bc
26282a1,Zha16_no_2_tors,26282.a2,ISOGENY_ONLY,BASE_ADDED_AFTER_TWIST_FILE_LAST_CHANGED,72867942accf94b9513857a2c0bae3895af8e9bc
26474c1,Zha16_no_2_tors,26474.b3,ISOGENY_ONLY,BASE_ADDED_AFTER_TWIST_FILE_LAST_CHANGED,72867942accf94b9513857a2c0bae3895af8e9bc
26962j1,Zha16_no_2_tors,26962.g3,ISOGENY_ONLY,BASE_ADDED_AFTER_TWIST_FILE_LAST_CHANGED,72867942accf94b9513857a2c0bae3895af8e9bc
27170m1,Zha16_no_2_tors,27170.y1,ISOGENY_ONLY,BASE_ADDED_AFTER_TWIST_FILE_LAST_CHANGED,72867942accf94b9513857a2c0bae3895af8e9bc
27898h1,Zha16_no_2_tors,27898.f2,ISOGENY_ONLY,BASE_ADDED_AFTER_TWIST_FILE_LAST_CHANGED,72867942accf94b9513857a2c0bae3895af8e9bc
27907b1,Zha16_no_2_tors,27907.b2,ISOGENY_ONLY,BASE_ADDED_AFTER_TWIST_FILE_LAST_CHANGED,72867942accf94b9513857a2c0bae3895af8e9bc
27910c1,Zha16_no_2_tors,27910.d3,ISOGENY_ONLY,BASE_ADDED_AFTER_TWIST_FILE_LAST_CHANGED,72867942accf94b9513857a2c0bae3895af8e9bc
27931a1,Zha16_no_2_tors,27931.c1,ISOGENY_ONLY,BASE_ADDED_AFTER_TWIST_FILE_LAST_CHANGED,72867942accf94b9513857a2c0bae3895af8e9bc
28187a1,Zha16_no_2_tors,28187.a2,ISOGENY_ONLY,BASE_ADDED_AFTER_TWIST_FILE_LAST_CHANGED,72867942accf94b9513857a2c0bae3895af8e9bc
28210c1,Zha16_no_2_tors,28210.b2,ISOGENY_ONLY,BASE_ADDED_AFTER_TWIST_FILE_LAST_CHANGED,72867942accf94b9513857a2c0bae3895af8e9bc
28426b1,Zha16_no_2_tors,28426.a1,ISOGENY_ONLY,BASE_ADDED_AFTER_TWIST_FILE_LAST_CHANGED,72867942accf94b9513857a2c0bae3895af8e9bc
28595c1,Zha16_no_2_tors,28595.d3,ISOGENY_ONLY,BASE_ADDED_AFTER_TWIST_FILE_LAST_CHANGED,72867942accf94b9513857a2c0bae3895af8e9bc
28747b1,Zha16_no_2_tors,28747.c1,ISOGENY_ONLY,BASE_ADDED_AFTER_TWIST_FILE_LAST_CHANGED,72867942accf94b9513857a2c0bae3895af8e9bc
29110b1,Zha16_no_2_tors,29110.f2,ISOGENY_ONLY,BASE_ADDED_AFTER_TWIST_FILE_LAST_CHANGED,72867942accf94b9513857a2c0bae3895af8e9bc
29522b1,Zha16_no_2_tors,29522.b2,ISOGENY_ONLY,BASE_ADDED_AFTER_TWIST_FILE_LAST_CHANGED,72867942accf94b9513857a2c0bae3895af8e9bc
29946s1,Zha16_no_2_tors,29946.r2,ISOGENY_ONLY,BASE_ADDED_AFTER_TWIST_FILE_LAST_CHANGED,72867942accf94b9513857a2c0bae3895af8e9bc
29995b1,Zha16_no_2_tors,29995.a1,ISOGENY_ONLY,BASE_ADDED_AFTER_TWIST_FILE_LAST_CHANGED,72867942accf94b9513857a2c0bae3895af8e9bc
30058k1,Zha16_no_2_tors,30058.h2,ISOGENY_ONLY,BASE_ADDED_AFTER_TWIST_FILE_LAST_CHANGED,72867942accf94b9513857a2c0bae3895af8e9bc
30107e1,Zha16_no_2_tors,30107.b2,ISOGENY_ONLY,BASE_ADDED_AFTER_TWIST_FILE_LAST_CHANGED,72867942accf94b9513857a2c0bae3895af8e9bc
30226h1,Zha16_no_2_tors,30226.f2,ISOGENY_ONLY,BASE_ADDED_AFTER_TWIST_FILE_LAST_CHANGED,72867942accf94b9513857a2c0bae3895af8e9bc
30290e1,Zha16_no_2_tors,30290.d2,ISOGENY_ONLY,BASE_ADDED_AFTER_TWIST_FILE_LAST_CHANGED,72867942accf94b9513857a2c0bae3895af8e9bc
30310e1,Zha16_no_2_tors,30310.d2,ISOGENY_ONLY,BASE_ADDED_AFTER_TWIST_FILE_LAST_CHANGED,72867942accf94b9513857a2c0bae3895af8e9bc
30430a1,Zha16_no_2_tors,30430.b1,ISOGENY_ONLY,BASE_ADDED_AFTER_TWIST_FILE_LAST_CHANGED,72867942accf94b9513857a2c0bae3895af8e9bc
30430c1,Zha16_no_2_tors,30430.c1,ISOGENY_ONLY,BASE_ADDED_AFTER_TWIST_FILE_LAST_CHANGED,72867942accf94b9513857a2c0bae3895af8e9bc
30818c1,Zha16_no_2_tors,30818.b3,ISOGENY_ONLY,BASE_ADDED_AFTER_TWIST_FILE_LAST_CHANGED,72867942accf94b9513857a2c0bae3895af8e9bc
31109b1,Zha16_no_2_tors,31109.b2,ISOGENY_ONLY,BASE_ADDED_AFTER_TWIST_FILE_LAST_CHANGED,72867942accf94b9513857a2c0bae3895af8e9bc
31390f1,Zha16_no_2_tors,31390.d3,ISOGENY_ONLY,BASE_ADDED_AFTER_TWIST_FILE_LAST_CHANGED,72867942accf94b9513857a2c0bae3895af8e9bc
31430j1,Zha16_no_2_tors,31430.k2,ISOGENY_ONLY,BASE_ADDED_AFTER_TWIST_FILE_LAST_CHANGED,72867942accf94b9513857a2c0bae3895af8e9bc
31858b1,Zha16_no_2_tors,31858.c2,ISOGENY_ONLY,BASE_ADDED_AFTER_TWIST_FILE_LAST_CHANGED,72867942accf94b9513857a2c0bae3895af8e9bc
31934b1,Zha16_no_2_tors,31934.a3,ISOGENY_ONLY,BASE_ADDED_AFTER_TWIST_FILE_LAST_CHANGED,72867942accf94b9513857a2c0bae3895af8e9bc
32042b1,Zha16_no_2_tors,32042.b2,ISOGENY_ONLY,BASE_ADDED_AFTER_TWIST_FILE_LAST_CHANGED,72867942accf94b9513857a2c0bae3895af8e9bc
32054d1,Zha16_no_2_tors,32054.f2,ISOGENY_ONLY,BASE_ADDED_AFTER_TWIST_FILE_LAST_CHANGED,72867942accf94b9513857a2c0bae3895af8e9bc
32426a1,Zha16_no_2_tors,32426.a2,ISOGENY_ONLY,BASE_ADDED_AFTER_TWIST_FILE_LAST_CHANGED,72867942accf94b9513857a2c0bae3895af8e9bc
32654b1,Zha16_no_2_tors,32654.a1,ISOGENY_ONLY,BASE_ADDED_AFTER_TWIST_FILE_LAST_CHANGED,72867942accf94b9513857a2c0bae3895af8e9bc
32741a1,Zha16_no_2_tors,32741.a2,ISOGENY_ONLY,BASE_ADDED_AFTER_TWIST_FILE_LAST_CHANGED,72867942accf94b9513857a2c0bae3895af8e9bc
32795d1,Zha16_no_2_tors,32795.d2,ISOGENY_ONLY,BASE_ADDED_AFTER_TWIST_FILE_LAST_CHANGED,72867942accf94b9513857a2c0bae3895af8e9bc
32978b1,Zha16_no_2_tors,32978.a1,ISOGENY_ONLY,BASE_ADDED_AFTER_TWIST_FILE_LAST_CHANGED,72867942accf94b9513857a2c0bae3895af8e9bc
33110l1,Zha16_no_2_tors,33110.i1,ISOGENY_ONLY,BASE_ADDED_AFTER_TWIST_FILE_LAST_CHANGED,72867942accf94b9513857a2c0bae3895af8e9bc
33110m1,Zha16_no_2_tors,33110.j2,ISOGENY_ONLY,BASE_ADDED_AFTER_TWIST_FILE_LAST_CHANGED,72867942accf94b9513857a2c0bae3895af8e9bc
33451b1,Zha16_no_2_tors,33451.a1,ISOGENY_ONLY,BASE_ADDED_AFTER_TWIST_FILE_LAST_CHANGED,72867942accf94b9513857a2c0bae3895af8e9bc
33670c1,Zha16_no_2_tors,33670.a2,ISOGENY_ONLY,BASE_ADDED_AFTER_TWIST_FILE_LAST_CHANGED,72867942accf94b9513857a2c0bae3895af8e9bc
33698g1,Zha16_no_2_tors,33698.f2,ISOGENY_ONLY,BASE_ADDED_AFTER_TWIST_FILE_LAST_CHANGED,72867942accf94b9513857a2c0bae3895af8e9bc
34210a1,Zha16_no_2_tors,34210.a1,ISOGENY_ONLY,BASE_ADDED_AFTER_TWIST_FILE_LAST_CHANGED,72867942accf94b9513857a2c0bae3895af8e9bc
34270b1,Zha16_no_2_tors,34270.a2,ISOGENY_ONLY,BASE_ADDED_AFTER_TWIST_FILE_LAST_CHANGED,72867942accf94b9513857a2c0bae3895af8e9bc
34510i1,Zha16_no_2_tors,34510.j2,ISOGENY_ONLY,BASE_ADDED_AFTER_TWIST_FILE_LAST_CHANGED,72867942accf94b9513857a2c0bae3895af8e9bc
34510k1,Zha16_no_2_tors,34510.l2,ISOGENY_ONLY,BASE_ADDED_AFTER_TWIST_FILE_LAST_CHANGED,72867942accf94b9513857a2c0bae3895af8e9bc
34595a1,Zha16_no_2_tors,34595.d2,ISOGENY_ONLY,BASE_ADDED_AFTER_TWIST_FILE_LAST_CHANGED,72867942accf94b9513857a2c0bae3895af8e9bc
34706d1,Zha16_no_2_tors,34706.e2,ISOGENY_ONLY,BASE_ADDED_AFTER_TWIST_FILE_LAST_CHANGED,72867942accf94b9513857a2c0bae3895af8e9bc
35126e1,Zha16_no_2_tors,35126.b3,ISOGENY_ONLY,BASE_ADDED_AFTER_TWIST_FILE_LAST_CHANGED,72867942accf94b9513857a2c0bae3895af8e9bc
35222a1,Zha16_no_2_tors,35222.b2,ISOGENY_ONLY,BASE_ADDED_AFTER_TWIST_FILE_LAST_CHANGED,72867942accf94b9513857a2c0bae3895af8e9bc
35266b1,Zha16_no_2_tors,35266.b2,ISOGENY_ONLY,BASE_ADDED_AFTER_TWIST_FILE_LAST_CHANGED,72867942accf94b9513857a2c0bae3895af8e9bc
35315b1,Zha16_no_2_tors,35315.b1,ISOGENY_ONLY,BASE_ADDED_AFTER_TWIST_FILE_LAST_CHANGED,72867942accf94b9513857a2c0bae3895af8e9bc
35462h1,Zha16_no_2_tors,35462.i1,ISOGENY_ONLY,BASE_ADDED_AFTER_TWIST_FILE_LAST_CHANGED,72867942accf94b9513857a2c0bae3895af8e9bc
35986b1,Zha16_no_2_tors,35986.a1,ISOGENY_ONLY,BASE_ADDED_AFTER_TWIST_FILE_LAST_CHANGED,72867942accf94b9513857a2c0bae3895af8e9bc
36022e1,Zha16_no_2_tors,36022.a2,ISOGENY_ONLY,BASE_ADDED_AFTER_TWIST_FILE_LAST_CHANGED,72867942accf94b9513857a2c0bae3895af8e9bc
36022h1,Zha16_no_2_tors,36022.g3,ISOGENY_ONLY,BASE_ADDED_AFTER_TWIST_FILE_LAST_CHANGED,72867942accf94b9513857a2c0bae3895af8e9bc
36046a1,Zha16_no_2_tors,36046.a1,ISOGENY_ONLY,BASE_ADDED_AFTER_TWIST_FILE_LAST_CHANGED,72867942accf94b9513857a2c0bae3895af8e9bc
36190f1,Zha16_no_2_tors,36190.c1,ISOGENY_ONLY,BASE_ADDED_AFTER_TWIST_FILE_LAST_CHANGED,72867942accf94b9513857a2c0bae3895af8e9bc
36365d1,Zha16_no_2_tors,36365.c3,ISOGENY_ONLY,BASE_ADDED_AFTER_TWIST_FILE_LAST_CHANGED,72867942accf94b9513857a2c0bae3895af8e9bc
36598e1,Zha16_no_2_tors,36598.e2,ISOGENY_ONLY,BASE_ADDED_AFTER_TWIST_FILE_LAST_CHANGED,72867942accf94b9513857a2c0bae3895af8e9bc
36910a1,Zha16_no_2_tors,36910.a1,ISOGENY_ONLY,BASE_ADDED_AFTER_TWIST_FILE_LAST_CHANGED,72867942accf94b9513857a2c0bae3895af8e9bc
37355d1,Zha16_no_2_tors,37355.c2,ISOGENY_ONLY,BASE_ADDED_AFTER_TWIST_FILE_LAST_CHANGED,72867942accf94b9513857a2c0bae3895af8e9bc
38114c1,Zha16_no_2_tors,38114.c2,ISOGENY_ONLY,BASE_ADDED_AFTER_TWIST_FILE_LAST_CHANGED,72867942accf94b9513857a2c0bae3895af8e9bc
38227d1,Zha16_no_2_tors,38227.b2,ISOGENY_ONLY,BASE_ADDED_AFTER_TWIST_FILE_LAST_CHANGED,72867942accf94b9513857a2c0bae3895af8e9bc
39130be1,Zha16_no_2_tors,39130.u2,ISOGENY_ONLY,BASE_ADDED_AFTER_TWIST_FILE_LAST_CHANGED,72867942accf94b9513857a2c0bae3895af8e9bc
39237b1,Zha16_no_2_tors,39237.a2,ISOGENY_ONLY,BASE_ADDED_AFTER_TWIST_FILE_LAST_CHANGED,72867942accf94b9513857a2c0bae3895af8e9bc
39277c1,Zha16_no_2_tors,39277.b3,ISOGENY_ONLY,BASE_ADDED_AFTER_TWIST_FILE_LAST_CHANGED,72867942accf94b9513857a2c0bae3895af8e9bc
39485b1,Zha16_no_2_tors,39485.a2,ISOGENY_ONLY,BASE_ADDED_AFTER_TWIST_FILE_LAST_CHANGED,72867942accf94b9513857a2c0bae3895af8e9bc
39658a1,Zha16_no_2_tors,39658.a2,ISOGENY_ONLY,BASE_ADDED_AFTER_TWIST_FILE_LAST_CHANGED,72867942accf94b9513857a2c0bae3895af8e9bc
39770k1,Zha16_no_2_tors,39770.i2,ISOGENY_ONLY,BASE_ADDED_AFTER_TWIST_FILE_LAST_CHANGED,72867942accf94b9513857a2c0bae3895af8e9bc
40262b1,Zha16_no_2_tors,40262.b2,ISOGENY_ONLY,BASE_ADDED_AFTER_TWIST_FILE_LAST_CHANGED,72867942accf94b9513857a2c0bae3895af8e9bc
40307a1,Zha16_no_2_tors,40307.a2,ISOGENY_ONLY,BASE_ADDED_AFTER_TWIST_FILE_LAST_CHANGED,72867942accf94b9513857a2c0bae3895af8e9bc
40310a1,Zha16_no_2_tors,40310.a2,ISOGENY_ONLY,BASE_ADDED_AFTER_TWIST_FILE_LAST_CHANGED,72867942accf94b9513857a2c0bae3895af8e9bc
40598b1,Zha16_no_2_tors,40598.a2,ISOGENY_ONLY,BASE_ADDED_AFTER_TWIST_FILE_LAST_CHANGED,72867942accf94b9513857a2c0bae3895af8e9bc
41230x1,Zha16_no_2_tors,41230.r2,ISOGENY_ONLY,BASE_ADDED_AFTER_TWIST_FILE_LAST_CHANGED,72867942accf94b9513857a2c0bae3895af8e9bc
41354h1,Zha16_no_2_tors,41354.h2,ISOGENY_ONLY,BASE_ADDED_AFTER_TWIST_FILE_LAST_CHANGED,72867942accf94b9513857a2c0bae3895af8e9bc
41606b1,Zha16_no_2_tors,41606.b2,ISOGENY_ONLY,BASE_ADDED_AFTER_TWIST_FILE_LAST_CHANGED,72867942accf94b9513857a2c0bae3895af8e9bc
41749a1,Zha16_no_2_tors,41749.a2,ISOGENY_ONLY,BASE_ADDED_AFTER_TWIST_FILE_LAST_CHANGED,72867942accf94b9513857a2c0bae3895af8e9bc
41770c1,Zha16_no_2_tors,41770.c2,ISOGENY_ONLY,BASE_ADDED_AFTER_TWIST_FILE_LAST_CHANGED,72867942accf94b9513857a2c0bae3895af8e9bc
41789b1,Zha16_no_2_tors,41789.a2,ISOGENY_ONLY,BASE_ADDED_AFTER_TWIST_FILE_LAST_CHANGED,72867942accf94b9513857a2c0bae3895af8e9bc
43010b1,Zha16_no_2_tors,43010.g1,ISOGENY_ONLY,BASE_ADDED_AFTER_TWIST_FILE_LAST_CHANGED,72867942accf94b9513857a2c0bae3895af8e9bc
43190f1,Zha16_no_2_tors,43190.e1,ISOGENY_ONLY,BASE_ADDED_AFTER_TWIST_FILE_LAST_CHANGED,72867942accf94b9513857a2c0bae3895af8e9bc
43190o1,Zha16_no_2_tors,43190.s2,ISOGENY_ONLY,BASE_ADDED_AFTER_TWIST_FILE_LAST_CHANGED,72867942accf94b9513857a2c0bae3895af8e9bc
43382c1,Zha16_no_2_tors,43382.b2,ISOGENY_ONLY,BASE_ADDED_AFTER_TWIST_FILE_LAST_CHANGED,72867942accf94b9513857a2c0bae3895af8e9bc
44030f1,Zha16_no_2_tors,44030.d2,ISOGENY_ONLY,BASE_ADDED_AFTER_TWIST_FILE_LAST_CHANGED,72867942accf94b9513857a2c0bae3895af8e9bc
44326d1,Zha16_no_2_tors,44326.d2,ISOGENY_ONLY,BASE_ADDED_AFTER_TWIST_FILE_LAST_CHANGED,72867942accf94b9513857a2c0bae3895af8e9bc
44498e1,Zha16_no_2_tors,44498.b2,ISOGENY_ONLY,BASE_ADDED_AFTER_TWIST_FILE_LAST_CHANGED,72867942accf94b9513857a2c0bae3895af8e9bc
44726f1,Zha16_no_2_tors,44726.g2,ISOGENY_ONLY,BASE_ADDED_AFTER_TWIST_FILE_LAST_CHANGED,72867942accf94b9513857a2c0bae3895af8e9bc
45059a1,Zha16_no_2_tors,45059.a2,ISOGENY_ONLY,BASE_ADDED_AFTER_TWIST_FILE_LAST_CHANGED,72867942accf94b9513857a2c0bae3895af8e9bc
45758a1,Zha16_no_2_tors,45758.a2,ISOGENY_ONLY,BASE_ADDED_AFTER_TWIST_FILE_LAST_CHANGED,72867942accf94b9513857a2c0bae3895af8e9bc
46090p1,Zha16_no_2_tors,46090.g2,BOTH,BASE_ADDED_AFTER_TWIST_FILE_LAST_CHANGED,72867942accf94b9513857a2c0bae3895af8e9bc
46690e1,Zha16_no_2_tors,46690.j2,ISOGENY_ONLY,BASE_ADDED_AFTER_TWIST_FILE_LAST_CHANGED,72867942accf94b9513857a2c0bae3895af8e9bc
47278c1,Zha16_no_2_tors,47278.c2,ISOGENY_ONLY,BASE_ADDED_AFTER_TWIST_FILE_LAST_CHANGED,72867942accf94b9513857a2c0bae3895af8e9bc
47614h1,Zha16_no_2_tors,47614.g2,ISOGENY_ONLY,BASE_ADDED_AFTER_TWIST_FILE_LAST_CHANGED,72867942accf94b9513857a2c0bae3895af8e9bc
47883c1,Zha16_no_2_tors,47883.a1,ISOGENY_ONLY,BASE_ADDED_AFTER_TWIST_FILE_LAST_CHANGED,72867942accf94b9513857a2c0bae3895af8e9bc
47918d1,Zha16_no_2_tors,47918.d3,ISOGENY_ONLY,BASE_ADDED_AFTER_TWIST_FILE_LAST_CHANGED,72867942accf94b9513857a2c0bae3895af8e9bc
48146g1,Zha16_no_2_tors,48146.g1,ISOGENY_ONLY,BASE_ADDED_AFTER_TWIST_FILE_LAST_CHANGED,72867942accf94b9513857a2c0bae3895af8e9bc
48323b1,Zha16_no_2_tors,48323.c1,ISOGENY_ONLY,BASE_ADDED_AFTER_TWIST_FILE_LAST_CHANGED,72867942accf94b9513857a2c0bae3895af8e9bc
48670g1,Zha16_no_2_tors,48670.h2,ISOGENY_ONLY,BASE_ADDED_AFTER_TWIST_FILE_LAST_CHANGED,72867942accf94b9513857a2c0bae3895af8e9bc
48790g1,Zha16_no_2_tors,48790.b1,ISOGENY_ONLY,BASE_ADDED_AFTER_TWIST_FILE_LAST_CHANGED,72867942accf94b9513857a2c0bae3895af8e9bc
48954f1,Zha16_no_2_tors,48954.i2,ISOGENY_ONLY,BASE_ADDED_AFTER_TWIST_FILE_LAST_CHANGED,72867942accf94b9513857a2c0bae3895af8e9bc
49070d1,Zha16_no_2_tors,49070.f2,ISOGENY_ONLY,BASE_ADDED_AFTER_TWIST_FILE_LAST_CHANGED,72867942accf94b9513857a2c0bae3895af8e9bc
49162a1,Zha16_no_2_tors,49162.a2,ISOGENY_ONLY,BASE_ADDED_AFTER_TWIST_FILE_LAST_CHANGED,72867942accf94b9513857a2c0bae3895af8e9bc
49910c1,Zha16_no_2_tors,49910.f2,ISOGENY_ONLY,BASE_ADDED_AFTER_TWIST_FILE_LAST_CHANGED,72867942accf94b9513857a2c0bae3895af8e9bc
50290j1,Zha16_no_2_tors,50290.g2,ISOGENY_ONLY,BASE_ADDED_AFTER_TWIST_FILE_LAST_CHANGED,72867942accf94b9513857a2c0bae3895af8e9bc
50389a1,Zha16_no_2_tors,50389.a2,ISOGENY_ONLY,BASE_ADDED_AFTER_TWIST_FILE_LAST_CHANGED,72867942accf94b9513857a2c0bae3895af8e9bc
50506b1,Zha16_no_2_tors,50506.b1,ISOGENY_ONLY,BASE_ADDED_AFTER_TWIST_FILE_LAST_CHANGED,72867942accf94b9513857a2c0bae3895af8e9bc
50995l1,Zha16_no_2_tors,50995.j1,ISOGENY_ONLY,BASE_ADDED_AFTER_TWIST_FILE_LAST_CHANGED,72867942accf94b9513857a2c0bae3895af8e9bc
51142d1,Zha16_no_2_tors,51142.b2,ISOGENY_ONLY,BASE_ADDED_AFTER_TWIST_FILE_LAST_CHANGED,72867942accf94b9513857a2c0bae3895af8e9bc
51170g1,Zha16_no_2_tors,51170.k2,ISOGENY_ONLY,BASE_ADDED_AFTER_TWIST_FILE_LAST_CHANGED,72867942accf94b9513857a2c0bae3895af8e9bc
51338c1,Zha16_no_2_tors,51338.a3,ISOGENY_ONLY,BASE_ADDED_AFTER_TWIST_FILE_LAST_CHANGED,72867942accf94b9513857a2c0bae3895af8e9bc
51382c1,Zha16_no_2_tors,51382.b2,ISOGENY_ONLY,BASE_ADDED_AFTER_TWIST_FILE_LAST_CHANGED,72867942accf94b9513857a2c0bae3895af8e9bc
51402w1,Zha16_no_2_tors,51402.r2,ISOGENY_ONLY,BASE_ADDED_AFTER_TWIST_FILE_LAST_CHANGED,72867942accf94b9513857a2c0bae3895af8e9bc
51578c1,Zha16_no_2_tors,51578.b1,ISOGENY_ONLY,BASE_ADDED_AFTER_TWIST_FILE_LAST_CHANGED,72867942accf94b9513857a2c0bae3895af8e9bc
51830c1,Zha16_no_2_tors,51830.e1,ISOGENY_ONLY,BASE_ADDED_AFTER_TWIST_FILE_LAST_CHANGED,72867942accf94b9513857a2c0bae3895af8e9bc
51922b1,Zha16_no_2_tors,51922.a1,ISOGENY_ONLY,BASE_ADDED_AFTER_TWIST_FILE_LAST_CHANGED,72867942accf94b9513857a2c0bae3895af8e9bc
51926b1,Zha16_no_2_tors,51926.b1,ISOGENY_ONLY,BASE_ADDED_AFTER_TWIST_FILE_LAST_CHANGED,72867942accf94b9513857a2c0bae3895af8e9bc
51982i1,Zha16_no_2_tors,51982.g2,ISOGENY_ONLY,BASE_ADDED_AFTER_TWIST_FILE_LAST_CHANGED,72867942accf94b9513857a2c0bae3895af8e9bc
51986i1,Zha16_no_2_tors,51986.e1,ISOGENY_ONLY,BASE_ADDED_AFTER_TWIST_FILE_LAST_CHANGED,72867942accf94b9513857a2c0bae3895af8e9bc
52294c1,Zha16_no_2_tors,52294.c1,ISOGENY_ONLY,BASE_ADDED_AFTER_TWIST_FILE_LAST_CHANGED,72867942accf94b9513857a2c0bae3895af8e9bc
52858h1,Zha16_no_2_tors,52858.g1,ISOGENY_ONLY,BASE_ADDED_AFTER_TWIST_FILE_LAST_CHANGED,72867942accf94b9513857a2c0bae3895af8e9bc
53378e1,Zha16_no_2_tors,53378.f2,ISOGENY_ONLY,BASE_ADDED_AFTER_TWIST_FILE_LAST_CHANGED,72867942accf94b9513857a2c0bae3895af8e9bc
53690h1,Zha16_no_2_tors,53690.g2,ISOGENY_ONLY,BASE_ADDED_AFTER_TWIST_FILE_LAST_CHANGED,72867942accf94b9513857a2c0bae3895af8e9bc
54142a1,Zha16_no_2_tors,54142.d2,ISOGENY_ONLY,BASE_ADDED_AFTER_TWIST_FILE_LAST_CHANGED,72867942accf94b9513857a2c0bae3895af8e9bc
54190d1,Zha16_no_2_tors,54190.c2,ISOGENY_ONLY,BASE_ADDED_AFTER_TWIST_FILE_LAST_CHANGED,72867942accf94b9513857a2c0bae3895af8e9bc
54309b1,Zha16_no_2_tors,54309.a2,ISOGENY_ONLY,BASE_ADDED_AFTER_TWIST_FILE_LAST_CHANGED,72867942accf94b9513857a2c0bae3895af8e9bc
54526g1,Zha16_no_2_tors,54526.h2,ISOGENY_ONLY,BASE_ADDED_AFTER_TWIST_FILE_LAST_CHANGED,72867942accf94b9513857a2c0bae3895af8e9bc
54730e1,Zha16_no_2_tors,54730.f2,ISOGENY_ONLY,BASE_ADDED_AFTER_TWIST_FILE_LAST_CHANGED,72867942accf94b9513857a2c0bae3895af8e9bc
55022i1,Zha16_no_2_tors,55022.g1,ISOGENY_ONLY,BASE_ADDED_AFTER_TWIST_FILE_LAST_CHANGED,72867942accf94b9513857a2c0bae3895af8e9bc
55510i1,Zha16_no_2_tors,55510.d3,ISOGENY_ONLY,BASE_ADDED_AFTER_TWIST_FILE_LAST_CHANGED,72867942accf94b9513857a2c0bae3895af8e9bc
55803d1,Zha16_no_2_tors,55803.a1,ISOGENY_ONLY,BASE_ADDED_AFTER_TWIST_FILE_LAST_CHANGED,72867942accf94b9513857a2c0bae3895af8e9bc
55862a1,Zha16_no_2_tors,55862.a2,ISOGENY_ONLY,BASE_ADDED_AFTER_TWIST_FILE_LAST_CHANGED,72867942accf94b9513857a2c0bae3895af8e9bc
55874b1,Zha16_no_2_tors,55874.c2,ISOGENY_ONLY,BASE_ADDED_AFTER_TWIST_FILE_LAST_CHANGED,72867942accf94b9513857a2c0bae3895af8e9bc
55874c1,Zha16_no_2_tors,55874.a2,ISOGENY_ONLY,BASE_ADDED_AFTER_TWIST_FILE_LAST_CHANGED,72867942accf94b9513857a2c0bae3895af8e9bc
55907a1,Zha16_no_2_tors,55907.a1,ISOGENY_ONLY,BASE_ADDED_AFTER_TWIST_FILE_LAST_CHANGED,72867942accf94b9513857a2c0bae3895af8e9bc
56210d1,Zha16_no_2_tors,56210.c1,ISOGENY_ONLY,BASE_ADDED_AFTER_TWIST_FILE_LAST_CHANGED,72867942accf94b9513857a2c0bae3895af8e9bc
56330e1,Zha16_no_2_tors,56330.f2,ISOGENY_ONLY,BASE_ADDED_AFTER_TWIST_FILE_LAST_CHANGED,72867942accf94b9513857a2c0bae3895af8e9bc
56405b1,Zha16_no_2_tors,56405.a2,ISOGENY_ONLY,BASE_ADDED_AFTER_TWIST_FILE_LAST_CHANGED,72867942accf94b9513857a2c0bae3895af8e9bc
56429c1,Zha16_no_2_tors,56429.b2,ISOGENY_ONLY,BASE_ADDED_AFTER_TWIST_FILE_LAST_CHANGED,72867942accf94b9513857a2c0bae3895af8e9bc
56947a1,Zha16_no_2_tors,56947.a1,ISOGENY_ONLY,BASE_ADDED_AFTER_TWIST_FILE_LAST_CHANGED,72867942accf94b9513857a2c0bae3895af8e9bc
57086a1,Zha16_no_2_tors,57086.a2,ISOGENY_ONLY,BASE_ADDED_AFTER_TWIST_FILE_LAST_CHANGED,72867942accf94b9513857a2c0bae3895af8e9bc
57130b1,Zha16_no_2_tors,57130.b1,ISOGENY_ONLY,BASE_ADDED_AFTER_TWIST_FILE_LAST_CHANGED,72867942accf94b9513857a2c0bae3895af8e9bc
57310c1,Zha16_no_2_tors,57310.b1,ISOGENY_ONLY,BASE_ADDED_AFTER_TWIST_FILE_LAST_CHANGED,72867942accf94b9513857a2c0bae3895af8e9bc
57514a1,Zha16_no_2_tors,57514.a2,ISOGENY_ONLY,BASE_ADDED_AFTER_TWIST_FILE_LAST_CHANGED,72867942accf94b9513857a2c0bae3895af8e9bc
57554d1,Zha16_no_2_tors,57554.b2,ISOGENY_ONLY,BASE_ADDED_AFTER_TWIST_FILE_LAST_CHANGED,72867942accf94b9513857a2c0bae3895af8e9bc
57790c1,Zha16_no_2_tors,57790.d2,ISOGENY_ONLY,BASE_ADDED_AFTER_TWIST_FILE_LAST_CHANGED,72867942accf94b9513857a2c0bae3895af8e9bc
57939i1,Zha16_no_2_tors,57939.d1,ISOGENY_ONLY,BASE_ADDED_AFTER_TWIST_FILE_LAST_CHANGED,72867942accf94b9513857a2c0bae3895af8e9bc
58058j1,Zha16_no_2_tors,58058.h2,ISOGENY_ONLY,BASE_ADDED_AFTER_TWIST_FILE_LAST_CHANGED,72867942accf94b9513857a2c0bae3895af8e9bc
58102b1,Zha16_no_2_tors,58102.e3,ISOGENY_ONLY,BASE_ADDED_AFTER_TWIST_FILE_LAST_CHANGED,72867942accf94b9513857a2c0bae3895af8e9bc
58514b1,Zha16_no_2_tors,58514.b2,ISOGENY_ONLY,BASE_ADDED_AFTER_TWIST_FILE_LAST_CHANGED,72867942accf94b9513857a2c0bae3895af8e9bc
58646f1,Zha16_no_2_tors,58646.f2,ISOGENY_ONLY,BASE_ADDED_AFTER_TWIST_FILE_LAST_CHANGED,72867942accf94b9513857a2c0bae3895af8e9bc
58794l1,Zha16_no_2_tors,58794.m2,ISOGENY_ONLY,BASE_ADDED_AFTER_TWIST_FILE_LAST_CHANGED,72867942accf94b9513857a2c0bae3895af8e9bc
58958a1,Zha16_no_2_tors,58958.a2,ISOGENY_ONLY,BASE_ADDED_AFTER_TWIST_FILE_LAST_CHANGED,72867942accf94b9513857a2c0bae3895af8e9bc
59117a1,Zha16_no_2_tors,59117.a2,ISOGENY_ONLY,BASE_ADDED_AFTER_TWIST_FILE_LAST_CHANGED,72867942accf94b9513857a2c0bae3895af8e9bc
59458j1,Zha16_no_2_tors,59458.f1,ISOGENY_ONLY,BASE_ADDED_AFTER_TWIST_FILE_LAST_CHANGED,72867942accf94b9513857a2c0bae3895af8e9bc
59474b1,Zha16_no_2_tors,59474.b2,ISOGENY_ONLY,BASE_ADDED_AFTER_TWIST_FILE_LAST_CHANGED,72867942accf94b9513857a2c0bae3895af8e9bc
59590a1,Zha16_no_2_tors,59590.c2,ISOGENY_ONLY,BASE_ADDED_AFTER_TWIST_FILE_LAST_CHANGED,72867942accf94b9513857a2c0bae3895af8e9bc
59678b1,Zha16_no_2_tors,59678.a2,ISOGENY_ONLY,BASE_ADDED_AFTER_TWIST_FILE_LAST_CHANGED,72867942accf94b9513857a2c0bae3895af8e9bc
59755b1,Zha16_no_2_tors,59755.b2,ISOGENY_ONLY,BASE_ADDED_AFTER_TWIST_FILE_LAST_CHANGED,72867942accf94b9513857a2c0bae3895af8e9bc
59818d1,Zha16_no_2_tors,59818.c1,ISOGENY_ONLY,BASE_ADDED_AFTER_TWIST_FILE_LAST_CHANGED,72867942accf94b9513857a2c0bae3895af8e9bc
59930c1,Zha16_no_2_tors,59930.c1,ISOGENY_ONLY,BASE_ADDED_AFTER_TWIST_FILE_LAST_CHANGED,72867942accf94b9513857a2c0bae3895af8e9bc
60019a1,Zha16_no_2_tors,60019.a1,ISOGENY_ONLY,BASE_ADDED_AFTER_TWIST_FILE_LAST_CHANGED,72867942accf94b9513857a2c0bae3895af8e9bc
60853a1,Zha16_no_2_tors,60853.a3,ISOGENY_ONLY,BASE_ADDED_AFTER_TWIST_FILE_LAST_CHANGED,72867942accf94b9513857a2c0bae3895af8e9bc
61115b1,Zha16_no_2_tors,61115.b2,ISOGENY_ONLY,BASE_ADDED_AFTER_TWIST_FILE_LAST_CHANGED,72867942accf94b9513857a2c0bae3895af8e9bc
61243a1,Zha16_no_2_tors,61243.b3,ISOGENY_ONLY,BASE_ADDED_AFTER_TWIST_FILE_LAST_CHANGED,72867942accf94b9513857a2c0bae3895af8e9bc
61310c1,Zha16_no_2_tors,61310.d1,ISOGENY_ONLY,BASE_ADDED_AFTER_TWIST_FILE_LAST_CHANGED,72867942accf94b9513857a2c0bae3895af8e9bc
61814d1,Zha16_no_2_tors,61814.d2,ISOGENY_ONLY,BASE_ADDED_AFTER_TWIST_FILE_LAST_CHANGED,72867942accf94b9513857a2c0bae3895af8e9bc
61883a1,Zha16_no_2_tors,61883.a1,ISOGENY_ONLY,BASE_ADDED_AFTER_TWIST_FILE_LAST_CHANGED,72867942accf94b9513857a2c0bae3895af8e9bc
62002a1,Zha16_no_2_tors,62002.b2,ISOGENY_ONLY,BASE_ADDED_AFTER_TWIST_FILE_LAST_CHANGED,72867942accf94b9513857a2c0bae3895af8e9bc
62645a1,Zha16_no_2_tors,62645.a2,ISOGENY_ONLY,BASE_ADDED_AFTER_TWIST_FILE_LAST_CHANGED,72867942accf94b9513857a2c0bae3895af8e9bc
62651c1,Zha16_no_2_tors,62651.b1,ISOGENY_ONLY,BASE_ADDED_AFTER_TWIST_FILE_LAST_CHANGED,72867942accf94b9513857a2c0bae3895af8e9bc
62810d1,Zha16_no_2_tors,62810.c2,ISOGENY_ONLY,BASE_ADDED_AFTER_TWIST_FILE_LAST_CHANGED,72867942accf94b9513857a2c0bae3895af8e9bc
63358a1,Zha16_no_2_tors,63358.a2,ISOGENY_ONLY,BASE_ADDED_AFTER_TWIST_FILE_LAST_CHANGED,72867942accf94b9513857a2c0bae3895af8e9bc
63490j1,Zha16_no_2_tors,63490.m2,ISOGENY_ONLY,BASE_ADDED_AFTER_TWIST_FILE_LAST_CHANGED,72867942accf94b9513857a2c0bae3895af8e9bc
63574i1,Zha16_no_2_tors,63574.c2,ISOGENY_ONLY,BASE_ADDED_AFTER_TWIST_FILE_LAST_CHANGED,72867942accf94b9513857a2c0bae3895af8e9bc
63779a1,Zha16_no_2_tors,63779.b2,ISOGENY_ONLY,BASE_ADDED_AFTER_TWIST_FILE_LAST_CHANGED,72867942accf94b9513857a2c0bae3895af8e9bc
64070b1,Zha16_no_2_tors,64070.b2,ISOGENY_ONLY,BASE_ADDED_AFTER_TWIST_FILE_LAST_CHANGED,72867942accf94b9513857a2c0bae3895af8e9bc
64285d1,Zha16_no_2_tors,64285.e2,ISOGENY_ONLY,BASE_ADDED_AFTER_TWIST_FILE_LAST_CHANGED,72867942accf94b9513857a2c0bae3895af8e9bc
64814b1,Zha16_no_2_tors,64814.a1,ISOGENY_ONLY,BASE_ADDED_AFTER_TWIST_FILE_LAST_CHANGED,72867942accf94b9513857a2c0bae3895af8e9bc
64883f1,Zha16_no_2_tors,64883.e2,ISOGENY_ONLY,BASE_ADDED_AFTER_TWIST_FILE_LAST_CHANGED,72867942accf94b9513857a2c0bae3895af8e9bc
65518b1,Zha16_no_2_tors,65518.a1,ISOGENY_ONLY,BASE_ADDED_AFTER_TWIST_FILE_LAST_CHANGED,72867942accf94b9513857a2c0bae3895af8e9bc
66379a1,Zha16_no_2_tors,66379.a1,ISOGENY_ONLY,BASE_ADDED_AFTER_TWIST_FILE_LAST_CHANGED,72867942accf94b9513857a2c0bae3895af8e9bc
66917a1,Zha16_no_2_tors,66917.b2,ISOGENY_ONLY,BASE_ADDED_AFTER_TWIST_FILE_LAST_CHANGED,72867942accf94b9513857a2c0bae3895af8e9bc
67117a1,Zha16_no_2_tors,67117.a2,ISOGENY_ONLY,BASE_ADDED_AFTER_TWIST_FILE_LAST_CHANGED,72867942accf94b9513857a2c0bae3895af8e9bc
67490f1,Zha16_no_2_tors,67490.i2,ISOGENY_ONLY,BASE_ADDED_AFTER_TWIST_FILE_LAST_CHANGED,72867942accf94b9513857a2c0bae3895af8e9bc
67606f1,Zha16_no_2_tors,67606.a3,ISOGENY_ONLY,BASE_ADDED_AFTER_TWIST_FILE_LAST_CHANGED,72867942accf94b9513857a2c0bae3895af8e9bc
68069a1,Zha16_no_2_tors,68069.a2,ISOGENY_ONLY,BASE_ADDED_AFTER_TWIST_FILE_LAST_CHANGED,72867942accf94b9513857a2c0bae3895af8e9bc
68086a1,Zha16_no_2_tors,68086.a2,ISOGENY_ONLY,BASE_ADDED_AFTER_TWIST_FILE_LAST_CHANGED,72867942accf94b9513857a2c0bae3895af8e9bc
69218a1,Zha16_no_2_tors,69218.a2,ISOGENY_ONLY,BASE_ADDED_AFTER_TWIST_FILE_LAST_CHANGED,72867942accf94b9513857a2c0bae3895af8e9bc
69230v1,Zha16_no_2_tors,69230.z1,ISOGENY_ONLY,BASE_ADDED_AFTER_TWIST_FILE_LAST_CHANGED,72867942accf94b9513857a2c0bae3895af8e9bc
69758c1,Zha16_no_2_tors,69758.d2,ISOGENY_ONLY,BASE_ADDED_AFTER_TWIST_FILE_LAST_CHANGED,72867942accf94b9513857a2c0bae3895af8e9bc
70114c1,Zha16_no_2_tors,70114.c2,ISOGENY_ONLY,BASE_ADDED_AFTER_TWIST_FILE_LAST_CHANGED,72867942accf94b9513857a2c0bae3895af8e9bc
70115a1,Zha16_no_2_tors,70115.a2,ISOGENY_ONLY,BASE_ADDED_AFTER_TWIST_FILE_LAST_CHANGED,72867942accf94b9513857a2c0bae3895af8e9bc
70226d1,Zha16_no_2_tors,70226.b1,ISOGENY_ONLY,BASE_ADDED_AFTER_TWIST_FILE_LAST_CHANGED,72867942accf94b9513857a2c0bae3895af8e9bc
70718b1,Zha16_no_2_tors,70718.a1,ISOGENY_ONLY,BASE_ADDED_AFTER_TWIST_FILE_LAST_CHANGED,72867942accf94b9513857a2c0bae3895af8e9bc
70883a1,Zha16_no_2_tors,70883.a2,ISOGENY_ONLY,BASE_ADDED_AFTER_TWIST_FILE_LAST_CHANGED,72867942accf94b9513857a2c0bae3895af8e9bc
70970a1,Zha16_no_2_tors,70970.b2,ISOGENY_ONLY,BASE_ADDED_AFTER_TWIST_FILE_LAST_CHANGED,72867942accf94b9513857a2c0bae3895af8e9bc
71290c1,Zha16_no_2_tors,71290.c1,ISOGENY_ONLY,BASE_ADDED_AFTER_TWIST_FILE_LAST_CHANGED,72867942accf94b9513857a2c0bae3895af8e9bc
71395a1,Zha16_no_2_tors,71395.a2,ISOGENY_ONLY,BASE_ADDED_AFTER_TWIST_FILE_LAST_CHANGED,72867942accf94b9513857a2c0bae3895af8e9bc
71782a1,Zha16_no_2_tors,71782.a2,ISOGENY_ONLY,BASE_ADDED_AFTER_TWIST_FILE_LAST_CHANGED,72867942accf94b9513857a2c0bae3895af8e9bc
71827b1,Zha16_no_2_tors,71827.a2,ISOGENY_ONLY,BASE_ADDED_AFTER_TWIST_FILE_LAST_CHANGED,72867942accf94b9513857a2c0bae3895af8e9bc
72338g1,Zha16_no_2_tors,72338.h3,ISOGENY_ONLY,BASE_ADDED_AFTER_TWIST_FILE_LAST_CHANGED,72867942accf94b9513857a2c0bae3895af8e9bc
72590e1,Zha16_no_2_tors,72590.e1,ISOGENY_ONLY,BASE_ADDED_AFTER_TWIST_FILE_LAST_CHANGED,72867942accf94b9513857a2c0bae3895af8e9bc
72730h1,Zha16_no_2_tors,72730.g2,ISOGENY_ONLY,BASE_ADDED_AFTER_TWIST_FILE_LAST_CHANGED,72867942accf94b9513857a2c0bae3895af8e9bc
72898g1,Zha16_no_2_tors,72898.f2,ISOGENY_ONLY,BASE_ADDED_AFTER_TWIST_FILE_LAST_CHANGED,72867942accf94b9513857a2c0bae3895af8e9bc
72982c1,Zha16_no_2_tors,72982.c2,ISOGENY_ONLY,BASE_ADDED_AFTER_TWIST_FILE_LAST_CHANGED,72867942accf94b9513857a2c0bae3895af8e9bc
73570k1,Zha16_no_2_tors,73570.i2,ISOGENY_ONLY,BASE_ADDED_AFTER_TWIST_FILE_LAST_CHANGED,72867942accf94b9513857a2c0bae3895af8e9bc
73658d1,Zha16_no_2_tors,73658.d3,ISOGENY_ONLY,BASE_ADDED_AFTER_TWIST_FILE_LAST_CHANGED,72867942accf94b9513857a2c0bae3895af8e9bc
74822f1,Zha16_no_2_tors,74822.c2,ISOGENY_ONLY,BASE_ADDED_AFTER_TWIST_FILE_LAST_CHANGED,72867942accf94b9513857a2c0bae3895af8e9bc
75490a1,Zha16_no_2_tors,75490.a2,ISOGENY_ONLY,BASE_ADDED_AFTER_TWIST_FILE_LAST_CHANGED,72867942accf94b9513857a2c0bae3895af8e9bc
75530c1,Zha16_no_2_tors,75530.d2,ISOGENY_ONLY,BASE_ADDED_AFTER_TWIST_FILE_LAST_CHANGED,72867942accf94b9513857a2c0bae3895af8e9bc
75866d1,Zha16_no_2_tors,75866.c3,ISOGENY_ONLY,BASE_ADDED_AFTER_TWIST_FILE_LAST_CHANGED,72867942accf94b9513857a2c0bae3895af8e9bc
76066b1,Zha16_no_2_tors,76066.a1,ISOGENY_ONLY,BASE_ADDED_AFTER_TWIST_FILE_LAST_CHANGED,72867942accf94b9513857a2c0bae3895af8e9bc
76258c1,Zha16_no_2_tors,76258.b1,ISOGENY_ONLY,BASE_ADDED_AFTER_TWIST_FILE_LAST_CHANGED,72867942accf94b9513857a2c0bae3895af8e9bc
76267a1,Zha16_no_2_tors,76267.c1,ISOGENY_ONLY,BASE_ADDED_AFTER_TWIST_FILE_LAST_CHANGED,72867942accf94b9513857a2c0bae3895af8e9bc
76426c1,Zha16_no_2_tors,76426.c2,ISOGENY_ONLY,BASE_ADDED_AFTER_TWIST_FILE_LAST_CHANGED,72867942accf94b9513857a2c0bae3895af8e9bc
76466d1,Zha16_no_2_tors,76466.d1,ISOGENY_ONLY,BASE_ADDED_AFTER_TWIST_FILE_LAST_CHANGED,72867942accf94b9513857a2c0bae3895af8e9bc
77314d1,Zha16_no_2_tors,77314.d2,ISOGENY_ONLY,BASE_ADDED_AFTER_TWIST_FILE_LAST_CHANGED,72867942accf94b9513857a2c0bae3895af8e9bc
77435b1,Zha16_no_2_tors,77435.c1,ISOGENY_ONLY,BASE_ADDED_AFTER_TWIST_FILE_LAST_CHANGED,72867942accf94b9513857a2c0bae3895af8e9bc
77710b1,Zha16_no_2_tors,77710.a2,ISOGENY_ONLY,BASE_ADDED_AFTER_TWIST_FILE_LAST_CHANGED,72867942accf94b9513857a2c0bae3895af8e9bc
77938f1,Zha16_no_2_tors,77938.g2,ISOGENY_ONLY,BASE_ADDED_AFTER_TWIST_FILE_LAST_CHANGED,72867942accf94b9513857a2c0bae3895af8e9bc
78062a1,Zha16_no_2_tors,78062.b2,ISOGENY_ONLY,BASE_ADDED_AFTER_TWIST_FILE_LAST_CHANGED,72867942accf94b9513857a2c0bae3895af8e9bc
78526h1,Zha16_no_2_tors,78526.c2,ISOGENY_ONLY,BASE_ADDED_AFTER_TWIST_FILE_LAST_CHANGED,72867942accf94b9513857a2c0bae3895af8e9bc
78838c1,Zha16_no_2_tors,78838.c2,ISOGENY_ONLY,BASE_ADDED_AFTER_TWIST_FILE_LAST_CHANGED,72867942accf94b9513857a2c0bae3895af8e9bc
78859a1,Zha16_no_2_tors,78859.a1,ISOGENY_ONLY,BASE_ADDED_AFTER_TWIST_FILE_LAST_CHANGED,72867942accf94b9513857a2c0bae3895af8e9bc
79477b1,Zha16_no_2_tors,79477.a2,ISOGENY_ONLY,BASE_ADDED_AFTER_TWIST_FILE_LAST_CHANGED,72867942accf94b9513857a2c0bae3895af8e9bc
79534m1,Zha16_no_2_tors,79534.d1,ISOGENY_ONLY,BASE_ADDED_AFTER_TWIST_FILE_LAST_CHANGED,72867942accf94b9513857a2c0bae3895af8e9bc
79606c1,Zha16_no_2_tors,79606.a1,ISOGENY_ONLY,BASE_ADDED_AFTER_TWIST_FILE_LAST_CHANGED,72867942accf94b9513857a2c0bae3895af8e9bc
79990f1,Zha16_no_2_tors,79990.a2,ISOGENY_ONLY,BASE_ADDED_AFTER_TWIST_FILE_LAST_CHANGED,72867942accf94b9513857a2c0bae3895af8e9bc
80171b1,Zha16_no_2_tors,80171.a2,ISOGENY_ONLY,BASE_ADDED_AFTER_TWIST_FILE_LAST_CHANGED,72867942accf94b9513857a2c0bae3895af8e9bc
82082h1,Zha16_no_2_tors,82082.a2,ISOGENY_ONLY,BASE_ADDED_AFTER_TWIST_FILE_LAST_CHANGED,72867942accf94b9513857a2c0bae3895af8e9bc
82742a1,Zha16_no_2_tors,82742.a1,ISOGENY_ONLY,BASE_ADDED_AFTER_TWIST_FILE_LAST_CHANGED,72867942accf94b9513857a2c0bae3895af8e9bc
82922b1,Zha16_no_2_tors,82922.b2,ISOGENY_ONLY,BASE_ADDED_AFTER_TWIST_FILE_LAST_CHANGED,72867942accf94b9513857a2c0bae3895af8e9bc
83083k1,Zha16_no_2_tors,83083.d2,ISOGENY_ONLY,BASE_ADDED_AFTER_TWIST_FILE_LAST_CHANGED,72867942accf94b9513857a2c0bae3895af8e9bc
83174e1,Zha16_no_2_tors,83174.f1,ISOGENY_ONLY,BASE_ADDED_AFTER_TWIST_FILE_LAST_CHANGED,72867942accf94b9513857a2c0bae3895af8e9bc
83842a1,Zha16_no_2_tors,83842.a2,ISOGENY_ONLY,BASE_ADDED_AFTER_TWIST_FILE_LAST_CHANGED,72867942accf94b9513857a2c0bae3895af8e9bc
83846c1,Zha16_no_2_tors,83846.a2,ISOGENY_ONLY,BASE_ADDED_AFTER_TWIST_FILE_LAST_CHANGED,72867942accf94b9513857a2c0bae3895af8e9bc
84370p1,Zha16_no_2_tors,84370.p1,ISOGENY_ONLY,BASE_ADDED_AFTER_TWIST_FILE_LAST_CHANGED,72867942accf94b9513857a2c0bae3895af8e9bc
84733a1,Zha16_no_2_tors,84733.a2,ISOGENY_ONLY,BASE_ADDED_AFTER_TWIST_FILE_LAST_CHANGED,72867942accf94b9513857a2c0bae3895af8e9bc
85030m1,Zha16_no_2_tors,85030.h2,ISOGENY_ONLY,BASE_ADDED_AFTER_TWIST_FILE_LAST_CHANGED,72867942accf94b9513857a2c0bae3895af8e9bc
85190e1,Zha16_no_2_tors,85190.d2,ISOGENY_ONLY,BASE_ADDED_AFTER_TWIST_FILE_LAST_CHANGED,72867942accf94b9513857a2c0bae3895af8e9bc
85226b1,Zha16_no_2_tors,85226.b2,ISOGENY_ONLY,BASE_ADDED_AFTER_TWIST_FILE_LAST_CHANGED,72867942accf94b9513857a2c0bae3895af8e9bc
85330b1,Zha16_no_2_tors,85330.b2,ISOGENY_ONLY,BASE_ADDED_AFTER_TWIST_FILE_LAST_CHANGED,72867942accf94b9513857a2c0bae3895af8e9bc
85490d1,Zha16_no_2_tors,85490.a2,ISOGENY_ONLY,BASE_ADDED_AFTER_TWIST_FILE_LAST_CHANGED,72867942accf94b9513857a2c0bae3895af8e9bc
85595b1,Zha16_no_2_tors,85595.a2,ISOGENY_ONLY,BASE_ADDED_AFTER_TWIST_FILE_LAST_CHANGED,72867942accf94b9513857a2c0bae3895af8e9bc
85642a1,Zha16_no_2_tors,85642.a2,ISOGENY_ONLY,BASE_ADDED_AFTER_TWIST_FILE_LAST_CHANGED,72867942accf94b9513857a2c0bae3895af8e9bc
85646a1,Zha16_no_2_tors,85646.a2,ISOGENY_ONLY,BASE_ADDED_AFTER_TWIST_FILE_LAST_CHANGED,72867942accf94b9513857a2c0bae3895af8e9bc
85666i1,Zha16_no_2_tors,85666.i2,ISOGENY_ONLY,BASE_ADDED_AFTER_TWIST_FILE_LAST_CHANGED,72867942accf94b9513857a2c0bae3895af8e9bc
85714j1,Zha16_no_2_tors,85714.i2,ISOGENY_ONLY,BASE_ADDED_AFTER_TWIST_FILE_LAST_CHANGED,72867942accf94b9513857a2c0bae3895af8e9bc
85858c1,Zha16_no_2_tors,85858.b1,ISOGENY_ONLY,BASE_ADDED_AFTER_TWIST_FILE_LAST_CHANGED,72867942accf94b9513857a2c0bae3895af8e9bc
86210b1,Zha16_no_2_tors,86210.e1,ISOGENY_ONLY,BASE_ADDED_AFTER_TWIST_FILE_LAST_CHANGED,72867942accf94b9513857a2c0bae3895af8e9bc
86995a1,Zha16_no_2_tors,86995.c2,ISOGENY_ONLY,BASE_ADDED_AFTER_TWIST_FILE_LAST_CHANGED,72867942accf94b9513857a2c0bae3895af8e9bc
87230b1,Zha16_no_2_tors,87230.c2,ISOGENY_ONLY,BASE_ADDED_AFTER_TWIST_FILE_LAST_CHANGED,72867942accf94b9513857a2c0bae3895af8e9bc
87571a1,Zha16_no_2_tors,87571.a1,ISOGENY_ONLY,BASE_ADDED_AFTER_TWIST_FILE_LAST_CHANGED,72867942accf94b9513857a2c0bae3895af8e9bc
88946b1,Zha16_no_2_tors,88946.a1,ISOGENY_ONLY,BASE_ADDED_AFTER_TWIST_FILE_LAST_CHANGED,72867942accf94b9513857a2c0bae3895af8e9bc
88970d1,Zha16_no_2_tors,88970.g1,ISOGENY_ONLY,BASE_ADDED_AFTER_TWIST_FILE_LAST_CHANGED,72867942accf94b9513857a2c0bae3895af8e9bc
88970o1,Zha16_no_2_tors,88970.x2,ISOGENY_ONLY,BASE_ADDED_AFTER_TWIST_FILE_LAST_CHANGED,72867942accf94b9513857a2c0bae3895af8e9bc
88970p1,Zha16_no_2_tors,88970.v2,ISOGENY_ONLY,BASE_ADDED_AFTER_TWIST_FILE_LAST_CHANGED,72867942accf94b9513857a2c0bae3895af8e9bc
89342d1,Zha16_no_2_tors,89342.b2,ISOGENY_ONLY,BASE_ADDED_AFTER_TWIST_FILE_LAST_CHANGED,72867942accf94b9513857a2c0bae3895af8e9bc
90370c1,Zha16_no_2_tors,90370.a1,ISOGENY_ONLY,BASE_ADDED_AFTER_TWIST_FILE_LAST_CHANGED,72867942accf94b9513857a2c0bae3895af8e9bc
90734a1,Zha16_no_2_tors,90734.a2,ISOGENY_ONLY,BASE_ADDED_AFTER_TWIST_FILE_LAST_CHANGED,72867942accf94b9513857a2c0bae3895af8e9bc
90886f1,Zha16_no_2_tors,90886.c1,ISOGENY_ONLY,BASE_ADDED_AFTER_TWIST_FILE_LAST_CHANGED,72867942accf94b9513857a2c0bae3895af8e9bc
91267a1,Zha16_no_2_tors,91267.a1,ISOGENY_ONLY,BASE_ADDED_AFTER_TWIST_FILE_LAST_CHANGED,72867942accf94b9513857a2c0bae3895af8e9bc
91390h1,Zha16_no_2_tors,91390.k2,ISOGENY_ONLY,BASE_ADDED_AFTER_TWIST_FILE_LAST_CHANGED,72867942accf94b9513857a2c0bae3895af8e9bc
91509c1,Zha16_no_2_tors,91509.a2,ISOGENY_ONLY,BASE_ADDED_AFTER_TWIST_FILE_LAST_CHANGED,72867942accf94b9513857a2c0bae3895af8e9bc
91955a1,Zha16_no_2_tors,91955.b2,ISOGENY_ONLY,BASE_ADDED_AFTER_TWIST_FILE_LAST_CHANGED,72867942accf94b9513857a2c0bae3895af8e9bc
92330j1,Zha16_no_2_tors,92330.i1,ISOGENY_ONLY,BASE_ADDED_AFTER_TWIST_FILE_LAST_CHANGED,72867942accf94b9513857a2c0bae3895af8e9bc
92842b1,Zha16_no_2_tors,92842.c2,ISOGENY_ONLY,BASE_ADDED_AFTER_TWIST_FILE_LAST_CHANGED,72867942accf94b9513857a2c0bae3895af8e9bc
93515a1,Zha16_no_2_tors,93515.a2,ISOGENY_ONLY,BASE_ADDED_AFTER_TWIST_FILE_LAST_CHANGED,72867942accf94b9513857a2c0bae3895af8e9bc
93670c1,Zha16_no_2_tors,93670.b2,ISOGENY_ONLY,BASE_ADDED_AFTER_TWIST_FILE_LAST_CHANGED,72867942accf94b9513857a2c0bae3895af8e9bc
94018a1,Zha16_no_2_tors,94018.a1,ISOGENY_ONLY,BASE_ADDED_AFTER_TWIST_FILE_LAST_CHANGED,72867942accf94b9513857a2c0bae3895af8e9bc
94046a1,Zha16_no_2_tors,94046.a1,ISOGENY_ONLY,BASE_ADDED_AFTER_TWIST_FILE_LAST_CHANGED,72867942accf94b9513857a2c0bae3895af8e9bc
94498e1,Zha16_no_2_tors,94498.d2,ISOGENY_ONLY,BASE_ADDED_AFTER_TWIST_FILE_LAST_CHANGED,72867942accf94b9513857a2c0bae3895af8e9bc
95018n1,Zha16_no_2_tors,95018.j2,ISOGENY_ONLY,BASE_ADDED_AFTER_TWIST_FILE_LAST_CHANGED,72867942accf94b9513857a2c0bae3895af8e9bc
95810f1,Zha16_no_2_tors,95810.j1,ISOGENY_ONLY,BASE_ADDED_AFTER_TWIST_FILE_LAST_CHANGED,72867942accf94b9513857a2c0bae3895af8e9bc
95890h1,Zha16_no_2_tors,95890.c1,ISOGENY_ONLY,BASE_ADDED_AFTER_TWIST_FILE_LAST_CHANGED,72867942accf94b9513857a2c0bae3895af8e9bc
96490d1,Zha16_no_2_tors,96490.d2,ISOGENY_ONLY,BASE_ADDED_AFTER_TWIST_FILE_LAST_CHANGED,72867942accf94b9513857a2c0bae3895af8e9bc
96563a1,Zha16_no_2_tors,96563.a2,ISOGENY_ONLY,BASE_ADDED_AFTER_TWIST_FILE_LAST_CHANGED,72867942accf94b9513857a2c0bae3895af8e9bc
96866m1,Zha16_no_2_tors,96866.m2,ISOGENY_ONLY,BASE_ADDED_AFTER_TWIST_FILE_LAST_CHANGED,72867942accf94b9513857a2c0bae3895af8e9bc
96874b1,Zha16_no_2_tors,96874.b2,ISOGENY_ONLY,BASE_ADDED_AFTER_TWIST_FILE_LAST_CHANGED,72867942accf94b9513857a2c0bae3895af8e9bc
97054a1,Zha16_no_2_tors,97054.a2,ISOGENY_ONLY,BASE_ADDED_AFTER_TWIST_FILE_LAST_CHANGED,72867942accf94b9513857a2c0bae3895af8e9bc
97309c1,Zha16_no_2_tors,97309.b3,ISOGENY_ONLY,BASE_ADDED_AFTER_TWIST_FILE_LAST_CHANGED,72867942accf94b9513857a2c0bae3895af8e9bc
97414a1,Zha16_no_2_tors,97414.a2,ISOGENY_ONLY,BASE_ADDED_AFTER_TWIST_FILE_LAST_CHANGED,72867942accf94b9513857a2c0bae3895af8e9bc
97570a1,Zha16_no_2_tors,97570.b2,ISOGENY_ONLY,BASE_ADDED_AFTER_TWIST_FILE_LAST_CHANGED,72867942accf94b9513857a2c0bae3895af8e9bc
97955a1,Zha16_no_2_tors,97955.a2,ISOGENY_ONLY,BASE_ADDED_AFTER_TWIST_FILE_LAST_CHANGED,72867942accf94b9513857a2c0bae3895af8e9bc
98078b1,Zha16_no_2_tors,98078.b1,ISOGENY_ONLY,BASE_ADDED_AFTER_TWIST_FILE_LAST_CHANGED,72867942accf94b9513857a2c0bae3895af8e9bc
98230e1,Zha16_no_2_tors,98230.c1,ISOGENY_ONLY,BASE_ADDED_AFTER_TWIST_FILE_LAST_CHANGED,72867942accf94b9513857a2c0bae3895af8e9bc
98626h1,Zha16_no_2_tors,98626.g2,ISOGENY_ONLY,BASE_ADDED_AFTER_TWIST_FILE_LAST_CHANGED,72867942accf94b9513857a2c0bae3895af8e9bc
98933b1,Zha16_no_2_tors,98933.b2,ISOGENY_ONLY,BASE_ADDED_AFTER_TWIST_FILE_LAST_CHANGED,72867942accf94b9513857a2c0bae3895af8e9bc
99146b1,Zha16_no_2_tors,99146.a2,ISOGENY_ONLY,BASE_ADDED_AFTER_TWIST_FILE_LAST_CHANGED,72867942accf94b9513857a2c0bae3895af8e9bc
99437a1,Zha16_no_2_tors,99437.a2,ISOGENY_ONLY,BASE_ADDED_AFTER_TWIST_FILE_LAST_CHANGED,72867942accf94b9513857a2c0bae3895af8e9bc
99698c1,Zha16_no_2_tors,99698.a2,ISOGENY_ONLY,BASE_ADDED_AFTER_TWIST_FILE_LAST_CHANGED,72867942accf94b9513857a2c0bae3895af8e9bc
99755b1,Zha16_no_2_tors,99755.a2,ISOGENY_ONLY,BASE_ADDED_AFTER_TWIST_FILE_LAST_CHANGED,72867942accf94b9513857a2c0bae3895af8e9bc
99958b1,Zha16_no_2_tors,99958.b1,ISOGENY_ONLY,BASE_ADDED_AFTER_TWIST_FILE_LAST_CHANGED,72867942accf94b9513857a2c0bae3895af8e9bc
99979b1,Zha16_no_2_tors,99979.b2,ISOGENY_ONLY,BASE_ADDED_AFTER_TWIST_FILE_LAST_CHANGED,72867942accf94b9513857a2c0bae3895af8e9bc
101002b1,Zha16_no_2_tors,101002.a2,ISOGENY_ONLY,BASE_ADDED_AFTER_TWIST_FILE_LAST_CHANGED,72867942accf94b9513857a2c0bae3895af8e9bc
101597a1,Zha16_no_2_tors,101597.a2,ISOGENY_ONLY,BASE_ADDED_AFTER_TWIST_FILE_LAST_CHANGED,72867942accf94b9513857a2c0bae3895af8e9bc
101618g1,Zha16_no_2_tors,101618.e1,ISOGENY_ONLY,BASE_ADDED_AFTER_TWIST_FILE_LAST_CHANGED,72867942accf94b9513857a2c0bae3895af8e9bc
102283a1,Zha16_no_2_tors,102283.a1,ISOGENY_ONLY,BASE_ADDED_AFTER_TWIST_FILE_LAST_CHANGED,72867942accf94b9513857a2c0bae3895af8e9bc
103730o1,Zha16_no_2_tors,103730.o2,ISOGENY_ONLY,BASE_ADDED_AFTER_TWIST_FILE_LAST_CHANGED,72867942accf94b9513857a2c0bae3895af8e9bc
103870l1,Zha16_no_2_tors,103870.j2,ISOGENY_ONLY,BASE_ADDED_AFTER_TWIST_FILE_LAST_CHANGED,72867942accf94b9513857a2c0bae3895af8e9bc
104210d1,Zha16_no_2_tors,104210.e2,ISOGENY_ONLY,BASE_ADDED_AFTER_TWIST_FILE_LAST_CHANGED,72867942accf94b9513857a2c0bae3895af8e9bc
104371b1,Zha16_no_2_tors,104371.a1,ISOGENY_ONLY,BASE_ADDED_AFTER_TWIST_FILE_LAST_CHANGED,72867942accf94b9513857a2c0bae3895af8e9bc
104755e1,Zha16_no_2_tors,104755.c2,ISOGENY_ONLY,BASE_ADDED_AFTER_TWIST_FILE_LAST_CHANGED,72867942accf94b9513857a2c0bae3895af8e9bc
104902d1,Zha16_no_2_tors,104902.d2,ISOGENY_ONLY,BASE_ADDED_AFTER_TWIST_FILE_LAST_CHANGED,72867942accf94b9513857a2c0bae3895af8e9bc
104995a1,Zha16_no_2_tors,104995.a1,ISOGENY_ONLY,BASE_ADDED_AFTER_TWIST_FILE_LAST_CHANGED,72867942accf94b9513857a2c0bae3895af8e9bc
105830f1,Zha16_no_2_tors,105830.b2,ISOGENY_ONLY,BASE_ADDED_AFTER_TWIST_FILE_LAST_CHANGED,72867942accf94b9513857a2c0bae3895af8e9bc
105910q1,Zha16_no_2_tors,105910.n1,ISOGENY_ONLY,BASE_ADDED_AFTER_TWIST_FILE_LAST_CHANGED,72867942accf94b9513857a2c0bae3895af8e9bc
108218b1,Zha16_no_2_tors,108218.c1,ISOGENY_ONLY,BASE_ADDED_AFTER_TWIST_FILE_LAST_CHANGED,72867942accf94b9513857a2c0bae3895af8e9bc
108358a1,Zha16_no_2_tors,108358.a2,ISOGENY_ONLY,BASE_ADDED_AFTER_TWIST_FILE_LAST_CHANGED,72867942accf94b9513857a2c0bae3895af8e9bc
108491a1,Zha16_no_2_tors,108491.a1,ISOGENY_ONLY,BASE_ADDED_AFTER_TWIST_FILE_LAST_CHANGED,72867942accf94b9513857a2c0bae3895af8e9bc
108766l1,Zha16_no_2_tors,108766.e2,ISOGENY_ONLY,BASE_ADDED_AFTER_TWIST_FILE_LAST_CHANGED,72867942accf94b9513857a2c0bae3895af8e9bc
109282a1,Zha16_no_2_tors,109282.a2,ISOGENY_ONLY,BASE_ADDED_AFTER_TWIST_FILE_LAST_CHANGED,72867942accf94b9513857a2c0bae3895af8e9bc
109915c1,Zha16_no_2_tors,109915.b2,ISOGENY_ONLY,BASE_ADDED_AFTER_TWIST_FILE_LAST_CHANGED,72867942accf94b9513857a2c0bae3895af8e9bc
110074b1,Zha16_no_2_tors,110074.b2,ISOGENY_ONLY,BASE_ADDED_AFTER_TWIST_FILE_LAST_CHANGED,72867942accf94b9513857a2c0bae3895af8e9bc
110546c1,Zha16_no_2_tors,110546.c2,ISOGENY_ONLY,BASE_ADDED_AFTER_TWIST_FILE_LAST_CHANGED,72867942accf94b9513857a2c0bae3895af8e9bc
110698a1,Zha16_no_2_tors,110698.a1,ISOGENY_ONLY,BASE_ADDED_AFTER_TWIST_FILE_LAST_CHANGED,72867942accf94b9513857a2c0bae3895af8e9bc
110747a1,Zha16_no_2_tors,110747.b2,ISOGENY_ONLY,BASE_ADDED_AFTER_TWIST_FILE_LAST_CHANGED,72867942accf94b9513857a2c0bae3895af8e9bc
111538b1,Zha16_no_2_tors,111538.a1,ISOGENY_ONLY,BASE_ADDED_AFTER_TWIST_FILE_LAST_CHANGED,72867942accf94b9513857a2c0bae3895af8e9bc
111538e1,Zha16_no_2_tors,111538.d1,ISOGENY_ONLY,BASE_ADDED_AFTER_TWIST_FILE_LAST_CHANGED,72867942accf94b9513857a2c0bae3895af8e9bc
112658a1,Zha16_no_2_tors,112658.a3,ISOGENY_ONLY,BASE_ADDED_AFTER_TWIST_FILE_LAST_CHANGED,72867942accf94b9513857a2c0bae3895af8e9bc
113522c1,Zha16_no_2_tors,113522.b2,ISOGENY_ONLY,BASE_ADDED_AFTER_TWIST_FILE_LAST_CHANGED,72867942accf94b9513857a2c0bae3895af8e9bc
113555b1,Zha16_no_2_tors,113555.a2,ISOGENY_ONLY,BASE_ADDED_AFTER_TWIST_FILE_LAST_CHANGED,72867942accf94b9513857a2c0bae3895af8e9bc
113965b1,Zha16_no_2_tors,113965.a2,ISOGENY_ONLY,BASE_ADDED_AFTER_TWIST_FILE_LAST_CHANGED,72867942accf94b9513857a2c0bae3895af8e9bc
114010f1,Zha16_no_2_tors,114010.a2,ISOGENY_ONLY,BASE_ADDED_AFTER_TWIST_FILE_LAST_CHANGED,72867942accf94b9513857a2c0bae3895af8e9bc
114422i1,Zha16_no_2_tors,114422.h1,ISOGENY_ONLY,BASE_ADDED_AFTER_TWIST_FILE_LAST_CHANGED,72867942accf94b9513857a2c0bae3895af8e9bc
114494a1,Zha16_no_2_tors,114494.b1,ISOGENY_ONLY,BASE_ADDED_AFTER_TWIST_FILE_LAST_CHANGED,72867942accf94b9513857a2c0bae3895af8e9bc
114589e1,Zha16_no_2_tors,114589.d2,ISOGENY_ONLY,BASE_ADDED_AFTER_TWIST_FILE_LAST_CHANGED,72867942accf94b9513857a2c0bae3895af8e9bc
114595c1,Zha16_no_2_tors,114595.b1,ISOGENY_ONLY,BASE_ADDED_AFTER_TWIST_FILE_LAST_CHANGED,72867942accf94b9513857a2c0bae3895af8e9bc
114730d1,Zha16_no_2_tors,114730.c1,ISOGENY_ONLY,BASE_ADDED_AFTER_TWIST_FILE_LAST_CHANGED,72867942accf94b9513857a2c0bae3895af8e9bc
114730j1,Zha16_no_2_tors,114730.f1,ISOGENY_ONLY,BASE_ADDED_AFTER_TWIST_FILE_LAST_CHANGED,72867942accf94b9513857a2c0bae3895af8e9bc
115430m1,Zha16_no_2_tors,115430.p1,ISOGENY_ONLY,BASE_ADDED_AFTER_TWIST_FILE_LAST_CHANGED,72867942accf94b9513857a2c0bae3895af8e9bc
115805c1,Zha16_no_2_tors,115805.b2,ISOGENY_ONLY,BASE_ADDED_AFTER_TWIST_FILE_LAST_CHANGED,72867942accf94b9513857a2c0bae3895af8e9bc
116435d1,Zha16_no_2_tors,116435.b1,ISOGENY_ONLY,BASE_ADDED_AFTER_TWIST_FILE_LAST_CHANGED,72867942accf94b9513857a2c0bae3895af8e9bc
116630i1,Zha16_no_2_tors,116630.h1,ISOGENY_ONLY,BASE_ADDED_AFTER_TWIST_FILE_LAST_CHANGED,72867942accf94b9513857a2c0bae3895af8e9bc
116698d1,Zha16_no_2_tors,116698.d2,ISOGENY_ONLY,BASE_ADDED_AFTER_TWIST_FILE_LAST_CHANGED,72867942accf94b9513857a2c0bae3895af8e9bc
116702c1,Zha16_no_2_tors,116702.c2,ISOGENY_ONLY,BASE_ADDED_AFTER_TWIST_FILE_LAST_CHANGED,72867942accf94b9513857a2c0bae3895af8e9bc
116966a1,Zha16_no_2_tors,116966.a2,ISOGENY_ONLY,BASE_ADDED_AFTER_TWIST_FILE_LAST_CHANGED,72867942accf94b9513857a2c0bae3895af8e9bc
117058a1,Zha16_no_2_tors,117058.b2,ISOGENY_ONLY,BASE_ADDED_AFTER_TWIST_FILE_LAST_CHANGED,72867942accf94b9513857a2c0bae3895af8e9bc
117622a1,Zha16_no_2_tors,117622.c2,ISOGENY_ONLY,BASE_ADDED_AFTER_TWIST_FILE_LAST_CHANGED,72867942accf94b9513857a2c0bae3895af8e9bc
118198a1,Zha16_no_2_tors,118198.a1,ISOGENY_ONLY,BASE_ADDED_AFTER_TWIST_FILE_LAST_CHANGED,72867942accf94b9513857a2c0bae3895af8e9bc
118306a1,Zha16_no_2_tors,118306.d2,ISOGENY_ONLY,BASE_ADDED_AFTER_TWIST_FILE_LAST_CHANGED,72867942accf94b9513857a2c0bae3895af8e9bc
119510a1,Zha16_no_2_tors,119510.b2,ISOGENY_ONLY,BASE_ADDED_AFTER_TWIST_FILE_LAST_CHANGED,72867942accf94b9513857a2c0bae3895af8e9bc
119845c1,Zha16_no_2_tors,119845.a2,ISOGENY_ONLY,BASE_ADDED_AFTER_TWIST_FILE_LAST_CHANGED,72867942accf94b9513857a2c0bae3895af8e9bc
119938b1,Zha16_no_2_tors,119938.b2,ISOGENY_ONLY,BASE_ADDED_AFTER_TWIST_FILE_LAST_CHANGED,72867942accf94b9513857a2c0bae3895af8e9bc
120418b1,Zha16_no_2_tors,120418.a1,ISOGENY_ONLY,BASE_ADDED_AFTER_TWIST_FILE_LAST_CHANGED,72867942accf94b9513857a2c0bae3895af8e9bc
120598a1,Zha16_no_2_tors,120598.a2,ISOGENY_ONLY,BASE_ADDED_AFTER_TWIST_FILE_LAST_CHANGED,72867942accf94b9513857a2c0bae3895af8e9bc
120659b1,Zha16_no_2_tors,120659.a2,ISOGENY_ONLY,BASE_ADDED_AFTER_TWIST_FILE_LAST_CHANGED,72867942accf94b9513857a2c0bae3895af8e9bc
121210g1,Zha16_no_2_tors,121210.c1,ISOGENY_ONLY,BASE_ADDED_AFTER_TWIST_FILE_LAST_CHANGED,72867942accf94b9513857a2c0bae3895af8e9bc
121394h1,Zha16_no_2_tors,121394.g2,ISOGENY_ONLY,BASE_ADDED_AFTER_TWIST_FILE_LAST_CHANGED,72867942accf94b9513857a2c0bae3895af8e9bc
121610a1,Zha16_no_2_tors,121610.b1,ISOGENY_ONLY,BASE_ADDED_AFTER_TWIST_FILE_LAST_CHANGED,72867942accf94b9513857a2c0bae3895af8e9bc
121709a1,Zha16_no_2_tors,121709.b2,ISOGENY_ONLY,BASE_ADDED_AFTER_TWIST_FILE_LAST_CHANGED,72867942accf94b9513857a2c0bae3895af8e9bc
121730w1,Zha16_no_2_tors,121730.t1,ISOGENY_ONLY,BASE_ADDED_AFTER_TWIST_FILE_LAST_CHANGED,72867942accf94b9513857a2c0bae3895af8e9bc
123098e1,Zha16_no_2_tors,123098.f2,ISOGENY_ONLY,BASE_ADDED_AFTER_TWIST_FILE_LAST_CHANGED,72867942accf94b9513857a2c0bae3895af8e9bc
124014j1,Zha16_no_2_tors,124014.k2,ISOGENY_ONLY,BASE_ADDED_AFTER_TWIST_FILE_LAST_CHANGED,72867942accf94b9513857a2c0bae3895af8e9bc
124658b1,Zha16_no_2_tors,124658.a1,ISOGENY_ONLY,BASE_ADDED_AFTER_TWIST_FILE_LAST_CHANGED,72867942accf94b9513857a2c0bae3895af8e9bc
124806f1,Zha16_no_2_tors,124806.f2,ISOGENY_ONLY,BASE_ADDED_AFTER_TWIST_FILE_LAST_CHANGED,72867942accf94b9513857a2c0bae3895af8e9bc
124882b1,Zha16_no_2_tors,124882.b1,ISOGENY_ONLY,BASE_ADDED_AFTER_TWIST_FILE_LAST_CHANGED,72867942accf94b9513857a2c0bae3895af8e9bc
125110e1,Zha16_no_2_tors,125110.c2,ISOGENY_ONLY,BASE_ADDED_AFTER_TWIST_FILE_LAST_CHANGED,72867942accf94b9513857a2c0bae3895af8e9bc
125590c1,Zha16_no_2_tors,125590.b2,ISOGENY_ONLY,BASE_ADDED_AFTER_TWIST_FILE_LAST_CHANGED,72867942accf94b9513857a2c0bae3895af8e9bc
125822b1,Zha16_no_2_tors,125822.a2,ISOGENY_ONLY,BASE_ADDED_AFTER_TWIST_FILE_LAST_CHANGED,72867942accf94b9513857a2c0bae3895af8e9bc
126170f1,Zha16_no_2_tors,126170.b3,ISOGENY_ONLY,BASE_ADDED_AFTER_TWIST_FILE_LAST_CHANGED,72867942accf94b9513857a2c0bae3895af8e9bc
126170h1,Zha16_no_2_tors,126170.c2,ISOGENY_ONLY,BASE_ADDED_AFTER_TWIST_FILE_LAST_CHANGED,72867942accf94b9513857a2c0bae3895af8e9bc
126205a1,Zha16_no_2_tors,126205.a2,ISOGENY_ONLY,BASE_ADDED_AFTER_TWIST_FILE_LAST_CHANGED,72867942accf94b9513857a2c0bae3895af8e9bc
127262a1,Zha16_no_2_tors,127262.a2,ISOGENY_ONLY,BASE_ADDED_AFTER_TWIST_FILE_LAST_CHANGED,72867942accf94b9513857a2c0bae3895af8e9bc
127330m1,Zha16_no_2_tors,127330.k1,ISOGENY_ONLY,BASE_ADDED_AFTER_TWIST_FILE_LAST_CHANGED,72867942accf94b9513857a2c0bae3895af8e9bc
128197a1,Zha16_no_2_tors,128197.a2,ISOGENY_ONLY,BASE_ADDED_AFTER_TWIST_FILE_LAST_CHANGED,72867942accf94b9513857a2c0bae3895af8e9bc
128739a1,Zha16_no_2_tors,128739.a2,ISOGENY_ONLY,BASE_ADDED_AFTER_TWIST_FILE_LAST_CHANGED,72867942accf94b9513857a2c0bae3895af8e9bc
129118c1,Zha16_no_2_tors,129118.c2,ISOGENY_ONLY,BASE_ADDED_AFTER_TWIST_FILE_LAST_CHANGED,72867942accf94b9513857a2c0bae3895af8e9bc
129149a1,Zha16_no_2_tors,129149.a2,ISOGENY_ONLY,BASE_ADDED_AFTER_TWIST_FILE_LAST_CHANGED,72867942accf94b9513857a2c0bae3895af8e9bc
129610c1,Zha16_no_2_tors,129610.c2,ISOGENY_ONLY,BASE_ADDED_AFTER_TWIST_FILE_LAST_CHANGED,72867942accf94b9513857a2c0bae3895af8e9bc
129851a1,Zha16_no_2_tors,129851.a2,ISOGENY_ONLY,BASE_ADDED_AFTER_TWIST_FILE_LAST_CHANGED,72867942accf94b9513857a2c0bae3895af8e9bc
130382e1,Zha16_no_2_tors,130382.b2,ISOGENY_ONLY,BASE_ADDED_AFTER_TWIST_FILE_LAST_CHANGED,72867942accf94b9513857a2c0bae3895af8e9bc
130570h1,Zha16_no_2_tors,130570.c2,ISOGENY_ONLY,BASE_ADDED_AFTER_TWIST_FILE_LAST_CHANGED,72867942accf94b9513857a2c0bae3895af8e9bc
131366a1,Zha16_no_2_tors,131366.d3,ISOGENY_ONLY,BASE_ADDED_AFTER_TWIST_FILE_LAST_CHANGED,72867942accf94b9513857a2c0bae3895af8e9bc
132230h1,Zha16_no_2_tors,132230.m2,ISOGENY_ONLY,BASE_ADDED_AFTER_TWIST_FILE_LAST_CHANGED,72867942accf94b9513857a2c0bae3895af8e9bc
132286e1,Zha16_no_2_tors,132286.b2,ISOGENY_ONLY,BASE_ADDED_AFTER_TWIST_FILE_LAST_CHANGED,72867942accf94b9513857a2c0bae3895af8e9bc
132370b1,Zha16_no_2_tors,132370.q1,ISOGENY_ONLY,BASE_ADDED_AFTER_TWIST_FILE_LAST_CHANGED,72867942accf94b9513857a2c0bae3895af8e9bc
132370i1,Zha16_no_2_tors,132370.c2,ISOGENY_ONLY,BASE_ADDED_AFTER_TWIST_FILE_LAST_CHANGED,72867942accf94b9513857a2c0bae3895af8e9bc
132470a1,Zha16_no_2_tors,132470.a1,ISOGENY_ONLY,BASE_ADDED_AFTER_TWIST_FILE_LAST_CHANGED,72867942accf94b9513857a2c0bae3895af8e9bc
132587f1,Zha16_no_2_tors,132587.f2,ISOGENY_ONLY,BASE_ADDED_AFTER_TWIST_FILE_LAST_CHANGED,72867942accf94b9513857a2c0bae3895af8e9bc
132610g1,Zha16_no_2_tors,132610.d2,ISOGENY_ONLY,BASE_ADDED_AFTER_TWIST_FILE_LAST_CHANGED,72867942accf94b9513857a2c0bae3895af8e9bc
132770h1,Zha16_no_2_tors,132770.w2,ISOGENY_ONLY,BASE_ADDED_AFTER_TWIST_FILE_LAST_CHANGED,72867942accf94b9513857a2c0bae3895af8e9bc
133198a1,Zha16_no_2_tors,133198.d1,ISOGENY_ONLY,BASE_ADDED_AFTER_TWIST_FILE_LAST_CHANGED,72867942accf94b9513857a2c0bae3895af8e9bc
133198d1,Zha16_no_2_tors,133198.a2,ISOGENY_ONLY,BASE_ADDED_AFTER_TWIST_FILE_LAST_CHANGED,72867942accf94b9513857a2c0bae3895af8e9bc
133630a1,Zha16_no_2_tors,133630.d1,ISOGENY_ONLY,BASE_ADDED_AFTER_TWIST_FILE_LAST_CHANGED,72867942accf94b9513857a2c0bae3895af8e9bc
134078d1,Zha16_no_2_tors,134078.a3,ISOGENY_ONLY,BASE_ADDED_AFTER_TWIST_FILE_LAST_CHANGED,72867942accf94b9513857a2c0bae3895af8e9bc
134662b1,Zha16_no_2_tors,134662.c2,ISOGENY_ONLY,BASE_ADDED_AFTER_TWIST_FILE_LAST_CHANGED,72867942accf94b9513857a2c0bae3895af8e9bc
134830a1,Zha16_no_2_tors,134830.d1,ISOGENY_ONLY,BASE_ADDED_AFTER_TWIST_FILE_LAST_CHANGED,72867942accf94b9513857a2c0bae3895af8e9bc
135470d1,Zha16_no_2_tors,135470.n2,ISOGENY_ONLY,BASE_ADDED_AFTER_TWIST_FILE_LAST_CHANGED,72867942accf94b9513857a2c0bae3895af8e9bc
136114d1,Zha16_no_2_tors,136114.f2,ISOGENY_ONLY,BASE_ADDED_AFTER_TWIST_FILE_LAST_CHANGED,72867942accf94b9513857a2c0bae3895af8e9bc
136510b1,Zha16_no_2_tors,136510.n1,ISOGENY_ONLY,BASE_ADDED_AFTER_TWIST_FILE_LAST_CHANGED,72867942accf94b9513857a2c0bae3895af8e9bc
136846b1,Zha16_no_2_tors,136846.a2,ISOGENY_ONLY,BASE_ADDED_AFTER_TWIST_FILE_LAST_CHANGED,72867942accf94b9513857a2c0bae3895af8e9bc
137314c1,Zha16_no_2_tors,137314.b2,ISOGENY_ONLY,BASE_ADDED_AFTER_TWIST_FILE_LAST_CHANGED,72867942accf94b9513857a2c0bae3895af8e9bc
137410q1,Zha16_no_2_tors,137410.g2,ISOGENY_ONLY,BASE_ADDED_AFTER_TWIST_FILE_LAST_CHANGED,72867942accf94b9513857a2c0bae3895af8e9bc
138602a1,Zha16_no_2_tors,138602.d2,ISOGENY_ONLY,BASE_ADDED_AFTER_TWIST_FILE_LAST_CHANGED,72867942accf94b9513857a2c0bae3895af8e9bc
139363a1,Zha16_no_2_tors,139363.a2,ISOGENY_ONLY,BASE_ADDED_AFTER_TWIST_FILE_LAST_CHANGED,72867942accf94b9513857a2c0bae3895af8e9bc
139370g1,Zha16_no_2_tors,139370.t2,ISOGENY_ONLY,BASE_ADDED_AFTER_TWIST_FILE_LAST_CHANGED,72867942accf94b9513857a2c0bae3895af8e9bc
139570b1,Zha16_no_2_tors,139570.e1,ISOGENY_ONLY,BASE_ADDED_AFTER_TWIST_FILE_LAST_CHANGED,72867942accf94b9513857a2c0bae3895af8e9bc
140998j1,Zha16_no_2_tors,140998.a2,ISOGENY_ONLY,BASE_ADDED_AFTER_TWIST_FILE_LAST_CHANGED,72867942accf94b9513857a2c0bae3895af8e9bc
141206a1,Zha16_no_2_tors,141206.f1,ISOGENY_ONLY,BASE_ADDED_AFTER_TWIST_FILE_LAST_CHANGED,72867942accf94b9513857a2c0bae3895af8e9bc
141526a1,Zha16_no_2_tors,141526.c2,ISOGENY_ONLY,BASE_ADDED_AFTER_TWIST_FILE_LAST_CHANGED,72867942accf94b9513857a2c0bae3895af8e9bc
142253a1,Zha16_no_2_tors,142253.a2,ISOGENY_ONLY,BASE_ADDED_AFTER_TWIST_FILE_LAST_CHANGED,72867942accf94b9513857a2c0bae3895af8e9bc
142670e1,Zha16_no_2_tors,142670.c2,ISOGENY_ONLY,BASE_ADDED_AFTER_TWIST_FILE_LAST_CHANGED,72867942accf94b9513857a2c0bae3895af8e9bc
142987a1,Zha16_no_2_tors,142987.a1,ISOGENY_ONLY,BASE_ADDED_AFTER_TWIST_FILE_LAST_CHANGED,72867942accf94b9513857a2c0bae3895af8e9bc
143003a1,Zha16_no_2_tors,143003.a2,ISOGENY_ONLY,BASE_ADDED_AFTER_TWIST_FILE_LAST_CHANGED,72867942accf94b9513857a2c0bae3895af8e9bc
143269b1,Zha16_no_2_tors,143269.b2,ISOGENY_ONLY,BASE_ADDED_AFTER_TWIST_FILE_LAST_CHANGED,72867942accf94b9513857a2c0bae3895af8e9bc
143338d1,Zha16_no_2_tors,143338.c2,ISOGENY_ONLY,BASE_ADDED_AFTER_TWIST_FILE_LAST_CHANGED,72867942accf94b9513857a2c0bae3895af8e9bc
143429b1,Zha16_no_2_tors,143429.b2,ISOGENY_ONLY,BASE_ADDED_AFTER_TWIST_FILE_LAST_CHANGED,72867942accf94b9513857a2c0bae3895af8e9bc
143474a1,Zha16_no_2_tors,143474.a2,ISOGENY_ONLY,BASE_ADDED_AFTER_TWIST_FILE_LAST_CHANGED,72867942accf94b9513857a2c0bae3895af8e9bc
144317a1,Zha16_no_2_tors,144317.a2,ISOGENY_ONLY,BASE_ADDED_AFTER_TWIST_FILE_LAST_CHANGED,72867942accf94b9513857a2c0bae3895af8e9bc
144467a1,Zha16_no_2_tors,144467.a1,ISOGENY_ONLY,BASE_ADDED_AFTER_TWIST_FILE_LAST_CHANGED,72867942accf94b9513857a2c0bae3895af8e9bc
144710d1,Zha16_no_2_tors,144710.a2,ISOGENY_ONLY,BASE_ADDED_AFTER_TWIST_FILE_LAST_CHANGED,72867942accf94b9513857a2c0bae3895af8e9bc
144970t1,Zha16_no_2_tors,144970.d2,ISOGENY_ONLY,BASE_ADDED_AFTER_TWIST_FILE_LAST_CHANGED,72867942accf94b9513857a2c0bae3895af8e9bc
145390t1,Zha16_no_2_tors,145390.c2,ISOGENY_ONLY,BASE_ADDED_AFTER_TWIST_FILE_LAST_CHANGED,72867942accf94b9513857a2c0bae3895af8e9bc
145522a1,Zha16_no_2_tors,145522.d2,ISOGENY_ONLY,BASE_ADDED_AFTER_TWIST_FILE_LAST_CHANGED,72867942accf94b9513857a2c0bae3895af8e9bc
145570b1,Zha16_no_2_tors,145570.a2,ISOGENY_ONLY,BASE_ADDED_AFTER_TWIST_FILE_LAST_CHANGED,72867942accf94b9513857a2c0bae3895af8e9bc
145990a1,Zha16_no_2_tors,145990.a1,ISOGENY_ONLY,BASE_ADDED_AFTER_TWIST_FILE_LAST_CHANGED,72867942accf94b9513857a2c0bae3895af8e9bc
147230a1,Zha16_no_2_tors,147230.a1,ISOGENY_ONLY,BASE_ADDED_AFTER_TWIST_FILE_LAST_CHANGED,72867942accf94b9513857a2c0bae3895af8e9bc
147515a1,Zha16_no_2_tors,147515.a2,ISOGENY_ONLY,BASE_ADDED_AFTER_TWIST_FILE_LAST_CHANGED,72867942accf94b9513857a2c0bae3895af8e9bc
147730m1,Zha16_no_2_tors,147730.a2,ISOGENY_ONLY,BASE_ADDED_AFTER_TWIST_FILE_LAST_CHANGED,72867942accf94b9513857a2c0bae3895af8e9bc
148330b1,Zha16_no_2_tors,148330.p3,ISOGENY_ONLY,BASE_ADDED_AFTER_TWIST_FILE_LAST_CHANGED,72867942accf94b9513857a2c0bae3895af8e9bc
149170d1,Zha16_no_2_tors,149170.f2,ISOGENY_ONLY,BASE_ADDED_AFTER_TWIST_FILE_LAST_CHANGED,72867942accf94b9513857a2c0bae3895af8e9bc
149270a1,Zha16_no_2_tors,149270.i2,ISOGENY_ONLY,BASE_ADDED_AFTER_TWIST_FILE_LAST_CHANGED,72867942accf94b9513857a2c0bae3895af8e9bc
150514g1,Zha16_no_2_tors,150514.a2,ISOGENY_ONLY,BASE_ADDED_AFTER_TWIST_FILE_LAST_CHANGED,72867942accf94b9513857a2c0bae3895af8e9bc
151555a1,Zha16_no_2_tors,151555.a2,ISOGENY_ONLY,BASE_ADDED_AFTER_TWIST_FILE_LAST_CHANGED,72867942accf94b9513857a2c0bae3895af8e9bc
152030c1,Zha16_no_2_tors,152030.a1,ISOGENY_ONLY,BASE_ADDED_AFTER_TWIST_FILE_LAST_CHANGED,72867942accf94b9513857a2c0bae3895af8e9bc
152102a1,Zha16_no_2_tors,152102.b2,ISOGENY_ONLY,BASE_ADDED_AFTER_TWIST_FILE_LAST_CHANGED,72867942accf94b9513857a2c0bae3895af8e9bc
152165a1,Zha16_no_2_tors,152165.a2,ISOGENY_ONLY,BASE_ADDED_AFTER_TWIST_FILE_LAST_CHANGED,72867942accf94b9513857a2c0bae3895af8e9bc
152570g1,Zha16_no_2_tors,152570.d2,ISOGENY_ONLY,BASE_ADDED_AFTER_TWIST_FILE_LAST_CHANGED,72867942accf94b9513857a2c0bae3895af8e9bc
153085b1,Zha16_no_2_tors,153085.b2,ISOGENY_ONLY,BASE_ADDED_AFTER_TWIST_FILE_LAST_CHANGED,72867942accf94b9513857a2c0bae3895af8e9bc
153218a1,Zha16_no_2_tors,153218.f2,ISOGENY_ONLY,BASE_ADDED_AFTER_TWIST_FILE_LAST_CHANGED,72867942accf94b9513857a2c0bae3895af8e9bc
153454a1,Zha16_no_2_tors,153454.b1,ISOGENY_ONLY,BASE_ADDED_AFTER_TWIST_FILE_LAST_CHANGED,72867942accf94b9513857a2c0bae3895af8e9bc
153538d1,Zha16_no_2_tors,153538.d1,ISOGENY_ONLY,BASE_ADDED_AFTER_TWIST_FILE_LAST_CHANGED,72867942accf94b9513857a2c0bae3895af8e9bc
154502a1,Zha16_no_2_tors,154502.c2,ISOGENY_ONLY,BASE_ADDED_AFTER_TWIST_FILE_LAST_CHANGED,72867942accf94b9513857a2c0bae3895af8e9bc
155246f1,Zha16_no_2_tors,155246.e1,ISOGENY_ONLY,BASE_ADDED_AFTER_TWIST_FILE_LAST_CHANGED,72867942accf94b9513857a2c0bae3895af8e9bc
155309a1,Zha16_no_2_tors,155309.a2,ISOGENY_ONLY,BASE_ADDED_AFTER_TWIST_FILE_LAST_CHANGED,72867942accf94b9513857a2c0bae3895af8e9bc
155774c1,Zha16_no_2_tors,155774.b1,ISOGENY_ONLY,BASE_ADDED_AFTER_TWIST_FILE_LAST_CHANGED,72867942accf94b9513857a2c0bae3895af8e9bc
155914b1,Zha16_no_2_tors,155914.h2,ISOGENY_ONLY,BASE_ADDED_AFTER_TWIST_FILE_LAST_CHANGED,72867942accf94b9513857a2c0bae3895af8e9bc
157043a1,Zha16_no_2_tors,157043.a2,ISOGENY_ONLY,BASE_ADDED_AFTER_TWIST_FILE_LAST_CHANGED,72867942accf94b9513857a2c0bae3895af8e9bc
157102c1,Zha16_no_2_tors,157102.e1,ISOGENY_ONLY,BASE_ADDED_AFTER_TWIST_FILE_LAST_CHANGED,72867942accf94b9513857a2c0bae3895af8e9bc
157285b1,Zha16_no_2_tors,157285.b2,ISOGENY_ONLY,BASE_ADDED_AFTER_TWIST_FILE_LAST_CHANGED,72867942accf94b9513857a2c0bae3895af8e9bc
157685c1,Zha16_no_2_tors,157685.c2,ISOGENY_ONLY,BASE_ADDED_AFTER_TWIST_FILE_LAST_CHANGED,72867942accf94b9513857a2c0bae3895af8e9bc
157891a1,Zha16_no_2_tors,157891.a1,ISOGENY_ONLY,BASE_ADDED_AFTER_TWIST_FILE_LAST_CHANGED,72867942accf94b9513857a2c0bae3895af8e9bc
158582b1,Zha16_no_2_tors,158582.b3,ISOGENY_ONLY,BASE_ADDED_AFTER_TWIST_FILE_LAST_CHANGED,72867942accf94b9513857a2c0bae3895af8e9bc
159026c1,Zha16_no_2_tors,159026.b2,ISOGENY_ONLY,BASE_ADDED_AFTER_TWIST_FILE_LAST_CHANGED,72867942accf94b9513857a2c0bae3895af8e9bc
159731c1,Zha16_no_2_tors,159731.c2,ISOGENY_ONLY,BASE_ADDED_AFTER_TWIST_FILE_LAST_CHANGED,72867942accf94b9513857a2c0bae3895af8e9bc
160006a1,Zha16_no_2_tors,160006.a2,ISOGENY_ONLY,BASE_ADDED_AFTER_TWIST_FILE_LAST_CHANGED,72867942accf94b9513857a2c0bae3895af8e9bc
160358c1,Zha16_no_2_tors,160358.d1,ISOGENY_ONLY,BASE_ADDED_AFTER_TWIST_FILE_LAST_CHANGED,72867942accf94b9513857a2c0bae3895af8e9bc
160430b1,Zha16_no_2_tors,160430.a2,ISOGENY_ONLY,BASE_ADDED_AFTER_TWIST_FILE_LAST_CHANGED,72867942accf94b9513857a2c0bae3895af8e9bc
160706i1,Zha16_no_2_tors,160706.e1,ISOGENY_ONLY,BASE_ADDED_AFTER_TWIST_FILE_LAST_CHANGED,72867942accf94b9513857a2c0bae3895af8e9bc
160742a1,Zha16_no_2_tors,160742.b1,ISOGENY_ONLY,BASE_ADDED_AFTER_TWIST_FILE_LAST_CHANGED,72867942accf94b9513857a2c0bae3895af8e9bc
161098a1,Zha16_no_2_tors,161098.a2,ISOGENY_ONLY,BASE_ADDED_AFTER_TWIST_FILE_LAST_CHANGED,72867942accf94b9513857a2c0bae3895af8e9bc
161747b1,Zha16_no_2_tors,161747.b1,ISOGENY_ONLY,BASE_ADDED_AFTER_TWIST_FILE_LAST_CHANGED,72867942accf94b9513857a2c0bae3895af8e9bc
162130a1,Zha16_no_2_tors,162130.a2,ISOGENY_ONLY,BASE_ADDED_AFTER_TWIST_FILE_LAST_CHANGED,72867942accf94b9513857a2c0bae3895af8e9bc
162286a1,Zha16_no_2_tors,162286.a2,ISOGENY_ONLY,BASE_ADDED_AFTER_TWIST_FILE_LAST_CHANGED,72867942accf94b9513857a2c0bae3895af8e9bc
162734d1,Zha16_no_2_tors,162734.b1,ISOGENY_ONLY,BASE_ADDED_AFTER_TWIST_FILE_LAST_CHANGED,72867942accf94b9513857a2c0bae3895af8e9bc
163165a1,Zha16_no_2_tors,163165.a2,ISOGENY_ONLY,BASE_ADDED_AFTER_TWIST_FILE_LAST_CHANGED,72867942accf94b9513857a2c0bae3895af8e9bc
163282a1,Zha16_no_2_tors,163282.c2,ISOGENY_ONLY,BASE_ADDED_AFTER_TWIST_FILE_LAST_CHANGED,72867942accf94b9513857a2c0bae3895af8e9bc
163451a1,Zha16_no_2_tors,163451.a2,ISOGENY_ONLY,BASE_ADDED_AFTER_TWIST_FILE_LAST_CHANGED,72867942accf94b9513857a2c0bae3895af8e9bc
163742c1,Zha16_no_2_tors,163742.b2,ISOGENY_ONLY,BASE_ADDED_AFTER_TWIST_FILE_LAST_CHANGED,72867942accf94b9513857a2c0bae3895af8e9bc
164710b1,Zha16_no_2_tors,164710.w2,ISOGENY_ONLY,BASE_ADDED_AFTER_TWIST_FILE_LAST_CHANGED,72867942accf94b9513857a2c0bae3895af8e9bc
165011c1,Zha16_no_2_tors,165011.c1,ISOGENY_ONLY,BASE_ADDED_AFTER_TWIST_FILE_LAST_CHANGED,72867942accf94b9513857a2c0bae3895af8e9bc
165066d1,Zha16_no_2_tors,165066.v3,ISOGENY_ONLY,BASE_ADDED_AFTER_TWIST_FILE_LAST_CHANGED,72867942accf94b9513857a2c0bae3895af8e9bc
165310d1,Zha16_no_2_tors,165310.a2,ISOGENY_ONLY,BASE_ADDED_AFTER_TWIST_FILE_LAST_CHANGED,72867942accf94b9513857a2c0bae3895af8e9bc
165722c1,Zha16_no_2_tors,165722.b2,ISOGENY_ONLY,BASE_ADDED_AFTER_TWIST_FILE_LAST_CHANGED,72867942accf94b9513857a2c0bae3895af8e9bc
165830q1,Zha16_no_2_tors,165830.g1,ISOGENY_ONLY,BASE_ADDED_AFTER_TWIST_FILE_LAST_CHANGED,72867942accf94b9513857a2c0bae3895af8e9bc
166166m1,Zha16_no_2_tors,166166.h1,ISOGENY_ONLY,BASE_ADDED_AFTER_TWIST_FILE_LAST_CHANGED,72867942accf94b9513857a2c0bae3895af8e9bc
166315c1,Zha16_no_2_tors,166315.c2,ISOGENY_ONLY,BASE_ADDED_AFTER_TWIST_FILE_LAST_CHANGED,72867942accf94b9513857a2c0bae3895af8e9bc
166370e1,Zha16_no_2_tors,166370.a2,ISOGENY_ONLY,BASE_ADDED_AFTER_TWIST_FILE_LAST_CHANGED,72867942accf94b9513857a2c0bae3895af8e9bc
167029a1,Zha16_no_2_tors,167029.a2,ISOGENY_ONLY,BASE_ADDED_AFTER_TWIST_FILE_LAST_CHANGED,72867942accf94b9513857a2c0bae3895af8e9bc
167302a1,Zha16_no_2_tors,167302.b2,ISOGENY_ONLY,BASE_ADDED_AFTER_TWIST_FILE_LAST_CHANGED,72867942accf94b9513857a2c0bae3895af8e9bc
167915d1,Zha16_no_2_tors,167915.d1,ISOGENY_ONLY,BASE_ADDED_AFTER_TWIST_FILE_LAST_CHANGED,72867942accf94b9513857a2c0bae3895af8e9bc
167962b1,Zha16_no_2_tors,167962.a2,ISOGENY_ONLY,BASE_ADDED_AFTER_TWIST_FILE_LAST_CHANGED,72867942accf94b9513857a2c0bae3895af8e9bc
168299a1,Zha16_no_2_tors,168299.a2,ISOGENY_ONLY,BASE_ADDED_AFTER_TWIST_FILE_LAST_CHANGED,72867942accf94b9513857a2c0bae3895af8e9bc
168986b1,Zha16_no_2_tors,168986.b1,ISOGENY_ONLY,BASE_ADDED_AFTER_TWIST_FILE_LAST_CHANGED,72867942accf94b9513857a2c0bae3895af8e9bc
169214c1,Zha16_no_2_tors,169214.f2,ISOGENY_ONLY,BASE_ADDED_AFTER_TWIST_FILE_LAST_CHANGED,72867942accf94b9513857a2c0bae3895af8e9bc
169235c1,Zha16_no_2_tors,169235.c1,ISOGENY_ONLY,BASE_ADDED_AFTER_TWIST_FILE_LAST_CHANGED,72867942accf94b9513857a2c0bae3895af8e9bc
169795b1,Zha16_no_2_tors,169795.b2,ISOGENY_ONLY,BASE_ADDED_AFTER_TWIST_FILE_LAST_CHANGED,72867942accf94b9513857a2c0bae3895af8e9bc
171190i1,Zha16_no_2_tors,171190.b2,ISOGENY_ONLY,BASE_ADDED_AFTER_TWIST_FILE_LAST_CHANGED,72867942accf94b9513857a2c0bae3895af8e9bc
171347a1,Zha16_no_2_tors,171347.a2,ISOGENY_ONLY,BASE_ADDED_AFTER_TWIST_FILE_LAST_CHANGED,72867942accf94b9513857a2c0bae3895af8e9bc
172370b1,Zha16_no_2_tors,172370.c2,ISOGENY_ONLY,BASE_ADDED_AFTER_TWIST_FILE_LAST_CHANGED,72867942accf94b9513857a2c0bae3895af8e9bc
172419a1,Zha16_no_2_tors,172419.a2,ISOGENY_ONLY,BASE_ADDED_AFTER_TWIST_FILE_LAST_CHANGED,72867942accf94b9513857a2c0bae3895af8e9bc
172429a1,Zha16_no_2_tors,172429.a2,ISOGENY_ONLY,BASE_ADDED_AFTER_TWIST_FILE_LAST_CHANGED,72867942accf94b9513857a2c0bae3895af8e9bc
172790e1,Zha16_no_2_tors,172790.s2,ISOGENY_ONLY,BASE_ADDED_AFTER_TWIST_FILE_LAST_CHANGED,72867942accf94b9513857a2c0bae3895af8e9bc
173213b1,Zha16_no_2_tors,173213.b2,ISOGENY_ONLY,BASE_ADDED_AFTER_TWIST_FILE_LAST_CHANGED,72867942accf94b9513857a2c0bae3895af8e9bc
173234a1,Zha16_no_2_tors,173234.a1,ISOGENY_ONLY,BASE_ADDED_AFTER_TWIST_FILE_LAST_CHANGED,72867942accf94b9513857a2c0bae3895af8e9bc
173734a1,Zha16_no_2_tors,173734.f2,ISOGENY_ONLY,BASE_ADDED_AFTER_TWIST_FILE_LAST_CHANGED,72867942accf94b9513857a2c0bae3895af8e9bc
174170b1,Zha16_no_2_tors,174170.b1,ISOGENY_ONLY,BASE_ADDED_AFTER_TWIST_FILE_LAST_CHANGED,72867942accf94b9513857a2c0bae3895af8e9bc
174515c1,Zha16_no_2_tors,174515.d1,ISOGENY_ONLY,BASE_ADDED_AFTER_TWIST_FILE_LAST_CHANGED,72867942accf94b9513857a2c0bae3895af8e9bc
175826g1,Zha16_no_2_tors,175826.d2,ISOGENY_ONLY,BASE_ADDED_AFTER_TWIST_FILE_LAST_CHANGED,72867942accf94b9513857a2c0bae3895af8e9bc
176230a1,Zha16_no_2_tors,176230.a1,ISOGENY_ONLY,BASE_ADDED_AFTER_TWIST_FILE_LAST_CHANGED,72867942accf94b9513857a2c0bae3895af8e9bc
176390b1,Zha16_no_2_tors,176390.e2,ISOGENY_ONLY,BASE_ADDED_AFTER_TWIST_FILE_LAST_CHANGED,72867942accf94b9513857a2c0bae3895af8e9bc
176962a1,Zha16_no_2_tors,176962.a2,ISOGENY_ONLY,BASE_ADDED_AFTER_TWIST_FILE_LAST_CHANGED,72867942accf94b9513857a2c0bae3895af8e9bc
177203a1,Zha16_no_2_tors,177203.a2,ISOGENY_ONLY,BASE_ADDED_AFTER_TWIST_FILE_LAST_CHANGED,72867942accf94b9513857a2c0bae3895af8e9bc
177694a1,Zha16_no_2_tors,177694.a1,ISOGENY_ONLY,BASE_ADDED_AFTER_TWIST_FILE_LAST_CHANGED,72867942accf94b9513857a2c0bae3895af8e9bc
178445b1,Zha16_no_2_tors,178445.b2,ISOGENY_ONLY,BASE_ADDED_AFTER_TWIST_FILE_LAST_CHANGED,72867942accf94b9513857a2c0bae3895af8e9bc
178466b1,Zha16_no_2_tors,178466.k2,ISOGENY_ONLY,BASE_ADDED_AFTER_TWIST_FILE_LAST_CHANGED,72867942accf94b9513857a2c0bae3895af8e9bc
179410i1,Zha16_no_2_tors,179410.c2,ISOGENY_ONLY,BASE_ADDED_AFTER_TWIST_FILE_LAST_CHANGED,72867942accf94b9513857a2c0bae3895af8e9bc
179630g1,Zha16_no_2_tors,179630.e1,ISOGENY_ONLY,BASE_ADDED_AFTER_TWIST_FILE_LAST_CHANGED,72867942accf94b9513857a2c0bae3895af8e9bc
179894a1,Zha16_no_2_tors,179894.n2,ISOGENY_ONLY,BASE_ADDED_AFTER_TWIST_FILE_LAST_CHANGED,72867942accf94b9513857a2c0bae3895af8e9bc
180006b1,Zha16_no_2_tors,180006.j1,ISOGENY_ONLY,BASE_ADDED_AFTER_TWIST_FILE_LAST_CHANGED,72867942accf94b9513857a2c0bae3895af8e9bc
180698b1,Zha16_no_2_tors,180698.e1,ISOGENY_ONLY,BASE_ADDED_AFTER_TWIST_FILE_LAST_CHANGED,72867942accf94b9513857a2c0bae3895af8e9bc
181610v1,Zha16_no_2_tors,181610.m1,ISOGENY_ONLY,BASE_ADDED_AFTER_TWIST_FILE_LAST_CHANGED,72867942accf94b9513857a2c0bae3895af8e9bc
181963a1,Zha16_no_2_tors,181963.a3,ISOGENY_ONLY,BASE_ADDED_AFTER_TWIST_FILE_LAST_CHANGED,72867942accf94b9513857a2c0bae3895af8e9bc
182902b1,Zha16_no_2_tors,182902.a2,ISOGENY_ONLY,BASE_ADDED_AFTER_TWIST_FILE_LAST_CHANGED,72867942accf94b9513857a2c0bae3895af8e9bc
183430o1,Zha16_no_2_tors,183430.w2,ISOGENY_ONLY,BASE_ADDED_AFTER_TWIST_FILE_LAST_CHANGED,72867942accf94b9513857a2c0bae3895af8e9bc
183430x1,Zha16_no_2_tors,183430.h2,ISOGENY_ONLY,BASE_ADDED_AFTER_TWIST_FILE_LAST_CHANGED,72867942accf94b9513857a2c0bae3895af8e9bc
184670b1,Zha16_no_2_tors,184670.d2,ISOGENY_ONLY,BASE_ADDED_AFTER_TWIST_FILE_LAST_CHANGED,72867942accf94b9513857a2c0bae3895af8e9bc
185093a1,Zha16_no_2_tors,185093.a2,ISOGENY_ONLY,BASE_ADDED_AFTER_TWIST_FILE_LAST_CHANGED,72867942accf94b9513857a2c0bae3895af8e9bc
185290d1,Zha16_no_2_tors,185290.k2,ISOGENY_ONLY,BASE_ADDED_AFTER_TWIST_FILE_LAST_CHANGED,72867942accf94b9513857a2c0bae3895af8e9bc
185702g1,Zha16_no_2_tors,185702.e1,ISOGENY_ONLY,BASE_ADDED_AFTER_TWIST_FILE_LAST_CHANGED,72867942accf94b9513857a2c0bae3895af8e9bc
185989a1,Zha16_no_2_tors,185989.a2,ISOGENY_ONLY,BASE_ADDED_AFTER_TWIST_FILE_LAST_CHANGED,72867942accf94b9513857a2c0bae3895af8e9bc
186010bb1,Zha16_no_2_tors,186010.m2,ISOGENY_ONLY,BASE_ADDED_AFTER_TWIST_FILE_LAST_CHANGED,72867942accf94b9513857a2c0bae3895af8e9bc
186110f1,Zha16_no_2_tors,186110.i1,ISOGENY_ONLY,BASE_ADDED_AFTER_TWIST_FILE_LAST_CHANGED,72867942accf94b9513857a2c0bae3895af8e9bc
186626g1,Zha16_no_2_tors,186626.a2,ISOGENY_ONLY,BASE_ADDED_AFTER_TWIST_FILE_LAST_CHANGED,72867942accf94b9513857a2c0bae3895af8e9bc
186682b1,Zha16_no_2_tors,186682.a2,ISOGENY_ONLY,BASE_ADDED_AFTER_TWIST_FILE_LAST_CHANGED,72867942accf94b9513857a2c0bae3895af8e9bc
187090e1,Zha16_no_2_tors,187090.b1,ISOGENY_ONLY,BASE_ADDED_AFTER_TWIST_FILE_LAST_CHANGED,72867942accf94b9513857a2c0bae3895af8e9bc
187162b1,Zha16_no_2_tors,187162.d2,ISOGENY_ONLY,BASE_ADDED_AFTER_TWIST_FILE_LAST_CHANGED,72867942accf94b9513857a2c0bae3895af8e9bc
187646d1,Zha16_no_2_tors,187646.b2,ISOGENY_ONLY,BASE_ADDED_AFTER_TWIST_FILE_LAST_CHANGED,72867942accf94b9513857a2c0bae3895af8e9bc
188386e1,Zha16_no_2_tors,188386.d2,ISOGENY_ONLY,BASE_ADDED_AFTER_TWIST_FILE_LAST_CHANGED,72867942accf94b9513857a2c0bae3895af8e9bc
188515c1,Zha16_no_2_tors,188515.c1,ISOGENY_ONLY,BASE_ADDED_AFTER_TWIST_FILE_LAST_CHANGED,72867942accf94b9513857a2c0bae3895af8e9bc
188611a1,Zha16_no_2_tors,188611.a1,ISOGENY_ONLY,BASE_ADDED_AFTER_TWIST_FILE_LAST_CHANGED,72867942accf94b9513857a2c0bae3895af8e9bc
188819a1,Zha16_no_2_tors,188819.a1,ISOGENY_ONLY,BASE_ADDED_AFTER_TWIST_FILE_LAST_CHANGED,72867942accf94b9513857a2c0bae3895af8e9bc
188914b1,Zha16_no_2_tors,188914.a2,ISOGENY_ONLY,BASE_ADDED_AFTER_TWIST_FILE_LAST_CHANGED,72867942accf94b9513857a2c0bae3895af8e9bc
189010d1,Zha16_no_2_tors,189010.a2,ISOGENY_ONLY,BASE_ADDED_AFTER_TWIST_FILE_LAST_CHANGED,72867942accf94b9513857a2c0bae3895af8e9bc
189070e1,Zha16_no_2_tors,189070.m2,ISOGENY_ONLY,BASE_ADDED_AFTER_TWIST_FILE_LAST_CHANGED,72867942accf94b9513857a2c0bae3895af8e9bc
189410b1,Zha16_no_2_tors,189410.g2,ISOGENY_ONLY,BASE_ADDED_AFTER_TWIST_FILE_LAST_CHANGED,72867942accf94b9513857a2c0bae3895af8e9bc
189635a1,Zha16_no_2_tors,189635.a2,ISOGENY_ONLY,BASE_ADDED_AFTER_TWIST_FILE_LAST_CHANGED,72867942accf94b9513857a2c0bae3895af8e9bc
189658i1,Zha16_no_2_tors,189658.a2,ISOGENY_ONLY,BASE_ADDED_AFTER_TWIST_FILE_LAST_CHANGED,72867942accf94b9513857a2c0bae3895af8e9bc
189878d1,Zha16_no_2_tors,189878.a2,ISOGENY_ONLY,BASE_ADDED_AFTER_TWIST_FILE_LAST_CHANGED,72867942accf94b9513857a2c0bae3895af8e9bc
191171a1,Zha16_no_2_tors,191171.a2,ISOGENY_ONLY,BASE_ADDED_AFTER_TWIST_FILE_LAST_CHANGED,72867942accf94b9513857a2c0bae3895af8e9bc
191315b1,Zha16_no_2_tors,191315.b1,ISOGENY_ONLY,BASE_ADDED_AFTER_TWIST_FILE_LAST_CHANGED,72867942accf94b9513857a2c0bae3895af8e9bc
191555b1,Zha16_no_2_tors,191555.b1,ISOGENY_ONLY,BASE_ADDED_AFTER_TWIST_FILE_LAST_CHANGED,72867942accf94b9513857a2c0bae3895af8e9bc
192910b1,Zha16_no_2_tors,192910.a1,ISOGENY_ONLY,BASE_ADDED_AFTER_TWIST_FILE_LAST_CHANGED,72867942accf94b9513857a2c0bae3895af8e9bc
193318a1,Zha16_no_2_tors,193318.a1,ISOGENY_ONLY,BASE_ADDED_AFTER_TWIST_FILE_LAST_CHANGED,72867942accf94b9513857a2c0bae3895af8e9bc
193886a1,Zha16_no_2_tors,193886.f2,ISOGENY_ONLY,BASE_ADDED_AFTER_TWIST_FILE_LAST_CHANGED,72867942accf94b9513857a2c0bae3895af8e9bc
195085b1,Zha16_no_2_tors,195085.b2,ISOGENY_ONLY,BASE_ADDED_AFTER_TWIST_FILE_LAST_CHANGED,72867942accf94b9513857a2c0bae3895af8e9bc
195139a1,Zha16_no_2_tors,195139.a1,ISOGENY_ONLY,BASE_ADDED_AFTER_TWIST_FILE_LAST_CHANGED,72867942accf94b9513857a2c0bae3895af8e9bc
195547a1,Zha16_no_2_tors,195547.a2,ISOGENY_ONLY,BASE_ADDED_AFTER_TWIST_FILE_LAST_CHANGED,72867942accf94b9513857a2c0bae3895af8e9bc
196586a1,Zha16_no_2_tors,196586.a1,ISOGENY_ONLY,BASE_ADDED_AFTER_TWIST_FILE_LAST_CHANGED,72867942accf94b9513857a2c0bae3895af8e9bc
197974a1,Zha16_no_2_tors,197974.h2,ISOGENY_ONLY,BASE_ADDED_AFTER_TWIST_FILE_LAST_CHANGED,72867942accf94b9513857a2c0bae3895af8e9bc
198730a1,Zha16_no_2_tors,198730.f2,ISOGENY_ONLY,BASE_ADDED_AFTER_TWIST_FILE_LAST_CHANGED,72867942accf94b9513857a2c0bae3895af8e9bc
199226f1,Zha16_no_2_tors,199226.b2,ISOGENY_ONLY,BASE_ADDED_AFTER_TWIST_FILE_LAST_CHANGED,72867942accf94b9513857a2c0bae3895af8e9bc
199546a1,Zha16_no_2_tors,199546.b1,ISOGENY_ONLY,BASE_ADDED_AFTER_TWIST_FILE_LAST_CHANGED,72867942accf94b9513857a2c0bae3895af8e9bc
199606a1,Zha16_no_2_tors,199606.a2,ISOGENY_ONLY,BASE_ADDED_AFTER_TWIST_FILE_LAST_CHANGED,72867942accf94b9513857a2c0bae3895af8e9bc
200090j1,Zha16_no_2_tors,200090.e2,ISOGENY_ONLY,BASE_ADDED_AFTER_TWIST_FILE_LAST_CHANGED,72867942accf94b9513857a2c0bae3895af8e9bc
200546c1,Zha16_no_2_tors,200546.c2,ISOGENY_ONLY,BASE_ADDED_AFTER_TWIST_FILE_LAST_CHANGED,72867942accf94b9513857a2c0bae3895af8e9bc
200590c1,Zha16_no_2_tors,200590.a1,ISOGENY_ONLY,BASE_ADDED_AFTER_TWIST_FILE_LAST_CHANGED,72867942accf94b9513857a2c0bae3895af8e9bc
200746a1,Zha16_no_2_tors,200746.b1,ISOGENY_ONLY,BASE_ADDED_AFTER_TWIST_FILE_LAST_CHANGED,72867942accf94b9513857a2c0bae3895af8e9bc
201058e1,Zha16_no_2_tors,201058.a1,ISOGENY_ONLY,BASE_ADDED_AFTER_TWIST_FILE_LAST_CHANGED,72867942accf94b9513857a2c0bae3895af8e9bc
201283a1,Zha16_no_2_tors,201283.a2,ISOGENY_ONLY,BASE_ADDED_AFTER_TWIST_FILE_LAST_CHANGED,72867942accf94b9513857a2c0bae3895af8e9bc
201362g1,Zha16_no_2_tors,201362.d3,ISOGENY_ONLY,BASE_ADDED_AFTER_TWIST_FILE_LAST_CHANGED,72867942accf94b9513857a2c0bae3895af8e9bc
201410a1,Zha16_no_2_tors,201410.f3,ISOGENY_ONLY,BASE_ADDED_AFTER_TWIST_FILE_LAST_CHANGED,72867942accf94b9513857a2c0bae3895af8e9bc
202123a1,Zha16_no_2_tors,202123.a2,ISOGENY_ONLY,BASE_ADDED_AFTER_TWIST_FILE_LAST_CHANGED,72867942accf94b9513857a2c0bae3895af8e9bc
202510n1,Zha16_no_2_tors,202510.g1,ISOGENY_ONLY,BASE_ADDED_AFTER_TWIST_FILE_LAST_CHANGED,72867942accf94b9513857a2c0bae3895af8e9bc
202651a1,Zha16_no_2_tors,202651.a2,ISOGENY_ONLY,BASE_ADDED_AFTER_TWIST_FILE_LAST_CHANGED,72867942accf94b9513857a2c0bae3895af8e9bc
203414b1,Zha16_no_2_tors,203414.d2,ISOGENY_ONLY,BASE_ADDED_AFTER_TWIST_FILE_LAST_CHANGED,72867942accf94b9513857a2c0bae3895af8e9bc
203962d1,Zha16_no_2_tors,203962.b2,ISOGENY_ONLY,BASE_ADDED_AFTER_TWIST_FILE_LAST_CHANGED,72867942accf94b9513857a2c0bae3895af8e9bc
204171a1,Zha16_no_2_tors,204171.a2,ISOGENY_ONLY,BASE_ADDED_AFTER_TWIST_FILE_LAST_CHANGED,72867942accf94b9513857a2c0bae3895af8e9bc
204358e1,Zha16_no_2_tors,204358.i3,ISOGENY_ONLY,BASE_ADDED_AFTER_TWIST_FILE_LAST_CHANGED,72867942accf94b9513857a2c0bae3895af8e9bc
205030b1,Zha16_no_2_tors,205030.l1,ISOGENY_ONLY,BASE_ADDED_AFTER_TWIST_FILE_LAST_CHANGED,72867942accf94b9513857a2c0bae3895af8e9bc
205270c1,Zha16_no_2_tors,205270.a2,ISOGENY_ONLY,BASE_ADDED_AFTER_TWIST_FILE_LAST_CHANGED,72867942accf94b9513857a2c0bae3895af8e9bc
205282f1,Zha16_no_2_tors,205282.b2,ISOGENY_ONLY,BASE_ADDED_AFTER_TWIST_FILE_LAST_CHANGED,72867942accf94b9513857a2c0bae3895af8e9bc
205406b1,Zha16_no_2_tors,205406.e2,ISOGENY_ONLY,BASE_ADDED_AFTER_TWIST_FILE_LAST_CHANGED,72867942accf94b9513857a2c0bae3895af8e9bc
206330a1,Zha16_no_2_tors,206330.d2,ISOGENY_ONLY,BASE_ADDED_AFTER_TWIST_FILE_LAST_CHANGED,72867942accf94b9513857a2c0bae3895af8e9bc
206530a1,Zha16_no_2_tors,206530.b1,ISOGENY_ONLY,BASE_ADDED_AFTER_TWIST_FILE_LAST_CHANGED,72867942accf94b9513857a2c0bae3895af8e9bc
206646e1,Zha16_no_2_tors,206646.ba1,ISOGENY_ONLY,BASE_ADDED_AFTER_TWIST_FILE_LAST_CHANGED,72867942accf94b9513857a2c0bae3895af8e9bc
207298h1,Zha16_no_2_tors,207298.d1,ISOGENY_ONLY,BASE_ADDED_AFTER_TWIST_FILE_LAST_CHANGED,72867942accf94b9513857a2c0bae3895af8e9bc
207538a1,Zha16_no_2_tors,207538.a2,ISOGENY_ONLY,BASE_ADDED_AFTER_TWIST_FILE_LAST_CHANGED,72867942accf94b9513857a2c0bae3895af8e9bc
207851a1,Zha16_no_2_tors,207851.a2,ISOGENY_ONLY,BASE_ADDED_AFTER_TWIST_FILE_LAST_CHANGED,72867942accf94b9513857a2c0bae3895af8e9bc
208078a1,Zha16_no_2_tors,208078.a1,ISOGENY_ONLY,BASE_ADDED_AFTER_TWIST_FILE_LAST_CHANGED,72867942accf94b9513857a2c0bae3895af8e9bc
208171a1,Zha16_no_2_tors,208171.a2,ISOGENY_ONLY,BASE_ADDED_AFTER_TWIST_FILE_LAST_CHANGED,72867942accf94b9513857a2c0bae3895af8e9bc
208742a1,Zha16_no_2_tors,208742.e2,ISOGENY_ONLY,BASE_ADDED_AFTER_TWIST_FILE_LAST_CHANGED,72867942accf94b9513857a2c0bae3895af8e9bc
208894a1,Zha16_no_2_tors,208894.e2,ISOGENY_ONLY,BASE_ADDED_AFTER_TWIST_FILE_LAST_CHANGED,72867942accf94b9513857a2c0bae3895af8e9bc
209674a1,Zha16_no_2_tors,209674.b1,ISOGENY_ONLY,BASE_ADDED_AFTER_TWIST_FILE_LAST_CHANGED,72867942accf94b9513857a2c0bae3895af8e9bc
210301b1,Zha16_no_2_tors,210301.b3,ISOGENY_ONLY,BASE_ADDED_AFTER_TWIST_FILE_LAST_CHANGED,72867942accf94b9513857a2c0bae3895af8e9bc
210410g1,Zha16_no_2_tors,210410.d1,ISOGENY_ONLY,BASE_ADDED_AFTER_TWIST_FILE_LAST_CHANGED,72867942accf94b9513857a2c0bae3895af8e9bc
211610a1,Zha16_no_2_tors,211610.e2,ISOGENY_ONLY,BASE_ADDED_AFTER_TWIST_FILE_LAST_CHANGED,72867942accf94b9513857a2c0bae3895af8e9bc
211730b1,Zha16_no_2_tors,211730.e2,ISOGENY_ONLY,BASE_ADDED_AFTER_TWIST_FILE_LAST_CHANGED,72867942accf94b9513857a2c0bae3895af8e9bc
211898a1,Zha16_no_2_tors,211898.d1,ISOGENY_ONLY,BASE_ADDED_AFTER_TWIST_FILE_LAST_CHANGED,72867942accf94b9513857a2c0bae3895af8e9bc
212755b1,Zha16_no_2_tors,212755.b2,ISOGENY_ONLY,BASE_ADDED_AFTER_TWIST_FILE_LAST_CHANGED,72867942accf94b9513857a2c0bae3895af8e9bc
213118f1,Zha16_no_2_tors,213118.c2,ISOGENY_ONLY,BASE_ADDED_AFTER_TWIST_FILE_LAST_CHANGED,72867942accf94b9513857a2c0bae3895af8e9bc
214558a1,Zha16_no_2_tors,214558.a1,ISOGENY_ONLY,BASE_ADDED_AFTER_TWIST_FILE_LAST_CHANGED,72867942accf94b9513857a2c0bae3895af8e9bc
214579a1,Zha16_no_2_tors,214579.a1,ISOGENY_ONLY,BASE_ADDED_AFTER_TWIST_FILE_LAST_CHANGED,72867942accf94b9513857a2c0bae3895af8e9bc
214642b1,Zha16_no_2_tors,214642.a1,ISOGENY_ONLY,BASE_ADDED_AFTER_TWIST_FILE_LAST_CHANGED,72867942accf94b9513857a2c0bae3895af8e9bc
214658b1,Zha16_no_2_tors,214658.a1,ISOGENY_ONLY,BASE_ADDED_AFTER_TWIST_FILE_LAST_CHANGED,72867942accf94b9513857a2c0bae3895af8e9bc
214730c1,Zha16_no_2_tors,214730.a2,ISOGENY_ONLY,BASE_ADDED_AFTER_TWIST_FILE_LAST_CHANGED,72867942accf94b9513857a2c0bae3895af8e9bc
214766b1,Zha16_no_2_tors,214766.c2,ISOGENY_ONLY,BASE_ADDED_AFTER_TWIST_FILE_LAST_CHANGED,72867942accf94b9513857a2c0bae3895af8e9bc
215530c1,Zha16_no_2_tors,215530.j2,ISOGENY_ONLY,BASE_ADDED_AFTER_TWIST_FILE_LAST_CHANGED,72867942accf94b9513857a2c0bae3895af8e9bc
216266b1,Zha16_no_2_tors,216266.b2,ISOGENY_ONLY,BASE_ADDED_AFTER_TWIST_FILE_LAST_CHANGED,72867942accf94b9513857a2c0bae3895af8e9bc
216910a1,Zha16_no_2_tors,216910.d1,ISOGENY_ONLY,BASE_ADDED_AFTER_TWIST_FILE_LAST_CHANGED,72867942accf94b9513857a2c0bae3895af8e9bc
217226a1,Zha16_no_2_tors,217226.a1,ISOGENY_ONLY,BASE_ADDED_AFTER_TWIST_FILE_LAST_CHANGED,72867942accf94b9513857a2c0bae3895af8e9bc
217613b1,Zha16_no_2_tors,217613.b2,ISOGENY_ONLY,BASE_ADDED_AFTER_TWIST_FILE_LAST_CHANGED,72867942accf94b9513857a2c0bae3895af8e9bc
218230a1,Zha16_no_2_tors,218230.a1,ISOGENY_ONLY,BASE_ADDED_AFTER_TWIST_FILE_LAST_CHANGED,72867942accf94b9513857a2c0bae3895af8e9bc
219142a1,Zha16_no_2_tors,219142.b2,ISOGENY_ONLY,BASE_ADDED_AFTER_TWIST_FILE_LAST_CHANGED,72867942accf94b9513857a2c0bae3895af8e9bc
219635b1,Zha16_no_2_tors,219635.b1,ISOGENY_ONLY,BASE_ADDED_AFTER_TWIST_FILE_LAST_CHANGED,72867942accf94b9513857a2c0bae3895af8e9bc
219802c1,Zha16_no_2_tors,219802.a2,ISOGENY_ONLY,BASE_ADDED_AFTER_TWIST_FILE_LAST_CHANGED,72867942accf94b9513857a2c0bae3895af8e9bc
220478b1,Zha16_no_2_tors,220478.a2,ISOGENY_ONLY,BASE_ADDED_AFTER_TWIST_FILE_LAST_CHANGED,72867942accf94b9513857a2c0bae3895af8e9bc
221230d1,Zha16_no_2_tors,221230.a2,ISOGENY_ONLY,BASE_ADDED_AFTER_TWIST_FILE_LAST_CHANGED,72867942accf94b9513857a2c0bae3895af8e9bc
221306b1,Zha16_no_2_tors,221306.b2,ISOGENY_ONLY,BASE_ADDED_AFTER_TWIST_FILE_LAST_CHANGED,72867942accf94b9513857a2c0bae3895af8e9bc
221387a1,Zha16_no_2_tors,221387.a2,ISOGENY_ONLY,BASE_ADDED_AFTER_TWIST_FILE_LAST_CHANGED,72867942accf94b9513857a2c0bae3895af8e9bc
221618b1,Zha16_no_2_tors,221618.b1,ISOGENY_ONLY,BASE_ADDED_AFTER_TWIST_FILE_LAST_CHANGED,72867942accf94b9513857a2c0bae3895af8e9bc
221694a1,Zha16_no_2_tors,221694.c2,ISOGENY_ONLY,BASE_ADDED_AFTER_TWIST_FILE_LAST_CHANGED,72867942accf94b9513857a2c0bae3895af8e9bc
222158a1,Zha16_no_2_tors,222158.b2,ISOGENY_ONLY,BASE_ADDED_AFTER_TWIST_FILE_LAST_CHANGED,72867942accf94b9513857a2c0bae3895af8e9bc
223210k1,Zha16_no_2_tors,223210.e2,ISOGENY_ONLY,BASE_ADDED_AFTER_TWIST_FILE_LAST_CHANGED,72867942accf94b9513857a2c0bae3895af8e9bc
223390h1,Zha16_no_2_tors,223390.f2,ISOGENY_ONLY,BASE_ADDED_AFTER_TWIST_FILE_LAST_CHANGED,72867942accf94b9513857a2c0bae3895af8e9bc
223445c1,Zha16_no_2_tors,223445.c2,ISOGENY_ONLY,BASE_ADDED_AFTER_TWIST_FILE_LAST_CHANGED,72867942accf94b9513857a2c0bae3895af8e9bc
223630l1,Zha16_no_2_tors,223630.b1,ISOGENY_ONLY,BASE_ADDED_AFTER_TWIST_FILE_LAST_CHANGED,72867942accf94b9513857a2c0bae3895af8e9bc
223715c1,Zha16_no_2_tors,223715.c2,ISOGENY_ONLY,BASE_ADDED_AFTER_TWIST_FILE_LAST_CHANGED,72867942accf94b9513857a2c0bae3895af8e9bc
225134e1,Zha16_no_2_tors,225134.a1,ISOGENY_ONLY,BASE_ADDED_AFTER_TWIST_FILE_LAST_CHANGED,72867942accf94b9513857a2c0bae3895af8e9bc
225470e1,Zha16_no_2_tors,225470.l1,ISOGENY_ONLY,BASE_ADDED_AFTER_TWIST_FILE_LAST_CHANGED,72867942accf94b9513857a2c0bae3895af8e9bc
226238b1,Zha16_no_2_tors,226238.h2,ISOGENY_ONLY,BASE_ADDED_AFTER_TWIST_FILE_LAST_CHANGED,72867942accf94b9513857a2c0bae3895af8e9bc
226610k1,Zha16_no_2_tors,226610.d2,ISOGENY_ONLY,BASE_ADDED_AFTER_TWIST_FILE_LAST_CHANGED,72867942accf94b9513857a2c0bae3895af8e9bc
226954j1,Zha16_no_2_tors,226954.c3,ISOGENY_ONLY,BASE_ADDED_AFTER_TWIST_FILE_LAST_CHANGED,72867942accf94b9513857a2c0bae3895af8e9bc
226974h1,Zha16_no_2_tors,226974.ba2,ISOGENY_ONLY,BASE_ADDED_AFTER_TWIST_FILE_LAST_CHANGED,72867942accf94b9513857a2c0bae3895af8e9bc
228053a1,Zha16_no_2_tors,228053.a2,ISOGENY_ONLY,BASE_ADDED_AFTER_TWIST_FILE_LAST_CHANGED,72867942accf94b9513857a2c0bae3895af8e9bc
228430g1,Zha16_no_2_tors,228430.a2,ISOGENY_ONLY,BASE_ADDED_AFTER_TWIST_FILE_LAST_CHANGED,72867942accf94b9513857a2c0bae3895af8e9bc
228499a1,Zha16_no_2_tors,228499.a1,ISOGENY_ONLY,BASE_ADDED_AFTER_TWIST_FILE_LAST_CHANGED,72867942accf94b9513857a2c0bae3895af8e9bc
228574a1,Zha16_no_2_tors,228574.b1,ISOGENY_ONLY,BASE_ADDED_AFTER_TWIST_FILE_LAST_CHANGED,72867942accf94b9513857a2c0bae3895af8e9bc
228866a1,Zha16_no_2_tors,228866.a2,ISOGENY_ONLY,BASE_ADDED_AFTER_TWIST_FILE_LAST_CHANGED,72867942accf94b9513857a2c0bae3895af8e9bc
229190e1,Zha16_no_2_tors,229190.d1,ISOGENY_ONLY,BASE_ADDED_AFTER_TWIST_FILE_LAST_CHANGED,72867942accf94b9513857a2c0bae3895af8e9bc
229411a1,Zha16_no_2_tors,229411.a1,ISOGENY_ONLY,BASE_ADDED_AFTER_TWIST_FILE_LAST_CHANGED,72867942accf94b9513857a2c0bae3895af8e9bc
230410d1,Zha16_no_2_tors,230410.d2,ISOGENY_ONLY,BASE_ADDED_AFTER_TWIST_FILE_LAST_CHANGED,72867942accf94b9513857a2c0bae3895af8e9bc
230510b1,Zha16_no_2_tors,230510.b1,ISOGENY_ONLY,BASE_ADDED_AFTER_TWIST_FILE_LAST_CHANGED,72867942accf94b9513857a2c0bae3895af8e9bc
231438f1,Zha16_no_2_tors,231438.f1,ISOGENY_ONLY,BASE_ADDED_AFTER_TWIST_FILE_LAST_CHANGED,72867942accf94b9513857a2c0bae3895af8e9bc
231803a1,Zha16_no_2_tors,231803.a2,ISOGENY_ONLY,BASE_ADDED_AFTER_TWIST_FILE_LAST_CHANGED,72867942accf94b9513857a2c0bae3895af8e9bc
232042a1,Zha16_no_2_tors,232042.a1,ISOGENY_ONLY,BASE_ADDED_AFTER_TWIST_FILE_LAST_CHANGED,72867942accf94b9513857a2c0bae3895af8e9bc
232058c1,Zha16_no_2_tors,232058.c1,ISOGENY_ONLY,BASE_ADDED_AFTER_TWIST_FILE_LAST_CHANGED,72867942accf94b9513857a2c0bae3895af8e9bc
233570b1,Zha16_no_2_tors,233570.b2,ISOGENY_ONLY,BASE_ADDED_AFTER_TWIST_FILE_LAST_CHANGED,72867942accf94b9513857a2c0bae3895af8e9bc
233870b1,Zha16_no_2_tors,233870.b2,ISOGENY_ONLY,BASE_ADDED_AFTER_TWIST_FILE_LAST_CHANGED,72867942accf94b9513857a2c0bae3895af8e9bc
234101a1,Zha16_no_2_tors,234101.a2,ISOGENY_ONLY,BASE_ADDED_AFTER_TWIST_FILE_LAST_CHANGED,72867942accf94b9513857a2c0bae3895af8e9bc
234278b1,Zha16_no_2_tors,234278.b1,ISOGENY_ONLY,BASE_ADDED_AFTER_TWIST_FILE_LAST_CHANGED,72867942accf94b9513857a2c0bae3895af8e9bc
234962c1,Zha16_no_2_tors,234962.c1,ISOGENY_ONLY,BASE_ADDED_AFTER_TWIST_FILE_LAST_CHANGED,72867942accf94b9513857a2c0bae3895af8e9bc
235059d1,Zha16_no_2_tors,235059.d2,ISOGENY_ONLY,BASE_ADDED_AFTER_TWIST_FILE_LAST_CHANGED,72867942accf94b9513857a2c0bae3895af8e9bc
235235d1,Zha16_no_2_tors,235235.d2,ISOGENY_ONLY,BASE_ADDED_AFTER_TWIST_FILE_LAST_CHANGED,72867942accf94b9513857a2c0bae3895af8e9bc
235994c1,Zha16_no_2_tors,235994.c2,ISOGENY_ONLY,BASE_ADDED_AFTER_TWIST_FILE_LAST_CHANGED,72867942accf94b9513857a2c0bae3895af8e9bc
236210d1,Zha16_no_2_tors,236210.d2,ISOGENY_ONLY,BASE_ADDED_AFTER_TWIST_FILE_LAST_CHANGED,72867942accf94b9513857a2c0bae3895af8e9bc
236390d1,Zha16_no_2_tors,236390.d3,ISOGENY_ONLY,BASE_ADDED_AFTER_TWIST_FILE_LAST_CHANGED,72867942accf94b9513857a2c0bae3895af8e9bc
236530l1,Zha16_no_2_tors,236530.l3,ISOGENY_ONLY,BASE_ADDED_AFTER_TWIST_FILE_LAST_CHANGED,72867942accf94b9513857a2c0bae3895af8e9bc
237026c1,Zha16_no_2_tors,237026.c1,ISOGENY_ONLY,BASE_ADDED_AFTER_TWIST_FILE_LAST_CHANGED,72867942accf94b9513857a2c0bae3895af8e9bc
237083a1,Zha16_no_2_tors,237083.a1,ISOGENY_ONLY,BASE_ADDED_AFTER_TWIST_FILE_LAST_CHANGED,72867942accf94b9513857a2c0bae3895af8e9bc
237595b1,Zha16_no_2_tors,237595.b2,ISOGENY_ONLY,BASE_ADDED_AFTER_TWIST_FILE_LAST_CHANGED,72867942accf94b9513857a2c0bae3895af8e9bc
237922a1,Zha16_no_2_tors,237922.a1,ISOGENY_ONLY,BASE_ADDED_AFTER_TWIST_FILE_LAST_CHANGED,72867942accf94b9513857a2c0bae3895af8e9bc
238210l1,Zha16_no_2_tors,238210.l2,ISOGENY_ONLY,BASE_ADDED_AFTER_TWIST_FILE_LAST_CHANGED,72867942accf94b9513857a2c0bae3895af8e9bc
238355c1,Zha16_no_2_tors,238355.c1,ISOGENY_ONLY,BASE_ADDED_AFTER_TWIST_FILE_LAST_CHANGED,72867942accf94b9513857a2c0bae3895af8e9bc
238595a1,Zha16_no_2_tors,238595.a1,ISOGENY_ONLY,BASE_ADDED_AFTER_TWIST_FILE_LAST_CHANGED,72867942accf94b9513857a2c0bae3895af8e9bc
238666a1,Zha16_no_2_tors,238666.a1,ISOGENY_ONLY,BASE_ADDED_AFTER_TWIST_FILE_LAST_CHANGED,72867942accf94b9513857a2c0bae3895af8e9bc
239030j1,Zha16_no_2_tors,239030.j1,ISOGENY_ONLY,BASE_ADDED_AFTER_TWIST_FILE_LAST_CHANGED,72867942accf94b9513857a2c0bae3895af8e9bc
239122a1,Zha16_no_2_tors,239122.a2,ISOGENY_ONLY,BASE_ADDED_AFTER_TWIST_FILE_LAST_CHANGED,72867942accf94b9513857a2c0bae3895af8e9bc
239470h1,Zha16_no_2_tors,239470.h1,ISOGENY_ONLY,BASE_ADDED_AFTER_TWIST_FILE_LAST_CHANGED,72867942accf94b9513857a2c0bae3895af8e9bc
239510d1,Zha16_no_2_tors,239510.d2,ISOGENY_ONLY,BASE_ADDED_AFTER_TWIST_FILE_LAST_CHANGED,72867942accf94b9513857a2c0bae3895af8e9bc
239635b1,Zha16_no_2_tors,239635.b2,ISOGENY_ONLY,BASE_ADDED_AFTER_TWIST_FILE_LAST_CHANGED,72867942accf94b9513857a2c0bae3895af8e9bc
239918b1,Zha16_no_2_tors,239918.b1,ISOGENY_ONLY,BASE_ADDED_AFTER_TWIST_FILE_LAST_CHANGED,72867942accf94b9513857a2c0bae3895af8e9bc
240026a1,Zha16_no_2_tors,240026.a1,ISOGENY_ONLY,BASE_ADDED_AFTER_TWIST_FILE_LAST_CHANGED,72867942accf94b9513857a2c0bae3895af8e9bc
240106a1,Zha16_no_2_tors,240106.a1,ISOGENY_ONLY,BASE_ADDED_AFTER_TWIST_FILE_LAST_CHANGED,72867942accf94b9513857a2c0bae3895af8e9bc
240674b1,Zha16_no_2_tors,240674.b2,ISOGENY_ONLY,BASE_ADDED_AFTER_TWIST_FILE_LAST_CHANGED,72867942accf94b9513857a2c0bae3895af8e9bc
240931a1,Zha16_no_2_tors,240931.a2,ISOGENY_ONLY,BASE_ADDED_AFTER_TWIST_FILE_LAST_CHANGED,72867942accf94b9513857a2c0bae3895af8e9bc
241046f1,Zha16_no_2_tors,241046.f1,ISOGENY_ONLY,BASE_ADDED_AFTER_TWIST_FILE_LAST_CHANGED,72867942accf94b9513857a2c0bae3895af8e9bc
241190b1,Zha16_no_2_tors,241190.b2,ISOGENY_ONLY,BASE_ADDED_AFTER_TWIST_FILE_LAST_CHANGED,72867942accf94b9513857a2c0bae3895af8e9bc
241490e1,Zha16_no_2_tors,241490.e2,ISOGENY_ONLY,BASE_ADDED_AFTER_TWIST_FILE_LAST_CHANGED,72867942accf94b9513857a2c0bae3895af8e9bc
241654e1,Zha16_no_2_tors,241654.e2,ISOGENY_ONLY,BASE_ADDED_AFTER_TWIST_FILE_LAST_CHANGED,72867942accf94b9513857a2c0bae3895af8e9bc
244435a1,Zha16_no_2_tors,244435.a1,ISOGENY_ONLY,BASE_ADDED_AFTER_TWIST_FILE_LAST_CHANGED,72867942accf94b9513857a2c0bae3895af8e9bc
244549a1,Zha16_no_2_tors,244549.a2,ISOGENY_ONLY,BASE_ADDED_AFTER_TWIST_FILE_LAST_CHANGED,72867942accf94b9513857a2c0bae3895af8e9bc
244739b1,Zha16_no_2_tors,244739.b1,ISOGENY_ONLY,BASE_ADDED_AFTER_TWIST_FILE_LAST_CHANGED,72867942accf94b9513857a2c0bae3895af8e9bc
245014h1,Zha16_no_2_tors,245014.h2,ISOGENY_ONLY,BASE_ADDED_AFTER_TWIST_FILE_LAST_CHANGED,72867942accf94b9513857a2c0bae3895af8e9bc
246198b1,Zha16_no_2_tors,246198.b2,ISOGENY_ONLY,BASE_ADDED_AFTER_TWIST_FILE_LAST_CHANGED,72867942accf94b9513857a2c0bae3895af8e9bc
246670a1,Zha16_no_2_tors,246670.a1,ISOGENY_ONLY,BASE_ADDED_AFTER_TWIST_FILE_LAST_CHANGED,72867942accf94b9513857a2c0bae3895af8e9bc
246818b1,Zha16_no_2_tors,246818.b2,ISOGENY_ONLY,BASE_ADDED_AFTER_TWIST_FILE_LAST_CHANGED,72867942accf94b9513857a2c0bae3895af8e9bc
247835d1,Zha16_no_2_tors,247835.d2,ISOGENY_ONLY,BASE_ADDED_AFTER_TWIST_FILE_LAST_CHANGED,72867942accf94b9513857a2c0bae3895af8e9bc
248030a1,Zha16_no_2_tors,248030.a3,ISOGENY_ONLY,BASE_ADDED_AFTER_TWIST_FILE_LAST_CHANGED,72867942accf94b9513857a2c0bae3895af8e9bc
249326e1,Zha16_no_2_tors,249326.e2,ISOGENY_ONLY,BASE_ADDED_AFTER_TWIST_FILE_LAST_CHANGED,72867942accf94b9513857a2c0bae3895af8e9bc
250222c1,Zha16_no_2_tors,250222.c2,ISOGENY_ONLY,BASE_ADDED_AFTER_TWIST_FILE_LAST_CHANGED,72867942accf94b9513857a2c0bae3895af8e9bc
251114b1,Zha16_no_2_tors,251114.b2,ISOGENY_ONLY,BASE_ADDED_AFTER_TWIST_FILE_LAST_CHANGED,72867942accf94b9513857a2c0bae3895af8e9bc
252098b1,Zha16_no_2_tors,252098.b2,ISOGENY_ONLY,BASE_ADDED_AFTER_TWIST_FILE_LAST_CHANGED,72867942accf94b9513857a2c0bae3895af8e9bc
252530a1,Zha16_no_2_tors,252530.a1,ISOGENY_ONLY,BASE_ADDED_AFTER_TWIST_FILE_LAST_CHANGED,72867942accf94b9513857a2c0bae3895af8e9bc
253814b1,Zha16_no_2_tors,253814.b2,ISOGENY_ONLY,BASE_ADDED_AFTER_TWIST_FILE_LAST_CHANGED,72867942accf94b9513857a2c0bae3895af8e9bc
254290a1,Zha16_no_2_tors,254290.a2,ISOGENY_ONLY,BASE_ADDED_AFTER_TWIST_FILE_LAST_CHANGED,72867942accf94b9513857a2c0bae3895af8e9bc
254562bo1,Zha16_no_2_tors,254562.bo2,ISOGENY_ONLY,BASE_ADDED_AFTER_TWIST_FILE_LAST_CHANGED,72867942accf94b9513857a2c0bae3895af8e9bc
254606d1,Zha16_no_2_tors,254606.d2,ISOGENY_ONLY,BASE_ADDED_AFTER_TWIST_FILE_LAST_CHANGED,72867942accf94b9513857a2c0bae3895af8e9bc
254707a1,Zha16_no_2_tors,254707.a1,ISOGENY_ONLY,BASE_ADDED_AFTER_TWIST_FILE_LAST_CHANGED,72867942accf94b9513857a2c0bae3895af8e9bc
254710c1,Zha16_no_2_tors,254710.c2,ISOGENY_ONLY,BASE_ADDED_AFTER_TWIST_FILE_LAST_CHANGED,72867942accf94b9513857a2c0bae3895af8e9bc
254770c1,Zha16_no_2_tors,254770.c2,ISOGENY_ONLY,BASE_ADDED_AFTER_TWIST_FILE_LAST_CHANGED,72867942accf94b9513857a2c0bae3895af8e9bc
255010b1,Zha16_no_2_tors,255010.b1,ISOGENY_ONLY,BASE_ADDED_AFTER_TWIST_FILE_LAST_CHANGED,72867942accf94b9513857a2c0bae3895af8e9bc
255710i1,Zha16_no_2_tors,255710.i1,ISOGENY_ONLY,BASE_ADDED_AFTER_TWIST_FILE_LAST_CHANGED,72867942accf94b9513857a2c0bae3895af8e9bc
255883a1,Zha16_no_2_tors,255883.a1,ISOGENY_ONLY,BASE_ADDED_AFTER_TWIST_FILE_LAST_CHANGED,72867942accf94b9513857a2c0bae3895af8e9bc
257422b1,Zha16_no_2_tors,257422.b1,ISOGENY_ONLY,BASE_ADDED_AFTER_TWIST_FILE_LAST_CHANGED,72867942accf94b9513857a2c0bae3895af8e9bc
257426d1,Zha16_no_2_tors,257426.d2,ISOGENY_ONLY,BASE_ADDED_AFTER_TWIST_FILE_LAST_CHANGED,72867942accf94b9513857a2c0bae3895af8e9bc
257462b1,Zha16_no_2_tors,257462.b1,ISOGENY_ONLY,BASE_ADDED_AFTER_TWIST_FILE_LAST_CHANGED,72867942accf94b9513857a2c0bae3895af8e9bc
257822a1,Zha16_no_2_tors,257822.a2,ISOGENY_ONLY,BASE_ADDED_AFTER_TWIST_FILE_LAST_CHANGED,72867942accf94b9513857a2c0bae3895af8e9bc
257834a1,Zha16_no_2_tors,257834.a2,ISOGENY_ONLY,BASE_ADDED_AFTER_TWIST_FILE_LAST_CHANGED,72867942accf94b9513857a2c0bae3895af8e9bc
258614a1,Zha16_no_2_tors,258614.a2,ISOGENY_ONLY,BASE_ADDED_AFTER_TWIST_FILE_LAST_CHANGED,72867942accf94b9513857a2c0bae3895af8e9bc
258658a1,Zha16_no_2_tors,258658.a2,ISOGENY_ONLY,BASE_ADDED_AFTER_TWIST_FILE_LAST_CHANGED,72867942accf94b9513857a2c0bae3895af8e9bc
259037a1,Zha16_no_2_tors,259037.a2,ISOGENY_ONLY,BASE_ADDED_AFTER_TWIST_FILE_LAST_CHANGED,72867942accf94b9513857a2c0bae3895af8e9bc
259187a1,Zha16_no_2_tors,259187.a1,ISOGENY_ONLY,BASE_ADDED_AFTER_TWIST_FILE_LAST_CHANGED,72867942accf94b9513857a2c0bae3895af8e9bc
259314i1,Zha16_no_2_tors,259314.i1,ISOGENY_ONLY,BASE_ADDED_AFTER_TWIST_FILE_LAST_CHANGED,72867942accf94b9513857a2c0bae3895af8e9bc
259435c1,Zha16_no_2_tors,259435.c1,ISOGENY_ONLY,BASE_ADDED_AFTER_TWIST_FILE_LAST_CHANGED,72867942accf94b9513857a2c0bae3895af8e9bc
259822a1,Zha16_no_2_tors,259822.a2,ISOGENY_ONLY,BASE_ADDED_AFTER_TWIST_FILE_LAST_CHANGED,72867942accf94b9513857a2c0bae3895af8e9bc
261058b1,Zha16_no_2_tors,261058.b1,ISOGENY_ONLY,BASE_ADDED_AFTER_TWIST_FILE_LAST_CHANGED,72867942accf94b9513857a2c0bae3895af8e9bc
261978d1,Zha16_no_2_tors,261978.d2,ISOGENY_ONLY,BASE_ADDED_AFTER_TWIST_FILE_LAST_CHANGED,72867942accf94b9513857a2c0bae3895af8e9bc
262010i1,Zha16_no_2_tors,262010.i1,ISOGENY_ONLY,BASE_ADDED_AFTER_TWIST_FILE_LAST_CHANGED,72867942accf94b9513857a2c0bae3895af8e9bc
262946c1,Zha16_no_2_tors,262946.c1,ISOGENY_ONLY,BASE_ADDED_AFTER_TWIST_FILE_LAST_CHANGED,72867942accf94b9513857a2c0bae3895af8e9bc
263410h1,Zha16_no_2_tors,263410.h2,ISOGENY_ONLY,BASE_ADDED_AFTER_TWIST_FILE_LAST_CHANGED,72867942accf94b9513857a2c0bae3895af8e9bc
263410n1,Zha16_no_2_tors,263410.n2,ISOGENY_ONLY,BASE_ADDED_AFTER_TWIST_FILE_LAST_CHANGED,72867942accf94b9513857a2c0bae3895af8e9bc
263930a1,Zha16_no_2_tors,263930.a2,ISOGENY_ONLY,BASE_ADDED_AFTER_TWIST_FILE_LAST_CHANGED,72867942accf94b9513857a2c0bae3895af8e9bc
264418e1,Zha16_no_2_tors,264418.e1,ISOGENY_ONLY,BASE_ADDED_AFTER_TWIST_FILE_LAST_CHANGED,72867942accf94b9513857a2c0bae3895af8e9bc
266446a1,Zha16_no_2_tors,266446.a2,ISOGENY_ONLY,BASE_ADDED_AFTER_TWIST_FILE_LAST_CHANGED,72867942accf94b9513857a2c0bae3895af8e9bc
266594a1,Zha16_no_2_tors,266594.a2,ISOGENY_ONLY,BASE_ADDED_AFTER_TWIST_FILE_LAST_CHANGED,72867942accf94b9513857a2c0bae3895af8e9bc
267014e1,Zha16_no_2_tors,267014.e2,ISOGENY_ONLY,BASE_ADDED_AFTER_TWIST_FILE_LAST_CHANGED,72867942accf94b9513857a2c0bae3895af8e9bc
267851b1,Zha16_no_2_tors,267851.b1,ISOGENY_ONLY,BASE_ADDED_AFTER_TWIST_FILE_LAST_CHANGED,72867942accf94b9513857a2c0bae3895af8e9bc
268402a1,Zha16_no_2_tors,268402.a1,ISOGENY_ONLY,BASE_ADDED_AFTER_TWIST_FILE_LAST_CHANGED,72867942accf94b9513857a2c0bae3895af8e9bc
268963a1,Zha16_no_2_tors,268963.a2,ISOGENY_ONLY,BASE_ADDED_AFTER_TWIST_FILE_LAST_CHANGED,72867942accf94b9513857a2c0bae3895af8e9bc
269606b1,Zha16_no_2_tors,269606.b1,ISOGENY_ONLY,BASE_ADDED_AFTER_TWIST_FILE_LAST_CHANGED,72867942accf94b9513857a2c0bae3895af8e9bc
270010m1,Zha16_no_2_tors,270010.m2,ISOGENY_ONLY,BASE_ADDED_AFTER_TWIST_FILE_LAST_CHANGED,72867942accf94b9513857a2c0bae3895af8e9bc
270670a1,Zha16_no_2_tors,270670.a2,ISOGENY_ONLY,BASE_ADDED_AFTER_TWIST_FILE_LAST_CHANGED,72867942accf94b9513857a2c0bae3895af8e9bc
272074a1,Zha16_no_2_tors,272074.a2,ISOGENY_ONLY,BASE_ADDED_AFTER_TWIST_FILE_LAST_CHANGED,72867942accf94b9513857a2c0bae3895af8e9bc
272918d1,Zha16_no_2_tors,272918.d2,ISOGENY_ONLY,BASE_ADDED_AFTER_TWIST_FILE_LAST_CHANGED,72867942accf94b9513857a2c0bae3895af8e9bc
273947a1,Zha16_no_2_tors,273947.a1,ISOGENY_ONLY,BASE_ADDED_AFTER_TWIST_FILE_LAST_CHANGED,72867942accf94b9513857a2c0bae3895af8e9bc
274598a1,Zha16_no_2_tors,274598.a3,ISOGENY_ONLY,BASE_ADDED_AFTER_TWIST_FILE_LAST_CHANGED,72867942accf94b9513857a2c0bae3895af8e9bc
274858a1,Zha16_no_2_tors,274858.a2,ISOGENY_ONLY,BASE_ADDED_AFTER_TWIST_FILE_LAST_CHANGED,72867942accf94b9513857a2c0bae3895af8e9bc
275326a1,Zha16_no_2_tors,275326.a2,ISOGENY_ONLY,BASE_ADDED_AFTER_TWIST_FILE_LAST_CHANGED,72867942accf94b9513857a2c0bae3895af8e9bc
275990p1,Zha16_no_2_tors,275990.p2,ISOGENY_ONLY,BASE_ADDED_AFTER_TWIST_FILE_LAST_CHANGED,72867942accf94b9513857a2c0bae3895af8e9bc
276069a1,Zha16_no_2_tors,276069.a2,ISOGENY_ONLY,BASE_ADDED_AFTER_TWIST_FILE_LAST_CHANGED,72867942accf94b9513857a2c0bae3895af8e9bc
278014b1,Zha16_no_2_tors,278014.b2,ISOGENY_ONLY,BASE_ADDED_AFTER_TWIST_FILE_LAST_CHANGED,72867942accf94b9513857a2c0bae3895af8e9bc
278590e1,Zha16_no_2_tors,278590.e1,ISOGENY_ONLY,BASE_ADDED_AFTER_TWIST_FILE_LAST_CHANGED,72867942accf94b9513857a2c0bae3895af8e9bc
278635b1,Zha16_no_2_tors,278635.b2,ISOGENY_ONLY,BASE_ADDED_AFTER_TWIST_FILE_LAST_CHANGED,72867942accf94b9513857a2c0bae3895af8e9bc
278938d1,Zha16_no_2_tors,278938.d2,ISOGENY_ONLY,BASE_ADDED_AFTER_TWIST_FILE_LAST_CHANGED,72867942accf94b9513857a2c0bae3895af8e9bc
279062b1,Zha16_no_2_tors,279062.b2,ISOGENY_ONLY,BASE_ADDED_AFTER_TWIST_FILE_LAST_CHANGED,72867942accf94b9513857a2c0bae3895af8e9bc
279338d1,Zha16_no_2_tors,279338.d2,ISOGENY_ONLY,BASE_ADDED_AFTER_TWIST_FILE_LAST_CHANGED,72867942accf94b9513857a2c0bae3895af8e9bc
279734d1,Zha16_no_2_tors,279734.d2,ISOGENY_ONLY,BASE_ADDED_AFTER_TWIST_FILE_LAST_CHANGED,72867942accf94b9513857a2c0bae3895af8e9bc
279851b1,Zha16_no_2_tors,279851.b2,ISOGENY_ONLY,BASE_ADDED_AFTER_TWIST_FILE_LAST_CHANGED,72867942accf94b9513857a2c0bae3895af8e9bc
279939a1,Zha16_no_2_tors,279939.a2,ISOGENY_ONLY,BASE_ADDED_AFTER_TWIST_FILE_LAST_CHANGED,72867942accf94b9513857a2c0bae3895af8e9bc
280742e1,Zha16_no_2_tors,280742.e1,ISOGENY_ONLY,BASE_ADDED_AFTER_TWIST_FILE_LAST_CHANGED,72867942accf94b9513857a2c0bae3895af8e9bc
281155b1,Zha16_no_2_tors,281155.b2,ISOGENY_ONLY,BASE_ADDED_AFTER_TWIST_FILE_LAST_CHANGED,72867942accf94b9513857a2c0bae3895af8e9bc
281165b1,Zha16_no_2_tors,281165.b2,ISOGENY_ONLY,BASE_ADDED_AFTER_TWIST_FILE_LAST_CHANGED,72867942accf94b9513857a2c0bae3895af8e9bc
281590g1,Zha16_no_2_tors,281590.g2,ISOGENY_ONLY,BASE_ADDED_AFTER_TWIST_FILE_LAST_CHANGED,72867942accf94b9513857a2c0bae3895af8e9bc
282758d1,Zha16_no_2_tors,282758.d1,ISOGENY_ONLY,BASE_ADDED_AFTER_TWIST_FILE_LAST_CHANGED,72867942accf94b9513857a2c0bae3895af8e9bc
283310c1,Zha16_no_2_tors,283310.c2,ISOGENY_ONLY,BASE_ADDED_AFTER_TWIST_FILE_LAST_CHANGED,72867942accf94b9513857a2c0bae3895af8e9bc
283354b1,Zha16_no_2_tors,283354.b2,ISOGENY_ONLY,BASE_ADDED_AFTER_TWIST_FILE_LAST_CHANGED,72867942accf94b9513857a2c0bae3895af8e9bc
283926k1,Zha16_no_2_tors,283926.k2,ISOGENY_ONLY,BASE_ADDED_AFTER_TWIST_FILE_LAST_CHANGED,72867942accf94b9513857a2c0bae3895af8e9bc
285382c1,Zha16_no_2_tors,285382.c2,ISOGENY_ONLY,BASE_ADDED_AFTER_TWIST_FILE_LAST_CHANGED,72867942accf94b9513857a2c0bae3895af8e9bc
285619a1,Zha16_no_2_tors,285619.a2,ISOGENY_ONLY,BASE_ADDED_AFTER_TWIST_FILE_LAST_CHANGED,72867942accf94b9513857a2c0bae3895af8e9bc
285934e1,Zha16_no_2_tors,285934.e2,ISOGENY_ONLY,BASE_ADDED_AFTER_TWIST_FILE_LAST_CHANGED,72867942accf94b9513857a2c0bae3895af8e9bc
286085a1,Zha16_no_2_tors,286085.a2,ISOGENY_ONLY,BASE_ADDED_AFTER_TWIST_FILE_LAST_CHANGED,72867942accf94b9513857a2c0bae3895af8e9bc
286090f1,Zha16_no_2_tors,286090.f1,ISOGENY_ONLY,BASE_ADDED_AFTER_TWIST_FILE_LAST_CHANGED,72867942accf94b9513857a2c0bae3895af8e9bc
286114b1,Zha16_no_2_tors,286114.b2,ISOGENY_ONLY,BASE_ADDED_AFTER_TWIST_FILE_LAST_CHANGED,72867942accf94b9513857a2c0bae3895af8e9bc
287090b1,Zha16_no_2_tors,287090.b1,ISOGENY_ONLY,BASE_ADDED_AFTER_TWIST_FILE_LAST_CHANGED,72867942accf94b9513857a2c0bae3895af8e9bc
287110c1,Zha16_no_2_tors,287110.c2,ISOGENY_ONLY,BASE_ADDED_AFTER_TWIST_FILE_LAST_CHANGED,72867942accf94b9513857a2c0bae3895af8e9bc
287267a1,Zha16_no_2_tors,287267.a1,ISOGENY_ONLY,BASE_ADDED_AFTER_TWIST_FILE_LAST_CHANGED,72867942accf94b9513857a2c0bae3895af8e9bc
287314a1,Zha16_no_2_tors,287314.a1,ISOGENY_ONLY,BASE_ADDED_AFTER_TWIST_FILE_LAST_CHANGED,72867942accf94b9513857a2c0bae3895af8e9bc
288190m1,Zha16_no_2_tors,288190.m2,ISOGENY_ONLY,BASE_ADDED_AFTER_TWIST_FILE_LAST_CHANGED,72867942accf94b9513857a2c0bae3895af8e9bc
288211c1,Zha16_no_2_tors,288211.c2,ISOGENY_ONLY,BASE_ADDED_AFTER_TWIST_FILE_LAST_CHANGED,72867942accf94b9513857a2c0bae3895af8e9bc
288811a1,Zha16_no_2_tors,288811.a2,ISOGENY_ONLY,BASE_ADDED_AFTER_TWIST_FILE_LAST_CHANGED,72867942accf94b9513857a2c0bae3895af8e9bc
289814e1,Zha16_no_2_tors,289814.e2,ISOGENY_ONLY,BASE_ADDED_AFTER_TWIST_FILE_LAST_CHANGED,72867942accf94b9513857a2c0bae3895af8e9bc
290122k1,Zha16_no_2_tors,290122.k2,ISOGENY_ONLY,BASE_ADDED_AFTER_TWIST_FILE_LAST_CHANGED,72867942accf94b9513857a2c0bae3895af8e9bc
290507d1,Zha16_no_2_tors,290507.d2,ISOGENY_ONLY,BASE_ADDED_AFTER_TWIST_FILE_LAST_CHANGED,72867942accf94b9513857a2c0bae3895af8e9bc
290554a1,Zha16_no_2_tors,290554.a1,ISOGENY_ONLY,BASE_ADDED_AFTER_TWIST_FILE_LAST_CHANGED,72867942accf94b9513857a2c0bae3895af8e9bc
290746a1,Zha16_no_2_tors,290746.a1,ISOGENY_ONLY,BASE_ADDED_AFTER_TWIST_FILE_LAST_CHANGED,72867942accf94b9513857a2c0bae3895af8e9bc
290830c1,Zha16_no_2_tors,290830.c1,ISOGENY_ONLY,BASE_ADDED_AFTER_TWIST_FILE_LAST_CHANGED,72867942accf94b9513857a2c0bae3895af8e9bc
290989b1,Zha16_no_2_tors,290989.b2,ISOGENY_ONLY,BASE_ADDED_AFTER_TWIST_FILE_LAST_CHANGED,72867942accf94b9513857a2c0bae3895af8e9bc
291130q1,Zha16_no_2_tors,291130.q3,ISOGENY_ONLY,BASE_ADDED_AFTER_TWIST_FILE_LAST_CHANGED,72867942accf94b9513857a2c0bae3895af8e9bc
291226c1,Zha16_no_2_tors,291226.c2,ISOGENY_ONLY,BASE_ADDED_AFTER_TWIST_FILE_LAST_CHANGED,72867942accf94b9513857a2c0bae3895af8e9bc
291235c1,Zha16_no_2_tors,291235.c1,ISOGENY_ONLY,BASE_ADDED_AFTER_TWIST_FILE_LAST_CHANGED,72867942accf94b9513857a2c0bae3895af8e9bc
291478a1,Zha16_no_2_tors,291478.a2,ISOGENY_ONLY,BASE_ADDED_AFTER_TWIST_FILE_LAST_CHANGED,72867942accf94b9513857a2c0bae3895af8e9bc
291874b1,Zha16_no_2_tors,291874.b3,ISOGENY_ONLY,BASE_ADDED_AFTER_TWIST_FILE_LAST_CHANGED,72867942accf94b9513857a2c0bae3895af8e9bc
291970g1,Zha16_no_2_tors,291970.g2,ISOGENY_ONLY,BASE_ADDED_AFTER_TWIST_FILE_LAST_CHANGED,72867942accf94b9513857a2c0bae3895af8e9bc
293035a1,Zha16_no_2_tors,293035.a1,ISOGENY_ONLY,BASE_ADDED_AFTER_TWIST_FILE_LAST_CHANGED,72867942accf94b9513857a2c0bae3895af8e9bc
293410y1,Zha16_no_2_tors,293410.y2,ISOGENY_ONLY,BASE_ADDED_AFTER_TWIST_FILE_LAST_CHANGED,72867942accf94b9513857a2c0bae3895af8e9bc
294203a1,Zha16_no_2_tors,294203.a2,ISOGENY_ONLY,BASE_ADDED_AFTER_TWIST_FILE_LAST_CHANGED,72867942accf94b9513857a2c0bae3895af8e9bc
294470f1,Zha16_no_2_tors,294470.f1,ISOGENY_ONLY,BASE_ADDED_AFTER_TWIST_FILE_LAST_CHANGED,72867942accf94b9513857a2c0bae3895af8e9bc
294610a1,Zha16_no_2_tors,294610.a2,ISOGENY_ONLY,BASE_ADDED_AFTER_TWIST_FILE_LAST_CHANGED,72867942accf94b9513857a2c0bae3895af8e9bc
295714b1,Zha16_no_2_tors,295714.b2,ISOGENY_ONLY,BASE_ADDED_AFTER_TWIST_FILE_LAST_CHANGED,72867942accf94b9513857a2c0bae3895af8e9bc
295757b1,Zha16_no_2_tors,295757.b2,ISOGENY_ONLY,BASE_ADDED_AFTER_TWIST_FILE_LAST_CHANGED,72867942accf94b9513857a2c0bae3895af8e9bc
297115b1,Zha16_no_2_tors,297115.b2,ISOGENY_ONLY,BASE_ADDED_AFTER_TWIST_FILE_LAST_CHANGED,72867942accf94b9513857a2c0bae3895af8e9bc
298090m1,Zha16_no_2_tors,298090.m2,ISOGENY_ONLY,BASE_ADDED_AFTER_TWIST_FILE_LAST_CHANGED,72867942accf94b9513857a2c0bae3895af8e9bc
299690d1,Zha16_no_2_tors,299690.d2,ISOGENY_ONLY,BASE_ADDED_AFTER_TWIST_FILE_LAST_CHANGED,72867942accf94b9513857a2c0bae3895af8e9bc
299794c1,Zha16_no_2_tors,299794.c2,ISOGENY_ONLY,BASE_ADDED_AFTER_TWIST_FILE_LAST_CHANGED,72867942accf94b9513857a2c0bae3895af8e9bc
299845a1,Zha16_no_2_tors,299845.a2,ISOGENY_ONLY,BASE_ADDED_AFTER_TWIST_FILE_LAST_CHANGED,72867942accf94b9513857a2c0bae3895af8e9bc
300166c1,Zha16_no_2_tors,300166.c2,ISOGENY_ONLY,BASE_ADDED_AFTER_TWIST_FILE_LAST_CHANGED,72867942accf94b9513857a2c0bae3895af8e9bc
301630h1,Zha16_no_2_tors,301630.h2,ISOGENY_ONLY,BASE_ADDED_AFTER_TWIST_FILE_LAST_CHANGED,72867942accf94b9513857a2c0bae3895af8e9bc
301726a1,Zha16_no_2_tors,301726.a2,ISOGENY_ONLY,BASE_ADDED_AFTER_TWIST_FILE_LAST_CHANGED,72867942accf94b9513857a2c0bae3895af8e9bc
302389a1,Zha16_no_2_tors,302389.a2,ISOGENY_ONLY,BASE_ADDED_AFTER_TWIST_FILE_LAST_CHANGED,72867942accf94b9513857a2c0bae3895af8e9bc
302867c1,Zha16_no_2_tors,302867.c1,ISOGENY_ONLY,BASE_ADDED_AFTER_TWIST_FILE_LAST_CHANGED,72867942accf94b9513857a2c0bae3895af8e9bc
303422b1,Zha16_no_2_tors,303422.b1,ISOGENY_ONLY,BASE_ADDED_AFTER_TWIST_FILE_LAST_CHANGED,72867942accf94b9513857a2c0bae3895af8e9bc
304178c1,Zha16_no_2_tors,304178.c2,ISOGENY_ONLY,BASE_ADDED_AFTER_TWIST_FILE_LAST_CHANGED,72867942accf94b9513857a2c0bae3895af8e9bc
304466b1,Zha16_no_2_tors,304466.b1,ISOGENY_ONLY,BASE_ADDED_AFTER_TWIST_FILE_LAST_CHANGED,72867942accf94b9513857a2c0bae3895af8e9bc
304526e1,Zha16_no_2_tors,304526.e2,ISOGENY_ONLY,BASE_ADDED_AFTER_TWIST_FILE_LAST_CHANGED,72867942accf94b9513857a2c0bae3895af8e9bc
304810j1,Zha16_no_2_tors,304810.j2,ISOGENY_ONLY,BASE_ADDED_AFTER_TWIST_FILE_LAST_CHANGED,72867942accf94b9513857a2c0bae3895af8e9bc
305086b1,Zha16_no_2_tors,305086.b2,ISOGENY_ONLY,BASE_ADDED_AFTER_TWIST_FILE_LAST_CHANGED,72867942accf94b9513857a2c0bae3895af8e9bc
305426a1,Zha16_no_2_tors,305426.a2,ISOGENY_ONLY,BASE_ADDED_AFTER_TWIST_FILE_LAST_CHANGED,72867942accf94b9513857a2c0bae3895af8e9bc
306458c1,Zha16_no_2_tors,306458.c2,ISOGENY_ONLY,BASE_ADDED_AFTER_TWIST_FILE_LAST_CHANGED,72867942accf94b9513857a2c0bae3895af8e9bc
306546h1,Zha16_no_2_tors,306546.h1,ISOGENY_ONLY,BASE_ADDED_AFTER_TWIST_FILE_LAST_CHANGED,72867942accf94b9513857a2c0bae3895af8e9bc
306955a1,Zha16_no_2_tors,306955.a1,ISOGENY_ONLY,BASE_ADDED_AFTER_TWIST_FILE_LAST_CHANGED,72867942accf94b9513857a2c0bae3895af8e9bc
307162a1,Zha16_no_2_tors,307162.a2,ISOGENY_ONLY,BASE_ADDED_AFTER_TWIST_FILE_LAST_CHANGED,72867942accf94b9513857a2c0bae3895af8e9bc
307342c1,Zha16_no_2_tors,307342.c2,ISOGENY_ONLY,BASE_ADDED_AFTER_TWIST_FILE_LAST_CHANGED,72867942accf94b9513857a2c0bae3895af8e9bc
308267a1,Zha16_no_2_tors,308267.a2,ISOGENY_ONLY,BASE_ADDED_AFTER_TWIST_FILE_LAST_CHANGED,72867942accf94b9513857a2c0bae3895af8e9bc
308710c1,Zha16_no_2_tors,308710.c1,ISOGENY_ONLY,BASE_ADDED_AFTER_TWIST_FILE_LAST_CHANGED,72867942accf94b9513857a2c0bae3895af8e9bc
309542b1,Zha16_no_2_tors,309542.b2,ISOGENY_ONLY,BASE_ADDED_AFTER_TWIST_FILE_LAST_CHANGED,72867942accf94b9513857a2c0bae3895af8e9bc
309979a1,Zha16_no_2_tors,309979.a1,ISOGENY_ONLY,BASE_ADDED_AFTER_TWIST_FILE_LAST_CHANGED,72867942accf94b9513857a2c0bae3895af8e9bc
310694a1,Zha16_no_2_tors,310694.a2,ISOGENY_ONLY,BASE_ADDED_AFTER_TWIST_FILE_LAST_CHANGED,72867942accf94b9513857a2c0bae3895af8e9bc
311234e1,Zha16_no_2_tors,311234.e1,ISOGENY_ONLY,BASE_ADDED_AFTER_TWIST_FILE_LAST_CHANGED,72867942accf94b9513857a2c0bae3895af8e9bc
311558c1,Zha16_no_2_tors,311558.c2,ISOGENY_ONLY,BASE_ADDED_AFTER_TWIST_FILE_LAST_CHANGED,72867942accf94b9513857a2c0bae3895af8e9bc
311854a1,Zha16_no_2_tors,311854.a2,ISOGENY_ONLY,BASE_ADDED_AFTER_TWIST_FILE_LAST_CHANGED,72867942accf94b9513857a2c0bae3895af8e9bc
312115a1,Zha16_no_2_tors,312115.a2,ISOGENY_ONLY,BASE_ADDED_AFTER_TWIST_FILE_LAST_CHANGED,72867942accf94b9513857a2c0bae3895af8e9bc
312970n1,Zha16_no_2_tors,312970.n2,ISOGENY_ONLY,BASE_ADDED_AFTER_TWIST_FILE_LAST_CHANGED,72867942accf94b9513857a2c0bae3895af8e9bc
313222c1,Zha16_no_2_tors,313222.c1,ISOGENY_ONLY,BASE_ADDED_AFTER_TWIST_FILE_LAST_CHANGED,72867942accf94b9513857a2c0bae3895af8e9bc
313742d1,Zha16_no_2_tors,313742.d2,ISOGENY_ONLY,BASE_ADDED_AFTER_TWIST_FILE_LAST_CHANGED,72867942accf94b9513857a2c0bae3895af8e9bc
314158a1,Zha16_no_2_tors,314158.a1,ISOGENY_ONLY,BASE_ADDED_AFTER_TWIST_FILE_LAST_CHANGED,72867942accf94b9513857a2c0bae3895af8e9bc
314405c1,Zha16_no_2_tors,314405.c3,ISOGENY_ONLY,BASE_ADDED_AFTER_TWIST_FILE_LAST_CHANGED,72867942accf94b9513857a2c0bae3895af8e9bc
314470c1,Zha16_no_2_tors,314470.c2,ISOGENY_ONLY,BASE_ADDED_AFTER_TWIST_FILE_LAST_CHANGED,72867942accf94b9513857a2c0bae3895af8e9bc
314474a1,Zha16_no_2_tors,314474.a2,ISOGENY_ONLY,BASE_ADDED_AFTER_TWIST_FILE_LAST_CHANGED,72867942accf94b9513857a2c0bae3895af8e9bc
314587b1,Zha16_no_2_tors,314587.b1,ISOGENY_ONLY,BASE_ADDED_AFTER_TWIST_FILE_LAST_CHANGED,72867942accf94b9513857a2c0bae3895af8e9bc
314770a1,Zha16_no_2_tors,314770.a1,ISOGENY_ONLY,BASE_ADDED_AFTER_TWIST_FILE_LAST_CHANGED,72867942accf94b9513857a2c0bae3895af8e9bc
315110a1,Zha16_no_2_tors,315110.a2,ISOGENY_ONLY,BASE_ADDED_AFTER_TWIST_FILE_LAST_CHANGED,72867942accf94b9513857a2c0bae3895af8e9bc
316029a1,Zha16_no_2_tors,316029.a2,ISOGENY_ONLY,BASE_ADDED_AFTER_TWIST_FILE_LAST_CHANGED,72867942accf94b9513857a2c0bae3895af8e9bc
316510b1,Zha16_no_2_tors,316510.b2,ISOGENY_ONLY,BASE_ADDED_AFTER_TWIST_FILE_LAST_CHANGED,72867942accf94b9513857a2c0bae3895af8e9bc
317086f1,Zha16_no_2_tors,317086.f1,ISOGENY_ONLY,BASE_ADDED_AFTER_TWIST_FILE_LAST_CHANGED,72867942accf94b9513857a2c0bae3895af8e9bc
317174l1,Zha16_no_2_tors,317174.l1,ISOGENY_ONLY,BASE_ADDED_AFTER_TWIST_FILE_LAST_CHANGED,72867942accf94b9513857a2c0bae3895af8e9bc
317555b1,Zha16_no_2_tors,317555.b1,ISOGENY_ONLY,BASE_ADDED_AFTER_TWIST_FILE_LAST_CHANGED,72867942accf94b9513857a2c0bae3895af8e9bc
317630b1,Zha16_no_2_tors,317630.b2,ISOGENY_ONLY,BASE_ADDED_AFTER_TWIST_FILE_LAST_CHANGED,72867942accf94b9513857a2c0bae3895af8e9bc
318238a1,Zha16_no_2_tors,318238.a1,ISOGENY_ONLY,BASE_ADDED_AFTER_TWIST_FILE_LAST_CHANGED,72867942accf94b9513857a2c0bae3895af8e9bc
319370b1,Zha16_no_2_tors,319370.b2,ISOGENY_ONLY,BASE_ADDED_AFTER_TWIST_FILE_LAST_CHANGED,72867942accf94b9513857a2c0bae3895af8e9bc
319718d1,Zha16_no_2_tors,319718.d2,ISOGENY_ONLY,BASE_ADDED_AFTER_TWIST_FILE_LAST_CHANGED,72867942accf94b9513857a2c0bae3895af8e9bc
319915a1,Zha16_no_2_tors,319915.a2,ISOGENY_ONLY,BASE_ADDED_AFTER_TWIST_FILE_LAST_CHANGED,72867942accf94b9513857a2c0bae3895af8e9bc
320005c1,Zha16_no_2_tors,320005.c2,ISOGENY_ONLY,BASE_ADDED_AFTER_TWIST_FILE_LAST_CHANGED,72867942accf94b9513857a2c0bae3895af8e9bc
320054b1,Zha16_no_2_tors,320054.b2,ISOGENY_ONLY,BASE_ADDED_AFTER_TWIST_FILE_LAST_CHANGED,72867942accf94b9513857a2c0bae3895af8e9bc
321218a1,Zha16_no_2_tors,321218.a2,ISOGENY_ONLY,BASE_ADDED_AFTER_TWIST_FILE_LAST_CHANGED,72867942accf94b9513857a2c0bae3895af8e9bc
321470l1,Zha16_no_2_tors,321470.l2,ISOGENY_ONLY,BASE_ADDED_AFTER_TWIST_FILE_LAST_CHANGED,72867942accf94b9513857a2c0bae3895af8e9bc
322498b1,Zha16_no_2_tors,322498.b1,ISOGENY_ONLY,BASE_ADDED_AFTER_TWIST_FILE_LAST_CHANGED,72867942accf94b9513857a2c0bae3895af8e9bc
323170a1,Zha16_no_2_tors,323170.a2,ISOGENY_ONLY,BASE_ADDED_AFTER_TWIST_FILE_LAST_CHANGED,72867942accf94b9513857a2c0bae3895af8e9bc
323771a1,Zha16_no_2_tors,323771.a3,ISOGENY_ONLY,BASE_ADDED_AFTER_TWIST_FILE_LAST_CHANGED,72867942accf94b9513857a2c0bae3895af8e9bc
324434a1,Zha16_no_2_tors,324434.a2,ISOGENY_ONLY,BASE_ADDED_AFTER_TWIST_FILE_LAST_CHANGED,72867942accf94b9513857a2c0bae3895af8e9bc
324938b1,Zha16_no_2_tors,324938.b2,ISOGENY_ONLY,BASE_ADDED_AFTER_TWIST_FILE_LAST_CHANGED,72867942accf94b9513857a2c0bae3895af8e9bc
325214a1,Zha16_no_2_tors,325214.a2,ISOGENY_ONLY,BASE_ADDED_AFTER_TWIST_FILE_LAST_CHANGED,72867942accf94b9513857a2c0bae3895af8e9bc
325402d1,Zha16_no_2_tors,325402.d1,ISOGENY_ONLY,BASE_ADDED_AFTER_TWIST_FILE_LAST_CHANGED,72867942accf94b9513857a2c0bae3895af8e9bc
325838c1,Zha16_no_2_tors,325838.c2,ISOGENY_ONLY,BASE_ADDED_AFTER_TWIST_FILE_LAST_CHANGED,72867942accf94b9513857a2c0bae3895af8e9bc
325955b1,Zha16_no_2_tors,325955.b1,ISOGENY_ONLY,BASE_ADDED_AFTER_TWIST_FILE_LAST_CHANGED,72867942accf94b9513857a2c0bae3895af8e9bc
326402a1,Zha16_no_2_tors,326402.a2,ISOGENY_ONLY,BASE_ADDED_AFTER_TWIST_FILE_LAST_CHANGED,72867942accf94b9513857a2c0bae3895af8e9bc
326590c1,Zha16_no_2_tors,326590.c2,ISOGENY_ONLY,BASE_ADDED_AFTER_TWIST_FILE_LAST_CHANGED,72867942accf94b9513857a2c0bae3895af8e9bc
327866b1,Zha16_no_2_tors,327866.b1,ISOGENY_ONLY,BASE_ADDED_AFTER_TWIST_FILE_LAST_CHANGED,72867942accf94b9513857a2c0bae3895af8e9bc
330434e1,Zha16_no_2_tors,330434.e1,ISOGENY_ONLY,BASE_ADDED_AFTER_TWIST_FILE_LAST_CHANGED,72867942accf94b9513857a2c0bae3895af8e9bc
330638d1,Zha16_no_2_tors,330638.d2,ISOGENY_ONLY,BASE_ADDED_AFTER_TWIST_FILE_LAST_CHANGED,72867942accf94b9513857a2c0bae3895af8e9bc
330638m1,Zha16_no_2_tors,330638.m1,ISOGENY_ONLY,BASE_ADDED_AFTER_TWIST_FILE_LAST_CHANGED,72867942accf94b9513857a2c0bae3895af8e9bc
330682b1,Zha16_no_2_tors,330682.b2,ISOGENY_ONLY,BASE_ADDED_AFTER_TWIST_FILE_LAST_CHANGED,72867942accf94b9513857a2c0bae3895af8e9bc
332630e1,Zha16_no_2_tors,332630.e1,ISOGENY_ONLY,BASE_ADDED_AFTER_TWIST_FILE_LAST_CHANGED,72867942accf94b9513857a2c0bae3895af8e9bc
332630k1,Zha16_no_2_tors,332630.k2,ISOGENY_ONLY,BASE_ADDED_AFTER_TWIST_FILE_LAST_CHANGED,72867942accf94b9513857a2c0bae3895af8e9bc
332642c1,Zha16_no_2_tors,332642.c2,ISOGENY_ONLY,BASE_ADDED_AFTER_TWIST_FILE_LAST_CHANGED,72867942accf94b9513857a2c0bae3895af8e9bc
332990h1,Zha16_no_2_tors,332990.h1,ISOGENY_ONLY,BASE_ADDED_AFTER_TWIST_FILE_LAST_CHANGED,72867942accf94b9513857a2c0bae3895af8e9bc
333146c1,Zha16_no_2_tors,333146.c2,ISOGENY_ONLY,BASE_ADDED_AFTER_TWIST_FILE_LAST_CHANGED,72867942accf94b9513857a2c0bae3895af8e9bc
333182e1,Zha16_no_2_tors,333182.e1,ISOGENY_ONLY,BASE_ADDED_AFTER_TWIST_FILE_LAST_CHANGED,72867942accf94b9513857a2c0bae3895af8e9bc
333371a1,Zha16_no_2_tors,333371.a2,ISOGENY_ONLY,BASE_ADDED_AFTER_TWIST_FILE_LAST_CHANGED,72867942accf94b9513857a2c0bae3895af8e9bc
333995a1,Zha16_no_2_tors,333995.a2,ISOGENY_ONLY,BASE_ADDED_AFTER_TWIST_FILE_LAST_CHANGED,72867942accf94b9513857a2c0bae3895af8e9bc
334478b1,Zha16_no_2_tors,334478.b1,ISOGENY_ONLY,BASE_ADDED_AFTER_TWIST_FILE_LAST_CHANGED,72867942accf94b9513857a2c0bae3895af8e9bc
335110c1,Zha16_no_2_tors,335110.c1,ISOGENY_ONLY,BASE_ADDED_AFTER_TWIST_FILE_LAST_CHANGED,72867942accf94b9513857a2c0bae3895af8e9bc
336154e1,Zha16_no_2_tors,336154.e2,ISOGENY_ONLY,BASE_ADDED_AFTER_TWIST_FILE_LAST_CHANGED,72867942accf94b9513857a2c0bae3895af8e9bc
337514d1,Zha16_no_2_tors,337514.d1,ISOGENY_ONLY,BASE_ADDED_AFTER_TWIST_FILE_LAST_CHANGED,72867942accf94b9513857a2c0bae3895af8e9bc
337811a1,Zha16_no_2_tors,337811.a2,ISOGENY_ONLY,BASE_ADDED_AFTER_TWIST_FILE_LAST_CHANGED,72867942accf94b9513857a2c0bae3895af8e9bc
338470c1,Zha16_no_2_tors,338470.c2,ISOGENY_ONLY,BASE_ADDED_AFTER_TWIST_FILE_LAST_CHANGED,72867942accf94b9513857a2c0bae3895af8e9bc
339226a1,Zha16_no_2_tors,339226.a1,ISOGENY_ONLY,BASE_ADDED_AFTER_TWIST_FILE_LAST_CHANGED,72867942accf94b9513857a2c0bae3895af8e9bc
339890a1,Zha16_no_2_tors,339890.a2,ISOGENY_ONLY,BASE_ADDED_AFTER_TWIST_FILE_LAST_CHANGED,72867942accf94b9513857a2c0bae3895af8e9bc
341110l1,Zha16_no_2_tors,341110.l1,ISOGENY_ONLY,BASE_ADDED_AFTER_TWIST_FILE_LAST_CHANGED,72867942accf94b9513857a2c0bae3895af8e9bc
343027e1,Zha16_no_2_tors,343027.e1,ISOGENY_ONLY,BASE_ADDED_AFTER_TWIST_FILE_LAST_CHANGED,72867942accf94b9513857a2c0bae3895af8e9bc
343154a1,Zha16_no_2_tors,343154.a2,ISOGENY_ONLY,BASE_ADDED_AFTER_TWIST_FILE_LAST_CHANGED,72867942accf94b9513857a2c0bae3895af8e9bc
343370b1,Zha16_no_2_tors,343370.b2,ISOGENY_ONLY,BASE_ADDED_AFTER_TWIST_FILE_LAST_CHANGED,72867942accf94b9513857a2c0bae3895af8e9bc
343691c1,Zha16_no_2_tors,343691.c1,ISOGENY_ONLY,BASE_ADDED_AFTER_TWIST_FILE_LAST_CHANGED,72867942accf94b9513857a2c0bae3895af8e9bc
343859a1,Zha16_no_2_tors,343859.a2,ISOGENY_ONLY,BASE_ADDED_AFTER_TWIST_FILE_LAST_CHANGED,72867942accf94b9513857a2c0bae3895af8e9bc
344195a1,Zha16_no_2_tors,344195.a1,ISOGENY_ONLY,BASE_ADDED_AFTER_TWIST_FILE_LAST_CHANGED,72867942accf94b9513857a2c0bae3895af8e9bc
345230b1,Zha16_no_2_tors,345230.b2,ISOGENY_ONLY,BASE_ADDED_AFTER_TWIST_FILE_LAST_CHANGED,72867942accf94b9513857a2c0bae3895af8e9bc
346731e1,Zha16_no_2_tors,346731.e2,ISOGENY_ONLY,BASE_ADDED_AFTER_TWIST_FILE_LAST_CHANGED,72867942accf94b9513857a2c0bae3895af8e9bc
348110b1,Zha16_no_2_tors,348110.b2,ISOGENY_ONLY,BASE_ADDED_AFTER_TWIST_FILE_LAST_CHANGED,72867942accf94b9513857a2c0bae3895af8e9bc
348157b1,Zha16_no_2_tors,348157.b2,ISOGENY_ONLY,BASE_ADDED_AFTER_TWIST_FILE_LAST_CHANGED,72867942accf94b9513857a2c0bae3895af8e9bc
349195a1,Zha16_no_2_tors,349195.a2,ISOGENY_ONLY,BASE_ADDED_AFTER_TWIST_FILE_LAST_CHANGED,72867942accf94b9513857a2c0bae3895af8e9bc
350426a1,Zha16_no_2_tors,350426.a2,ISOGENY_ONLY,BASE_ADDED_AFTER_TWIST_FILE_LAST_CHANGED,72867942accf94b9513857a2c0bae3895af8e9bc
353242b1,Zha16_no_2_tors,353242.b2,ISOGENY_ONLY,BASE_ADDED_AFTER_TWIST_FILE_LAST_CHANGED,72867942accf94b9513857a2c0bae3895af8e9bc
353758a1,Zha16_no_2_tors,353758.a2,ISOGENY_ONLY,BASE_ADDED_AFTER_TWIST_FILE_LAST_CHANGED,72867942accf94b9513857a2c0bae3895af8e9bc
353990l1,Zha16_no_2_tors,353990.l2,ISOGENY_ONLY,BASE_ADDED_AFTER_TWIST_FILE_LAST_CHANGED,72867942accf94b9513857a2c0bae3895af8e9bc
354034a1,Zha16_no_2_tors,354034.a1,ISOGENY_ONLY,BASE_ADDED_AFTER_TWIST_FILE_LAST_CHANGED,72867942accf94b9513857a2c0bae3895af8e9bc
355154a1,Zha16_no_2_tors,355154.a2,ISOGENY_ONLY,BASE_ADDED_AFTER_TWIST_FILE_LAST_CHANGED,72867942accf94b9513857a2c0bae3895af8e9bc
355426a1,Zha16_no_2_tors,355426.a2,ISOGENY_ONLY,BASE_ADDED_AFTER_TWIST_FILE_LAST_CHANGED,72867942accf94b9513857a2c0bae3895af8e9bc
355510b1,Zha16_no_2_tors,355510.b2,ISOGENY_ONLY,BASE_ADDED_AFTER_TWIST_FILE_LAST_CHANGED,72867942accf94b9513857a2c0bae3895af8e9bc
356035b1,Zha16_no_2_tors,356035.b1,ISOGENY_ONLY,BASE_ADDED_AFTER_TWIST_FILE_LAST_CHANGED,72867942accf94b9513857a2c0bae3895af8e9bc
356618c1,Zha16_no_2_tors,356618.c2,ISOGENY_ONLY,BASE_ADDED_AFTER_TWIST_FILE_LAST_CHANGED,72867942accf94b9513857a2c0bae3895af8e9bc
357299a1,Zha16_no_2_tors,357299.a2,ISOGENY_ONLY,BASE_ADDED_AFTER_TWIST_FILE_LAST_CHANGED,72867942accf94b9513857a2c0bae3895af8e9bc
357826b1,Zha16_no_2_tors,357826.b2,ISOGENY_ONLY,BASE_ADDED_AFTER_TWIST_FILE_LAST_CHANGED,72867942accf94b9513857a2c0bae3895af8e9bc
357938a1,Zha16_no_2_tors,357938.a1,ISOGENY_ONLY,BASE_ADDED_AFTER_TWIST_FILE_LAST_CHANGED,72867942accf94b9513857a2c0bae3895af8e9bc
357995c1,Zha16_no_2_tors,357995.c1,ISOGENY_ONLY,BASE_ADDED_AFTER_TWIST_FILE_LAST_CHANGED,72867942accf94b9513857a2c0bae3895af8e9bc
358658a1,Zha16_no_2_tors,358658.a1,ISOGENY_ONLY,BASE_ADDED_AFTER_TWIST_FILE_LAST_CHANGED,72867942accf94b9513857a2c0bae3895af8e9bc
359714c1,Zha16_no_2_tors,359714.c2,ISOGENY_ONLY,BASE_ADDED_AFTER_TWIST_FILE_LAST_CHANGED,72867942accf94b9513857a2c0bae3895af8e9bc
359813a1,Zha16_no_2_tors,359813.a2,ISOGENY_ONLY,BASE_ADDED_AFTER_TWIST_FILE_LAST_CHANGED,72867942accf94b9513857a2c0bae3895af8e9bc
359986b1,Zha16_no_2_tors,359986.b1,ISOGENY_ONLY,BASE_ADDED_AFTER_TWIST_FILE_LAST_CHANGED,72867942accf94b9513857a2c0bae3895af8e9bc
360022b1,Zha16_no_2_tors,360022.b2,ISOGENY_ONLY,BASE_ADDED_AFTER_TWIST_FILE_LAST_CHANGED,72867942accf94b9513857a2c0bae3895af8e9bc
360314b1,Zha16_no_2_tors,360314.b2,ISOGENY_ONLY,BASE_ADDED_AFTER_TWIST_FILE_LAST_CHANGED,72867942accf94b9513857a2c0bae3895af8e9bc
360398b1,Zha16_no_2_tors,360398.b1,ISOGENY_ONLY,BASE_ADDED_AFTER_TWIST_FILE_LAST_CHANGED,72867942accf94b9513857a2c0bae3895af8e9bc
360854c1,Zha16_no_2_tors,360854.c2,ISOGENY_ONLY,BASE_ADDED_AFTER_TWIST_FILE_LAST_CHANGED,72867942accf94b9513857a2c0bae3895af8e9bc
361690b1,Zha16_no_2_tors,361690.b1,ISOGENY_ONLY,BASE_ADDED_AFTER_TWIST_FILE_LAST_CHANGED,72867942accf94b9513857a2c0bae3895af8e9bc
361802b1,Zha16_no_2_tors,361802.b2,ISOGENY_ONLY,BASE_ADDED_AFTER_TWIST_FILE_LAST_CHANGED,72867942accf94b9513857a2c0bae3895af8e9bc
362411a1,Zha16_no_2_tors,362411.a1,ISOGENY_ONLY,BASE_ADDED_AFTER_TWIST_FILE_LAST_CHANGED,72867942accf94b9513857a2c0bae3895af8e9bc
362654a1,Zha16_no_2_tors,362654.a2,ISOGENY_ONLY,BASE_ADDED_AFTER_TWIST_FILE_LAST_CHANGED,72867942accf94b9513857a2c0bae3895af8e9bc
362986a1,Zha16_no_2_tors,362986.a2,ISOGENY_ONLY,BASE_ADDED_AFTER_TWIST_FILE_LAST_CHANGED,72867942accf94b9513857a2c0bae3895af8e9bc
363011a1,Zha16_no_2_tors,363011.a2,ISOGENY_ONLY,BASE_ADDED_AFTER_TWIST_FILE_LAST_CHANGED,72867942accf94b9513857a2c0bae3895af8e9bc
363290b1,Zha16_no_2_tors,363290.b1,ISOGENY_ONLY,BASE_ADDED_AFTER_TWIST_FILE_LAST_CHANGED,72867942accf94b9513857a2c0bae3895af8e9bc
363370n1,Zha16_no_2_tors,363370.n1,ISOGENY_ONLY,BASE_ADDED_AFTER_TWIST_FILE_LAST_CHANGED,72867942accf94b9513857a2c0bae3895af8e9bc
363686c1,Zha16_no_2_tors,363686.c1,ISOGENY_ONLY,BASE_ADDED_AFTER_TWIST_FILE_LAST_CHANGED,72867942accf94b9513857a2c0bae3895af8e9bc
363715c1,Zha16_no_2_tors,363715.c1,ISOGENY_ONLY,BASE_ADDED_AFTER_TWIST_FILE_LAST_CHANGED,72867942accf94b9513857a2c0bae3895af8e9bc
364126d1,Zha16_no_2_tors,364126.d2,ISOGENY_ONLY,BASE_ADDED_AFTER_TWIST_FILE_LAST_CHANGED,72867942accf94b9513857a2c0bae3895af8e9bc
364394a1,Zha16_no_2_tors,364394.a2,ISOGENY_ONLY,BASE_ADDED_AFTER_TWIST_FILE_LAST_CHANGED,72867942accf94b9513857a2c0bae3895af8e9bc
364435b1,Zha16_no_2_tors,364435.b1,ISOGENY_ONLY,BASE_ADDED_AFTER_TWIST_FILE_LAST_CHANGED,72867942accf94b9513857a2c0bae3895af8e9bc
365118s1,Zha16_no_2_tors,365118.s2,ISOGENY_ONLY,BASE_ADDED_AFTER_TWIST_FILE_LAST_CHANGED,72867942accf94b9513857a2c0bae3895af8e9bc
365410c1,Zha16_no_2_tors,365410.c1,ISOGENY_ONLY,BASE_ADDED_AFTER_TWIST_FILE_LAST_CHANGED,72867942accf94b9513857a2c0bae3895af8e9bc
365755b1,Zha16_no_2_tors,365755.b2,ISOGENY_ONLY,BASE_ADDED_AFTER_TWIST_FILE_LAST_CHANGED,72867942accf94b9513857a2c0bae3895af8e9bc
367286b1,Zha16_no_2_tors,367286.b1,ISOGENY_ONLY,BASE_ADDED_AFTER_TWIST_FILE_LAST_CHANGED,72867942accf94b9513857a2c0bae3895af8e9bc
368074c1,Zha16_no_2_tors,368074.c2,ISOGENY_ONLY,BASE_ADDED_AFTER_TWIST_FILE_LAST_CHANGED,72867942accf94b9513857a2c0bae3895af8e9bc
368635a1,Zha16_no_2_tors,368635.a2,ISOGENY_ONLY,BASE_ADDED_AFTER_TWIST_FILE_LAST_CHANGED,72867942accf94b9513857a2c0bae3895af8e9bc
369763b1,Zha16_no_2_tors,369763.b2,ISOGENY_ONLY,BASE_ADDED_AFTER_TWIST_FILE_LAST_CHANGED,72867942accf94b9513857a2c0bae3895af8e9bc
370874c1,Zha16_no_2_tors,370874.c2,ISOGENY_ONLY,BASE_ADDED_AFTER_TWIST_FILE_LAST_CHANGED,72867942accf94b9513857a2c0bae3895af8e9bc
371602k1,Zha16_no_2_tors,371602.k2,ISOGENY_ONLY,BASE_ADDED_AFTER_TWIST_FILE_LAST_CHANGED,72867942accf94b9513857a2c0bae3895af8e9bc
372610d1,Zha16_no_2_tors,372610.d2,ISOGENY_ONLY,BASE_ADDED_AFTER_TWIST_FILE_LAST_CHANGED,72867942accf94b9513857a2c0bae3895af8e9bc
373658b1,Zha16_no_2_tors,373658.b1,ISOGENY_ONLY,BASE_ADDED_AFTER_TWIST_FILE_LAST_CHANGED,72867942accf94b9513857a2c0bae3895af8e9bc
374731e1,Zha16_no_2_tors,374731.e2,ISOGENY_ONLY,BASE_ADDED_AFTER_TWIST_FILE_LAST_CHANGED,72867942accf94b9513857a2c0bae3895af8e9bc
374946bc1,Zha16_no_2_tors,374946.bc1,ISOGENY_ONLY,BASE_ADDED_AFTER_TWIST_FILE_LAST_CHANGED,72867942accf94b9513857a2c0bae3895af8e9bc
376066a1,Zha16_no_2_tors,376066.a1,ISOGENY_ONLY,BASE_ADDED_AFTER_TWIST_FILE_LAST_CHANGED,72867942accf94b9513857a2c0bae3895af8e9bc
378994a1,Zha16_no_2_tors,378994.a1,ISOGENY_ONLY,BASE_ADDED_AFTER_TWIST_FILE_LAST_CHANGED,72867942accf94b9513857a2c0bae3895af8e9bc
379310e1,Zha16_no_2_tors,379310.e2,ISOGENY_ONLY,BASE_ADDED_AFTER_TWIST_FILE_LAST_CHANGED,72867942accf94b9513857a2c0bae3895af8e9bc
379338f1,Zha16_no_2_tors,379338.f1,ISOGENY_ONLY,BASE_ADDED_AFTER_TWIST_FILE_LAST_CHANGED,72867942accf94b9513857a2c0bae3895af8e9bc
379715e1,Zha16_no_2_tors,379715.e2,ISOGENY_ONLY,BASE_ADDED_AFTER_TWIST_FILE_LAST_CHANGED,72867942accf94b9513857a2c0bae3895af8e9bc
380315a1,Zha16_no_2_tors,380315.a1,ISOGENY_ONLY,BASE_ADDED_AFTER_TWIST_FILE_LAST_CHANGED,72867942accf94b9513857a2c0bae3895af8e9bc
380987b1,Zha16_no_2_tors,380987.b1,ISOGENY_ONLY,BASE_ADDED_AFTER_TWIST_FILE_LAST_CHANGED,72867942accf94b9513857a2c0bae3895af8e9bc
381342j1,Zha16_no_2_tors,381342.j1,ISOGENY_ONLY,BASE_ADDED_AFTER_TWIST_FILE_LAST_CHANGED,72867942accf94b9513857a2c0bae3895af8e9bc
381830a1,Zha16_no_2_tors,381830.a2,ISOGENY_ONLY,BASE_ADDED_AFTER_TWIST_FILE_LAST_CHANGED,72867942accf94b9513857a2c0bae3895af8e9bc
383206c1,Zha16_no_2_tors,383206.c1,ISOGENY_ONLY,BASE_ADDED_AFTER_TWIST_FILE_LAST_CHANGED,72867942accf94b9513857a2c0bae3895af8e9bc
383782g1,Zha16_no_2_tors,383782.g2,ISOGENY_ONLY,BASE_ADDED_AFTER_TWIST_FILE_LAST_CHANGED,72867942accf94b9513857a2c0bae3895af8e9bc
384334c1,Zha16_no_2_tors,384334.c1,ISOGENY_ONLY,BASE_ADDED_AFTER_TWIST_FILE_LAST_CHANGED,72867942accf94b9513857a2c0bae3895af8e9bc
385283b1,Zha16_no_2_tors,385283.b1,ISOGENY_ONLY,BASE_ADDED_AFTER_TWIST_FILE_LAST_CHANGED,72867942accf94b9513857a2c0bae3895af8e9bc
386254b1,Zha16_no_2_tors,386254.b2,ISOGENY_ONLY,BASE_ADDED_AFTER_TWIST_FILE_LAST_CHANGED,72867942accf94b9513857a2c0bae3895af8e9bc
386558a1,Zha16_no_2_tors,386558.a2,ISOGENY_ONLY,BASE_ADDED_AFTER_TWIST_FILE_LAST_CHANGED,72867942accf94b9513857a2c0bae3895af8e9bc
386635a1,Zha16_no_2_tors,386635.a2,ISOGENY_ONLY,BASE_ADDED_AFTER_TWIST_FILE_LAST_CHANGED,72867942accf94b9513857a2c0bae3895af8e9bc
387310n1,Zha16_no_2_tors,387310.n2,ISOGENY_ONLY,BASE_ADDED_AFTER_TWIST_FILE_LAST_CHANGED,72867942accf94b9513857a2c0bae3895af8e9bc
387533a1,Zha16_no_2_tors,387533.a2,ISOGENY_ONLY,BASE_ADDED_AFTER_TWIST_FILE_LAST_CHANGED,72867942accf94b9513857a2c0bae3895af8e9bc
387998a1,Zha16_no_2_tors,387998.a2,ISOGENY_ONLY,BASE_ADDED_AFTER_TWIST_FILE_LAST_CHANGED,72867942accf94b9513857a2c0bae3895af8e9bc
388634d1,Zha16_no_2_tors,388634.d1,ISOGENY_ONLY,BASE_ADDED_AFTER_TWIST_FILE_LAST_CHANGED,72867942accf94b9513857a2c0bae3895af8e9bc
389546a1,Zha16_no_2_tors,389546.a2,ISOGENY_ONLY,BASE_ADDED_AFTER_TWIST_FILE_LAST_CHANGED,72867942accf94b9513857a2c0bae3895af8e9bc
390790e1,Zha16_no_2_tors,390790.e2,ISOGENY_ONLY,BASE_ADDED_AFTER_TWIST_FILE_LAST_CHANGED,72867942accf94b9513857a2c0bae3895af8e9bc
391237a1,Zha16_no_2_tors,391237.a2,ISOGENY_ONLY,BASE_ADDED_AFTER_TWIST_FILE_LAST_CHANGED,72867942accf94b9513857a2c0bae3895af8e9bc
391670d1,Zha16_no_2_tors,391670.d2,ISOGENY_ONLY,BASE_ADDED_AFTER_TWIST_FILE_LAST_CHANGED,72867942accf94b9513857a2c0bae3895af8e9bc
392509c1,Zha16_no_2_tors,392509.c2,ISOGENY_ONLY,BASE_ADDED_AFTER_TWIST_FILE_LAST_CHANGED,72867942accf94b9513857a2c0bae3895af8e9bc
393590c1,Zha16_no_2_tors,393590.c2,ISOGENY_ONLY,BASE_ADDED_AFTER_TWIST_FILE_LAST_CHANGED,72867942accf94b9513857a2c0bae3895af8e9bc
393923a1,Zha16_no_2_tors,393923.a1,ISOGENY_ONLY,BASE_ADDED_AFTER_TWIST_FILE_LAST_CHANGED,72867942accf94b9513857a2c0bae3895af8e9bc
394270c1,Zha16_no_2_tors,394270.c2,ISOGENY_ONLY,BASE_ADDED_AFTER_TWIST_FILE_LAST_CHANGED,72867942accf94b9513857a2c0bae3895af8e9bc
394582b1,Zha16_no_2_tors,394582.b2,ISOGENY_ONLY,BASE_ADDED_AFTER_TWIST_FILE_LAST_CHANGED,72867942accf94b9513857a2c0bae3895af8e9bc
395635a1,Zha16_no_2_tors,395635.a1,ISOGENY_ONLY,BASE_ADDED_AFTER_TWIST_FILE_LAST_CHANGED,72867942accf94b9513857a2c0bae3895af8e9bc
395882a1,Zha16_no_2_tors,395882.a2,ISOGENY_ONLY,BASE_ADDED_AFTER_TWIST_FILE_LAST_CHANGED,72867942accf94b9513857a2c0bae3895af8e9bc
396011a1,Zha16_no_2_tors,396011.a2,ISOGENY_ONLY,BASE_ADDED_AFTER_TWIST_FILE_LAST_CHANGED,72867942accf94b9513857a2c0bae3895af8e9bc
396970d1,Zha16_no_2_tors,396970.d2,ISOGENY_ONLY,BASE_ADDED_AFTER_TWIST_FILE_LAST_CHANGED,72867942accf94b9513857a2c0bae3895af8e9bc
397222a1,Zha16_no_2_tors,397222.a1,ISOGENY_ONLY,BASE_ADDED_AFTER_TWIST_FILE_LAST_CHANGED,72867942accf94b9513857a2c0bae3895af8e9bc
398197a1,Zha16_no_2_tors,398197.a2,ISOGENY_ONLY,BASE_ADDED_AFTER_TWIST_FILE_LAST_CHANGED,72867942accf94b9513857a2c0bae3895af8e9bc
399245a1,Zha16_no_2_tors,399245.a2,ISOGENY_ONLY,BASE_ADDED_AFTER_TWIST_FILE_LAST_CHANGED,72867942accf94b9513857a2c0bae3895af8e9bc
399418a1,Zha16_no_2_tors,399418.a3,ISOGENY_ONLY,BASE_ADDED_AFTER_TWIST_FILE_LAST_CHANGED,72867942accf94b9513857a2c0bae3895af8e9bc
400258d1,Zha16_no_2_tors,400258.d2,ISOGENY_ONLY,BASE_ADDED_AFTER_TWIST_FILE_LAST_CHANGED,72867942accf94b9513857a2c0bae3895af8e9bc
400582i1,Zha16_no_2_tors,400582.i2,ISOGENY_ONLY,BASE_ADDED_AFTER_TWIST_FILE_LAST_CHANGED,72867942accf94b9513857a2c0bae3895af8e9bc
400654a1,Zha16_no_2_tors,400654.a2,ISOGENY_ONLY,BASE_ADDED_AFTER_TWIST_FILE_LAST_CHANGED,72867942accf94b9513857a2c0bae3895af8e9bc
400939a1,Zha16_no_2_tors,400939.a2,ISOGENY_ONLY,BASE_ADDED_AFTER_TWIST_FILE_LAST_CHANGED,72867942accf94b9513857a2c0bae3895af8e9bc
401395a1,Zha16_no_2_tors,401395.a2,ISOGENY_ONLY,BASE_ADDED_AFTER_TWIST_FILE_LAST_CHANGED,72867942accf94b9513857a2c0bae3895af8e9bc
402382b1,Zha16_no_2_tors,402382.b2,ISOGENY_ONLY,BASE_ADDED_AFTER_TWIST_FILE_LAST_CHANGED,72867942accf94b9513857a2c0bae3895af8e9bc
403474f1,Zha16_no_2_tors,403474.f2,ISOGENY_ONLY,BASE_ADDED_AFTER_TWIST_FILE_LAST_CHANGED,72867942accf94b9513857a2c0bae3895af8e9bc
403699a1,Zha16_no_2_tors,403699.a1,ISOGENY_ONLY,BASE_ADDED_AFTER_TWIST_FILE_LAST_CHANGED,72867942accf94b9513857a2c0bae3895af8e9bc
403846e1,Zha16_no_2_tors,403846.e2,ISOGENY_ONLY,BASE_ADDED_AFTER_TWIST_FILE_LAST_CHANGED,72867942accf94b9513857a2c0bae3895af8e9bc
405251a1,Zha16_no_2_tors,405251.a1,ISOGENY_ONLY,BASE_ADDED_AFTER_TWIST_FILE_LAST_CHANGED,72867942accf94b9513857a2c0bae3895af8e9bc
405755b1,Zha16_no_2_tors,405755.b1,ISOGENY_ONLY,BASE_ADDED_AFTER_TWIST_FILE_LAST_CHANGED,72867942accf94b9513857a2c0bae3895af8e9bc
406315h1,Zha16_no_2_tors,406315.h1,ISOGENY_ONLY,BASE_ADDED_AFTER_TWIST_FILE_LAST_CHANGED,72867942accf94b9513857a2c0bae3895af8e9bc
406810b1,Zha16_no_2_tors,406810.b2,ISOGENY_ONLY,BASE_ADDED_AFTER_TWIST_FILE_LAST_CHANGED,72867942accf94b9513857a2c0bae3895af8e9bc
406810e1,Zha16_no_2_tors,406810.e2,ISOGENY_ONLY,BASE_ADDED_AFTER_TWIST_FILE_LAST_CHANGED,72867942accf94b9513857a2c0bae3895af8e9bc
407341a1,Zha16_no_2_tors,407341.a2,ISOGENY_ONLY,BASE_ADDED_AFTER_TWIST_FILE_LAST_CHANGED,72867942accf94b9513857a2c0bae3895af8e9bc
407402a1,Zha16_no_2_tors,407402.a2,ISOGENY_ONLY,BASE_ADDED_AFTER_TWIST_FILE_LAST_CHANGED,72867942accf94b9513857a2c0bae3895af8e9bc
407477a1,Zha16_no_2_tors,407477.a2,ISOGENY_ONLY,BASE_ADDED_AFTER_TWIST_FILE_LAST_CHANGED,72867942accf94b9513857a2c0bae3895af8e9bc
407941a1,Zha16_no_2_tors,407941.a2,ISOGENY_ONLY,BASE_ADDED_AFTER_TWIST_FILE_LAST_CHANGED,72867942accf94b9513857a2c0bae3895af8e9bc
408346b1,Zha16_no_2_tors,408346.b1,ISOGENY_ONLY,BASE_ADDED_AFTER_TWIST_FILE_LAST_CHANGED,72867942accf94b9513857a2c0bae3895af8e9bc
408394c1,Zha16_no_2_tors,408394.c1,ISOGENY_ONLY,BASE_ADDED_AFTER_TWIST_FILE_LAST_CHANGED,72867942accf94b9513857a2c0bae3895af8e9bc
409507a1,Zha16_no_2_tors,409507.a2,ISOGENY_ONLY,BASE_ADDED_AFTER_TWIST_FILE_LAST_CHANGED,72867942accf94b9513857a2c0bae3895af8e9bc
409694b1,Zha16_no_2_tors,409694.b2,ISOGENY_ONLY,BASE_ADDED_AFTER_TWIST_FILE_LAST_CHANGED,72867942accf94b9513857a2c0bae3895af8e9bc
410366d1,Zha16_no_2_tors,410366.d2,ISOGENY_ONLY,BASE_ADDED_AFTER_TWIST_FILE_LAST_CHANGED,72867942accf94b9513857a2c0bae3895af8e9bc
411190f1,Zha16_no_2_tors,411190.f1,ISOGENY_ONLY,BASE_ADDED_AFTER_TWIST_FILE_LAST_CHANGED,72867942accf94b9513857a2c0bae3895af8e9bc
411730e1,Zha16_no_2_tors,411730.e2,ISOGENY_ONLY,BASE_ADDED_AFTER_TWIST_FILE_LAST_CHANGED,72867942accf94b9513857a2c0bae3895af8e9bc
412834a1,Zha16_no_2_tors,412834.a1,ISOGENY_ONLY,BASE_ADDED_AFTER_TWIST_FILE_LAST_CHANGED,72867942accf94b9513857a2c0bae3895af8e9bc
412930g1,Zha16_no_2_tors,412930.g2,ISOGENY_ONLY,BASE_ADDED_AFTER_TWIST_FILE_LAST_CHANGED,72867942accf94b9513857a2c0bae3895af8e9bc
414470c1,Zha16_no_2_tors,414470.c2,ISOGENY_ONLY,BASE_ADDED_AFTER_TWIST_FILE_LAST_CHANGED,72867942accf94b9513857a2c0bae3895af8e9bc
414646a1,Zha16_no_2_tors,414646.a2,ISOGENY_ONLY,BASE_ADDED_AFTER_TWIST_FILE_LAST_CHANGED,72867942accf94b9513857a2c0bae3895af8e9bc
415954g1,Zha16_no_2_tors,415954.g2,ISOGENY_ONLY,BASE_ADDED_AFTER_TWIST_FILE_LAST_CHANGED,72867942accf94b9513857a2c0bae3895af8e9bc
416390q1,Zha16_no_2_tors,416390.q1,ISOGENY_ONLY,BASE_ADDED_AFTER_TWIST_FILE_LAST_CHANGED,72867942accf94b9513857a2c0bae3895af8e9bc
416422c1,Zha16_no_2_tors,416422.c1,ISOGENY_ONLY,BASE_ADDED_AFTER_TWIST_FILE_LAST_CHANGED,72867942accf94b9513857a2c0bae3895af8e9bc
416798b1,Zha16_no_2_tors,416798.b2,ISOGENY_ONLY,BASE_ADDED_AFTER_TWIST_FILE_LAST_CHANGED,72867942accf94b9513857a2c0bae3895af8e9bc
417118d1,Zha16_no_2_tors,417118.d1,ISOGENY_ONLY,BASE_ADDED_AFTER_TWIST_FILE_LAST_CHANGED,72867942accf94b9513857a2c0bae3895af8e9bc
417670b1,Zha16_no_2_tors,417670.b1,ISOGENY_ONLY,BASE_ADDED_AFTER_TWIST_FILE_LAST_CHANGED,72867942accf94b9513857a2c0bae3895af8e9bc
418834a1,Zha16_no_2_tors,418834.a2,ISOGENY_ONLY,BASE_ADDED_AFTER_TWIST_FILE_LAST_CHANGED,72867942accf94b9513857a2c0bae3895af8e9bc
419237c1,Zha16_no_2_tors,419237.c2,ISOGENY_ONLY,BASE_ADDED_AFTER_TWIST_FILE_LAST_CHANGED,72867942accf94b9513857a2c0bae3895af8e9bc
419366d1,Zha16_no_2_tors,419366.d1,ISOGENY_ONLY,BASE_ADDED_AFTER_TWIST_FILE_LAST_CHANGED,72867942accf94b9513857a2c0bae3895af8e9bc
420034a1,Zha16_no_2_tors,420034.a2,ISOGENY_ONLY,BASE_ADDED_AFTER_TWIST_FILE_LAST_CHANGED,72867942accf94b9513857a2c0bae3895af8e9bc
421162f1,Zha16_no_2_tors,421162.f2,ISOGENY_ONLY,BASE_ADDED_AFTER_TWIST_FILE_LAST_CHANGED,72867942accf94b9513857a2c0bae3895af8e9bc
421835d1,Zha16_no_2_tors,421835.d2,ISOGENY_ONLY,BASE_ADDED_AFTER_TWIST_FILE_LAST_CHANGED,72867942accf94b9513857a2c0bae3895af8e9bc
422366b1,Zha16_no_2_tors,422366.b1,ISOGENY_ONLY,BASE_ADDED_AFTER_TWIST_FILE_LAST_CHANGED,72867942accf94b9513857a2c0bae3895af8e9bc
422902b1,Zha16_no_2_tors,422902.b1,ISOGENY_ONLY,BASE_ADDED_AFTER_TWIST_FILE_LAST_CHANGED,72867942accf94b9513857a2c0bae3895af8e9bc
423358i1,Zha16_no_2_tors,423358.i2,ISOGENY_ONLY,BASE_ADDED_AFTER_TWIST_FILE_LAST_CHANGED,72867942accf94b9513857a2c0bae3895af8e9bc
424717a1,Zha16_no_2_tors,424717.a2,ISOGENY_ONLY,BASE_ADDED_AFTER_TWIST_FILE_LAST_CHANGED,72867942accf94b9513857a2c0bae3895af8e9bc
426445b1,Zha16_no_2_tors,426445.b2,ISOGENY_ONLY,BASE_ADDED_AFTER_TWIST_FILE_LAST_CHANGED,72867942accf94b9513857a2c0bae3895af8e9bc
426835a1,Zha16_no_2_tors,426835.a1,ISOGENY_ONLY,BASE_ADDED_AFTER_TWIST_FILE_LAST_CHANGED,72867942accf94b9513857a2c0bae3895af8e9bc
426923b1,Zha16_no_2_tors,426923.b1,ISOGENY_ONLY,BASE_ADDED_AFTER_TWIST_FILE_LAST_CHANGED,72867942accf94b9513857a2c0bae3895af8e9bc
427562a1,Zha16_no_2_tors,427562.a2,ISOGENY_ONLY,BASE_ADDED_AFTER_TWIST_FILE_LAST_CHANGED,72867942accf94b9513857a2c0bae3895af8e9bc
428122d1,Zha16_no_2_tors,428122.d2,ISOGENY_ONLY,BASE_ADDED_AFTER_TWIST_FILE_LAST_CHANGED,72867942accf94b9513857a2c0bae3895af8e9bc
428230a1,Zha16_no_2_tors,428230.a2,ISOGENY_ONLY,BASE_ADDED_AFTER_TWIST_FILE_LAST_CHANGED,72867942accf94b9513857a2c0bae3895af8e9bc
429013a1,Zha16_no_2_tors,429013.a2,ISOGENY_ONLY,BASE_ADDED_AFTER_TWIST_FILE_LAST_CHANGED,72867942accf94b9513857a2c0bae3895af8e9bc
429110h1,Zha16_no_2_tors,429110.h1,ISOGENY_ONLY,BASE_ADDED_AFTER_TWIST_FILE_LAST_CHANGED,72867942accf94b9513857a2c0bae3895af8e9bc
429506c1,Zha16_no_2_tors,429506.c2,ISOGENY_ONLY,BASE_ADDED_AFTER_TWIST_FILE_LAST_CHANGED,72867942accf94b9513857a2c0bae3895af8e9bc
429830i1,Zha16_no_2_tors,429830.i2,ISOGENY_ONLY,BASE_ADDED_AFTER_TWIST_FILE_LAST_CHANGED,72867942accf94b9513857a2c0bae3895af8e9bc
430331a1,Zha16_no_2_tors,430331.a2,ISOGENY_ONLY,BASE_ADDED_AFTER_TWIST_FILE_LAST_CHANGED,72867942accf94b9513857a2c0bae3895af8e9bc
430547a1,Zha16_no_2_tors,430547.a1,ISOGENY_ONLY,BASE_ADDED_AFTER_TWIST_FILE_LAST_CHANGED,72867942accf94b9513857a2c0bae3895af8e9bc
430939b1,Zha16_no_2_tors,430939.b2,ISOGENY_ONLY,BASE_ADDED_AFTER_TWIST_FILE_LAST_CHANGED,72867942accf94b9513857a2c0bae3895af8e9bc
431134a1,Zha16_no_2_tors,431134.a1,ISOGENY_ONLY,BASE_ADDED_AFTER_TWIST_FILE_LAST_CHANGED,72867942accf94b9513857a2c0bae3895af8e9bc
432542b1,Zha16_no_2_tors,432542.b2,ISOGENY_ONLY,BASE_ADDED_AFTER_TWIST_FILE_LAST_CHANGED,72867942accf94b9513857a2c0bae3895af8e9bc
433370a1,Zha16_no_2_tors,433370.a1,ISOGENY_ONLY,BASE_ADDED_AFTER_TWIST_FILE_LAST_CHANGED,72867942accf94b9513857a2c0bae3895af8e9bc
434206a1,Zha16_no_2_tors,434206.a1,ISOGENY_ONLY,BASE_ADDED_AFTER_TWIST_FILE_LAST_CHANGED,72867942accf94b9513857a2c0bae3895af8e9bc
434467a1,Zha16_no_2_tors,434467.a2,ISOGENY_ONLY,BASE_ADDED_AFTER_TWIST_FILE_LAST_CHANGED,72867942accf94b9513857a2c0bae3895af8e9bc
434714b1,Zha16_no_2_tors,434714.b1,ISOGENY_ONLY,BASE_ADDED_AFTER_TWIST_FILE_LAST_CHANGED,72867942accf94b9513857a2c0bae3895af8e9bc
435370v1,Zha16_no_2_tors,435370.v2,ISOGENY_ONLY,BASE_ADDED_AFTER_TWIST_FILE_LAST_CHANGED,72867942accf94b9513857a2c0bae3895af8e9bc
435710j1,Zha16_no_2_tors,435710.j2,ISOGENY_ONLY,BASE_ADDED_AFTER_TWIST_FILE_LAST_CHANGED,72867942accf94b9513857a2c0bae3895af8e9bc
436418d1,Zha16_no_2_tors,436418.d1,ISOGENY_ONLY,BASE_ADDED_AFTER_TWIST_FILE_LAST_CHANGED,72867942accf94b9513857a2c0bae3895af8e9bc
437114b1,Zha16_no_2_tors,437114.b2,ISOGENY_ONLY,BASE_ADDED_AFTER_TWIST_FILE_LAST_CHANGED,72867942accf94b9513857a2c0bae3895af8e9bc
437470k1,Zha16_no_2_tors,437470.k1,ISOGENY_ONLY,BASE_ADDED_AFTER_TWIST_FILE_LAST_CHANGED,72867942accf94b9513857a2c0bae3895af8e9bc
437974b1,Zha16_no_2_tors,437974.b2,ISOGENY_ONLY,BASE_ADDED_AFTER_TWIST_FILE_LAST_CHANGED,72867942accf94b9513857a2c0bae3895af8e9bc
437995a1,Zha16_no_2_tors,437995.a1,ISOGENY_ONLY,BASE_ADDED_AFTER_TWIST_FILE_LAST_CHANGED,72867942accf94b9513857a2c0bae3895af8e9bc
438022c1,Zha16_no_2_tors,438022.c2,ISOGENY_ONLY,BASE_ADDED_AFTER_TWIST_FILE_LAST_CHANGED,72867942accf94b9513857a2c0bae3895af8e9bc
438406c1,Zha16_no_2_tors,438406.c1,ISOGENY_ONLY,BASE_ADDED_AFTER_TWIST_FILE_LAST_CHANGED,72867942accf94b9513857a2c0bae3895af8e9bc
439706c1,Zha16_no_2_tors,439706.c2,ISOGENY_ONLY,BASE_ADDED_AFTER_TWIST_FILE_LAST_CHANGED,72867942accf94b9513857a2c0bae3895af8e9bc
440117a1,Zha16_no_2_tors,440117.a2,ISOGENY_ONLY,BASE_ADDED_AFTER_TWIST_FILE_LAST_CHANGED,72867942accf94b9513857a2c0bae3895af8e9bc
440813b1,Zha16_no_2_tors,440813.b2,ISOGENY_ONLY,BASE_ADDED_AFTER_TWIST_FILE_LAST_CHANGED,72867942accf94b9513857a2c0bae3895af8e9bc
441682a1,Zha16_no_2_tors,441682.a2,ISOGENY_ONLY,BASE_ADDED_AFTER_TWIST_FILE_LAST_CHANGED,72867942accf94b9513857a2c0bae3895af8e9bc
442795a1,Zha16_no_2_tors,442795.a1,ISOGENY_ONLY,BASE_ADDED_AFTER_TWIST_FILE_LAST_CHANGED,72867942accf94b9513857a2c0bae3895af8e9bc
444458p1,Zha16_no_2_tors,444458.p1,ISOGENY_ONLY,BASE_ADDED_AFTER_TWIST_FILE_LAST_CHANGED,72867942accf94b9513857a2c0bae3895af8e9bc
444610b1,Zha16_no_2_tors,444610.b2,ISOGENY_ONLY,BASE_ADDED_AFTER_TWIST_FILE_LAST_CHANGED,72867942accf94b9513857a2c0bae3895af8e9bc
445030b1,Zha16_no_2_tors,445030.b1,ISOGENY_ONLY,BASE_ADDED_AFTER_TWIST_FILE_LAST_CHANGED,72867942accf94b9513857a2c0bae3895af8e9bc
445970k1,Zha16_no_2_tors,445970.k2,ISOGENY_ONLY,BASE_ADDED_AFTER_TWIST_FILE_LAST_CHANGED,72867942accf94b9513857a2c0bae3895af8e9bc
446314b1,Zha16_no_2_tors,446314.b2,ISOGENY_ONLY,BASE_ADDED_AFTER_TWIST_FILE_LAST_CHANGED,72867942accf94b9513857a2c0bae3895af8e9bc
447122e1,Zha16_no_2_tors,447122.e2,ISOGENY_ONLY,BASE_ADDED_AFTER_TWIST_FILE_LAST_CHANGED,72867942accf94b9513857a2c0bae3895af8e9bc
447414k1,Zha16_no_2_tors,447414.k2,ISOGENY_ONLY,BASE_ADDED_AFTER_TWIST_FILE_LAST_CHANGED,72867942accf94b9513857a2c0bae3895af8e9bc
447814b1,Zha16_no_2_tors,447814.b2,ISOGENY_ONLY,BASE_ADDED_AFTER_TWIST_FILE_LAST_CHANGED,72867942accf94b9513857a2c0bae3895af8e9bc
447902a1,Zha16_no_2_tors,447902.a2,ISOGENY_ONLY,BASE_ADDED_AFTER_TWIST_FILE_LAST_CHANGED,72867942accf94b9513857a2c0bae3895af8e9bc
448058a1,Zha16_no_2_tors,448058.a2,ISOGENY_ONLY,BASE_ADDED_AFTER_TWIST_FILE_LAST_CHANGED,72867942accf94b9513857a2c0bae3895af8e9bc
448286d1,Zha16_no_2_tors,448286.d2,ISOGENY_ONLY,BASE_ADDED_AFTER_TWIST_FILE_LAST_CHANGED,72867942accf94b9513857a2c0bae3895af8e9bc
449293a1,Zha16_no_2_tors,449293.a2,ISOGENY_ONLY,BASE_ADDED_AFTER_TWIST_FILE_LAST_CHANGED,72867942accf94b9513857a2c0bae3895af8e9bc
449834o1,Zha16_no_2_tors,449834.o2,ISOGENY_ONLY,BASE_ADDED_AFTER_TWIST_FILE_LAST_CHANGED,72867942accf94b9513857a2c0bae3895af8e9bc
449998a1,Zha16_no_2_tors,449998.a2,ISOGENY_ONLY,BASE_ADDED_AFTER_TWIST_FILE_LAST_CHANGED,72867942accf94b9513857a2c0bae3895af8e9bc
450357a1,Zha16_no_2_tors,450357.a2,ISOGENY_ONLY,BASE_ADDED_AFTER_TWIST_FILE_LAST_CHANGED,72867942accf94b9513857a2c0bae3895af8e9bc
450427a1,Zha16_no_2_tors,450427.a2,ISOGENY_ONLY,BASE_ADDED_AFTER_TWIST_FILE_LAST_CHANGED,72867942accf94b9513857a2c0bae3895af8e9bc
450499a1,Zha16_no_2_tors,450499.a2,ISOGENY_ONLY,BASE_ADDED_AFTER_TWIST_FILE_LAST_CHANGED,72867942accf94b9513857a2c0bae3895af8e9bc
451234b1,Zha16_no_2_tors,451234.b2,ISOGENY_ONLY,BASE_ADDED_AFTER_TWIST_FILE_LAST_CHANGED,72867942accf94b9513857a2c0bae3895af8e9bc
452570d1,Zha16_no_2_tors,452570.d2,ISOGENY_ONLY,BASE_ADDED_AFTER_TWIST_FILE_LAST_CHANGED,72867942accf94b9513857a2c0bae3895af8e9bc
453854e1,Zha16_no_2_tors,453854.e2,ISOGENY_ONLY,BASE_ADDED_AFTER_TWIST_FILE_LAST_CHANGED,72867942accf94b9513857a2c0bae3895af8e9bc
454195a1,Zha16_no_2_tors,454195.a2,ISOGENY_ONLY,BASE_ADDED_AFTER_TWIST_FILE_LAST_CHANGED,72867942accf94b9513857a2c0bae3895af8e9bc
454322a1,Zha16_no_2_tors,454322.a2,ISOGENY_ONLY,BASE_ADDED_AFTER_TWIST_FILE_LAST_CHANGED,72867942accf94b9513857a2c0bae3895af8e9bc
454526a1,Zha16_no_2_tors,454526.a1,ISOGENY_ONLY,BASE_ADDED_AFTER_TWIST_FILE_LAST_CHANGED,72867942accf94b9513857a2c0bae3895af8e9bc
454790b1,Zha16_no_2_tors,454790.b2,ISOGENY_ONLY,BASE_ADDED_AFTER_TWIST_FILE_LAST_CHANGED,72867942accf94b9513857a2c0bae3895af8e9bc
454811a1,Zha16_no_2_tors,454811.a2,ISOGENY_ONLY,BASE_ADDED_AFTER_TWIST_FILE_LAST_CHANGED,72867942accf94b9513857a2c0bae3895af8e9bc
455690c1,Zha16_no_2_tors,455690.c1,ISOGENY_ONLY,BASE_ADDED_AFTER_TWIST_FILE_LAST_CHANGED,72867942accf94b9513857a2c0bae3895af8e9bc
455734d1,Zha16_no_2_tors,455734.d2,ISOGENY_ONLY,BASE_ADDED_AFTER_TWIST_FILE_LAST_CHANGED,72867942accf94b9513857a2c0bae3895af8e9bc
455917b1,Zha16_no_2_tors,455917.b2,ISOGENY_ONLY,BASE_ADDED_AFTER_TWIST_FILE_LAST_CHANGED,72867942accf94b9513857a2c0bae3895af8e9bc
456086e1,Zha16_no_2_tors,456086.e1,ISOGENY_ONLY,BASE_ADDED_AFTER_TWIST_FILE_LAST_CHANGED,72867942accf94b9513857a2c0bae3895af8e9bc
457765n1,Zha16_no_2_tors,457765.n2,ISOGENY_ONLY,BASE_ADDED_AFTER_TWIST_FILE_LAST_CHANGED,72867942accf94b9513857a2c0bae3895af8e9bc
458083a1,Zha16_no_2_tors,458083.a1,ISOGENY_ONLY,BASE_ADDED_AFTER_TWIST_FILE_LAST_CHANGED,72867942accf94b9513857a2c0bae3895af8e9bc
459062a1,Zha16_no_2_tors,459062.a2,ISOGENY_ONLY,BASE_ADDED_AFTER_TWIST_FILE_LAST_CHANGED,72867942accf94b9513857a2c0bae3895af8e9bc
461906g1,Zha16_no_2_tors,461906.g2,ISOGENY_ONLY,BASE_ADDED_AFTER_TWIST_FILE_LAST_CHANGED,72867942accf94b9513857a2c0bae3895af8e9bc
462914a1,Zha16_no_2_tors,462914.a1,ISOGENY_ONLY,BASE_ADDED_AFTER_TWIST_FILE_LAST_CHANGED,72867942accf94b9513857a2c0bae3895af8e9bc
463493a1,Zha16_no_2_tors,463493.a2,ISOGENY_ONLY,BASE_ADDED_AFTER_TWIST_FILE_LAST_CHANGED,72867942accf94b9513857a2c0bae3895af8e9bc
464470d1,Zha16_no_2_tors,464470.d2,ISOGENY_ONLY,BASE_ADDED_AFTER_TWIST_FILE_LAST_CHANGED,72867942accf94b9513857a2c0bae3895af8e9bc
465386d1,Zha16_no_2_tors,465386.d1,ISOGENY_ONLY,BASE_ADDED_AFTER_TWIST_FILE_LAST_CHANGED,72867942accf94b9513857a2c0bae3895af8e9bc
467258b1,Zha16_no_2_tors,467258.b2,ISOGENY_ONLY,BASE_ADDED_AFTER_TWIST_FILE_LAST_CHANGED,72867942accf94b9513857a2c0bae3895af8e9bc
467390h1,Zha16_no_2_tors,467390.h1,ISOGENY_ONLY,BASE_ADDED_AFTER_TWIST_FILE_LAST_CHANGED,72867942accf94b9513857a2c0bae3895af8e9bc
467974a1,Zha16_no_2_tors,467974.a2,ISOGENY_ONLY,BASE_ADDED_AFTER_TWIST_FILE_LAST_CHANGED,72867942accf94b9513857a2c0bae3895af8e9bc
467998a1,Zha16_no_2_tors,467998.a1,ISOGENY_ONLY,BASE_ADDED_AFTER_TWIST_FILE_LAST_CHANGED,72867942accf94b9513857a2c0bae3895af8e9bc
468358d1,Zha16_no_2_tors,468358.d2,ISOGENY_ONLY,BASE_ADDED_AFTER_TWIST_FILE_LAST_CHANGED,72867942accf94b9513857a2c0bae3895af8e9bc
468410d1,Zha16_no_2_tors,468410.d2,ISOGENY_ONLY,BASE_ADDED_AFTER_TWIST_FILE_LAST_CHANGED,72867942accf94b9513857a2c0bae3895af8e9bc
468890c1,Zha16_no_2_tors,468890.c2,ISOGENY_ONLY,BASE_ADDED_AFTER_TWIST_FILE_LAST_CHANGED,72867942accf94b9513857a2c0bae3895af8e9bc
469931a1,Zha16_no_2_tors,469931.a2,ISOGENY_ONLY,BASE_ADDED_AFTER_TWIST_FILE_LAST_CHANGED,72867942accf94b9513857a2c0bae3895af8e9bc
470698c1,Zha16_no_2_tors,470698.c2,ISOGENY_ONLY,BASE_ADDED_AFTER_TWIST_FILE_LAST_CHANGED,72867942accf94b9513857a2c0bae3895af8e9bc
471746d1,Zha16_no_2_tors,471746.d2,ISOGENY_ONLY,BASE_ADDED_AFTER_TWIST_FILE_LAST_CHANGED,72867942accf94b9513857a2c0bae3895af8e9bc
472310c1,Zha16_no_2_tors,472310.c2,ISOGENY_ONLY,BASE_ADDED_AFTER_TWIST_FILE_LAST_CHANGED,72867942accf94b9513857a2c0bae3895af8e9bc
473106d1,Zha16_no_2_tors,473106.d1,ISOGENY_ONLY,BASE_ADDED_AFTER_TWIST_FILE_LAST_CHANGED,72867942accf94b9513857a2c0bae3895af8e9bc
473330p1,Zha16_no_2_tors,473330.p1,ISOGENY_ONLY,BASE_ADDED_AFTER_TWIST_FILE_LAST_CHANGED,72867942accf94b9513857a2c0bae3895af8e9bc
473795b1,Zha16_no_2_tors,473795.b2,ISOGENY_ONLY,BASE_ADDED_AFTER_TWIST_FILE_LAST_CHANGED,72867942accf94b9513857a2c0bae3895af8e9bc
475115b1,Zha16_no_2_tors,475115.b1,ISOGENY_ONLY,BASE_ADDED_AFTER_TWIST_FILE_LAST_CHANGED,72867942accf94b9513857a2c0bae3895af8e9bc
475678b1,Zha16_no_2_tors,475678.b1,ISOGENY_ONLY,BASE_ADDED_AFTER_TWIST_FILE_LAST_CHANGED,72867942accf94b9513857a2c0bae3895af8e9bc
475931a1,Zha16_no_2_tors,475931.a2,ISOGENY_ONLY,BASE_ADDED_AFTER_TWIST_FILE_LAST_CHANGED,72867942accf94b9513857a2c0bae3895af8e9bc
476210c1,Zha16_no_2_tors,476210.c1,ISOGENY_ONLY,BASE_ADDED_AFTER_TWIST_FILE_LAST_CHANGED,72867942accf94b9513857a2c0bae3895af8e9bc
476486b1,Zha16_no_2_tors,476486.b2,ISOGENY_ONLY,BASE_ADDED_AFTER_TWIST_FILE_LAST_CHANGED,72867942accf94b9513857a2c0bae3895af8e9bc
476630y1,Zha16_no_2_tors,476630.y1,ISOGENY_ONLY,BASE_ADDED_AFTER_TWIST_FILE_LAST_CHANGED,72867942accf94b9513857a2c0bae3895af8e9bc
476762d1,Zha16_no_2_tors,476762.d1,ISOGENY_ONLY,BASE_ADDED_AFTER_TWIST_FILE_LAST_CHANGED,72867942accf94b9513857a2c0bae3895af8e9bc
476882e1,Zha16_no_2_tors,476882.e2,ISOGENY_ONLY,BASE_ADDED_AFTER_TWIST_FILE_LAST_CHANGED,72867942accf94b9513857a2c0bae3895af8e9bc
477421b1,Zha16_no_2_tors,477421.b3,ISOGENY_ONLY,BASE_ADDED_AFTER_TWIST_FILE_LAST_CHANGED,72867942accf94b9513857a2c0bae3895af8e9bc
477923a1,Zha16_no_2_tors,477923.a2,ISOGENY_ONLY,BASE_ADDED_AFTER_TWIST_FILE_LAST_CHANGED,72867942accf94b9513857a2c0bae3895af8e9bc
478058b1,Zha16_no_2_tors,478058.b1,ISOGENY_ONLY,BASE_ADDED_AFTER_TWIST_FILE_LAST_CHANGED,72867942accf94b9513857a2c0bae3895af8e9bc
478195a1,Zha16_no_2_tors,478195.a1,ISOGENY_ONLY,BASE_ADDED_AFTER_TWIST_FILE_LAST_CHANGED,72867942accf94b9513857a2c0bae3895af8e9bc
478234a1,Zha16_no_2_tors,478234.a2,ISOGENY_ONLY,BASE_ADDED_AFTER_TWIST_FILE_LAST_CHANGED,72867942accf94b9513857a2c0bae3895af8e9bc
478667a1,Zha16_no_2_tors,478667.a1,ISOGENY_ONLY,BASE_ADDED_AFTER_TWIST_FILE_LAST_CHANGED,72867942accf94b9513857a2c0bae3895af8e9bc
479258b1,Zha16_no_2_tors,479258.b1,ISOGENY_ONLY,BASE_ADDED_AFTER_TWIST_FILE_LAST_CHANGED,72867942accf94b9513857a2c0bae3895af8e9bc
480470a1,Zha16_no_2_tors,480470.a2,ISOGENY_ONLY,BASE_ADDED_AFTER_TWIST_FILE_LAST_CHANGED,72867942accf94b9513857a2c0bae3895af8e9bc
480662f1,Zha16_no_2_tors,480662.f3,ISOGENY_ONLY,BASE_ADDED_AFTER_TWIST_FILE_LAST_CHANGED,72867942accf94b9513857a2c0bae3895af8e9bc
481070c1,Zha16_no_2_tors,481070.c1,ISOGENY_ONLY,BASE_ADDED_AFTER_TWIST_FILE_LAST_CHANGED,72867942accf94b9513857a2c0bae3895af8e9bc
482042a1,Zha16_no_2_tors,482042.a2,ISOGENY_ONLY,BASE_ADDED_AFTER_TWIST_FILE_LAST_CHANGED,72867942accf94b9513857a2c0bae3895af8e9bc
482270f1,Zha16_no_2_tors,482270.f1,ISOGENY_ONLY,BASE_ADDED_AFTER_TWIST_FILE_LAST_CHANGED,72867942accf94b9513857a2c0bae3895af8e9bc
483770a1,Zha16_no_2_tors,483770.a1,ISOGENY_ONLY,BASE_ADDED_AFTER_TWIST_FILE_LAST_CHANGED,72867942accf94b9513857a2c0bae3895af8e9bc
484382c1,Zha16_no_2_tors,484382.c2,ISOGENY_ONLY,BASE_ADDED_AFTER_TWIST_FILE_LAST_CHANGED,72867942accf94b9513857a2c0bae3895af8e9bc
484930b1,Zha16_no_2_tors,484930.b1,ISOGENY_ONLY,BASE_ADDED_AFTER_TWIST_FILE_LAST_CHANGED,72867942accf94b9513857a2c0bae3895af8e9bc
485254a1,Zha16_no_2_tors,485254.a2,ISOGENY_ONLY,BASE_ADDED_AFTER_TWIST_FILE_LAST_CHANGED,72867942accf94b9513857a2c0bae3895af8e9bc
485771c1,Zha16_no_2_tors,485771.c3,ISOGENY_ONLY,BASE_ADDED_AFTER_TWIST_FILE_LAST_CHANGED,72867942accf94b9513857a2c0bae3895af8e9bc
486082a1,Zha16_no_2_tors,486082.a2,ISOGENY_ONLY,BASE_ADDED_AFTER_TWIST_FILE_LAST_CHANGED,72867942accf94b9513857a2c0bae3895af8e9bc
486115d1,Zha16_no_2_tors,486115.d1,ISOGENY_ONLY,BASE_ADDED_AFTER_TWIST_FILE_LAST_CHANGED,72867942accf94b9513857a2c0bae3895af8e9bc
486434g1,Zha16_no_2_tors,486434.g2,ISOGENY_ONLY,BASE_ADDED_AFTER_TWIST_FILE_LAST_CHANGED,72867942accf94b9513857a2c0bae3895af8e9bc
486910i1,Zha16_no_2_tors,486910.i2,ISOGENY_ONLY,BASE_ADDED_AFTER_TWIST_FILE_LAST_CHANGED,72867942accf94b9513857a2c0bae3895af8e9bc
489638a1,Zha16_no_2_tors,489638.a2,ISOGENY_ONLY,BASE_ADDED_AFTER_TWIST_FILE_LAST_CHANGED,72867942accf94b9513857a2c0bae3895af8e9bc
489955c1,Zha16_no_2_tors,489955.c2,ISOGENY_ONLY,BASE_ADDED_AFTER_TWIST_FILE_LAST_CHANGED,72867942accf94b9513857a2c0bae3895af8e9bc
490222b1,Zha16_no_2_tors,490222.b2,ISOGENY_ONLY,BASE_ADDED_AFTER_TWIST_FILE_LAST_CHANGED,72867942accf94b9513857a2c0bae3895af8e9bc
490613a1,Zha16_no_2_tors,490613.a2,ISOGENY_ONLY,BASE_ADDED_AFTER_TWIST_FILE_LAST_CHANGED,72867942accf94b9513857a2c0bae3895af8e9bc
490738b1,Zha16_no_2_tors,490738.b1,ISOGENY_ONLY,BASE_ADDED_AFTER_TWIST_FILE_LAST_CHANGED,72867942accf94b9513857a2c0bae3895af8e9bc
490934g1,Zha16_no_2_tors,490934.g2,ISOGENY_ONLY,BASE_ADDED_AFTER_TWIST_FILE_LAST_CHANGED,72867942accf94b9513857a2c0bae3895af8e9bc
492590c1,Zha16_no_2_tors,492590.c2,ISOGENY_ONLY,BASE_ADDED_AFTER_TWIST_FILE_LAST_CHANGED,72867942accf94b9513857a2c0bae3895af8e9bc
492830j1,Zha16_no_2_tors,492830.j2,ISOGENY_ONLY,BASE_ADDED_AFTER_TWIST_FILE_LAST_CHANGED,72867942accf94b9513857a2c0bae3895af8e9bc
492898j1,Zha16_no_2_tors,492898.j3,ISOGENY_ONLY,BASE_ADDED_AFTER_TWIST_FILE_LAST_CHANGED,72867942accf94b9513857a2c0bae3895af8e9bc
493870d1,Zha16_no_2_tors,493870.d1,ISOGENY_ONLY,BASE_ADDED_AFTER_TWIST_FILE_LAST_CHANGED,72867942accf94b9513857a2c0bae3895af8e9bc
494221c1,Zha16_no_2_tors,494221.c3,ISOGENY_ONLY,BASE_ADDED_AFTER_TWIST_FILE_LAST_CHANGED,72867942accf94b9513857a2c0bae3895af8e9bc
494426a1,Zha16_no_2_tors,494426.a1,ISOGENY_ONLY,BASE_ADDED_AFTER_TWIST_FILE_LAST_CHANGED,72867942accf94b9513857a2c0bae3895af8e9bc
494515c1,Zha16_no_2_tors,494515.c1,ISOGENY_ONLY,BASE_ADDED_AFTER_TWIST_FILE_LAST_CHANGED,72867942accf94b9513857a2c0bae3895af8e9bc
495098a1,Zha16_no_2_tors,495098.a1,ISOGENY_ONLY,BASE_ADDED_AFTER_TWIST_FILE_LAST_CHANGED,72867942accf94b9513857a2c0bae3895af8e9bc
496090a1,Zha16_no_2_tors,496090.a1,ISOGENY_ONLY,BASE_ADDED_AFTER_TWIST_FILE_LAST_CHANGED,72867942accf94b9513857a2c0bae3895af8e9bc
497510b1,Zha16_no_2_tors,497510.b1,ISOGENY_ONLY,BASE_ADDED_AFTER_TWIST_FILE_LAST_CHANGED,72867942accf94b9513857a2c0bae3895af8e9bc
497674c1,Zha16_no_2_tors,497674.c1,ISOGENY_ONLY,BASE_ADDED_AFTER_TWIST_FILE_LAST_CHANGED,72867942accf94b9513857a2c0bae3895af8e9bc
499358e1,Zha16_no_2_tors,499358.e2,ISOGENY_ONLY,BASE_ADDED_AFTER_TWIST_FILE_LAST_CHANGED,72867942accf94b9513857a2c0bae3895af8e9bc
499843a1,Zha16_no_2_tors,499843.a1,ISOGENY_ONLY,BASE_ADDED_AFTER_TWIST_FILE_LAST_CHANGED,72867942accf94b9513857a2c0bae3895af8e9bc
